x,y,rainfall_fr,earthquake_fr,slope_fr,elevation_fr,distance_drainage_fr,tri_fr,geomorphology_fr,geology_fr,soil_fr,gravity_anomaly_fr,distance_faults_fr,sti_fr,twi_fr,spi_fr,distance_roads_fr,lulc_fr,ndvi_fr
491535.0,2698785.0,0.0,1.0399551336347244,0.8052262877203168,1.0118405566155853,0.6537459580982762,1.0002565808949655,0.8093391753830542,1.0000394453204269,0.8359572766454578,0.0,0.9838591860296272,0.7500965606764758,1.3529120537456203,0.8493735326902911,1.00033995882866,0.2823101738713379,0.469066379600821
495135.0,2698785.0,0.0,1.0399551336347244,1.41919570500929,1.0118405566155853,0.1811219408570024,1.0002565808949655,1.186338422444426,1.0000394453204269,1.044665284822479,0.0,0.9838591860296272,0.7500965606764758,0.7503490707331599,0.8493735326902911,1.00033995882866,0.2823101738713379,0.469066379600821
497535.0,2698785.0,0.0,1.0399551336347244,0.9292850742314346,1.0118405566155853,0.0,1.0002565808949655,1.186338422444426,1.0000394453204269,1.044665284822479,0.0,0.9838591860296272,1.7444769311303143,1.3529120537456203,0.8493735326902911,1.00033995882866,0.2823101738713379,0.469066379600821
498735.0,2698785.0,0.0,1.0399551336347244,0.8052262877203168,1.0118405566155853,0.1811219408570024,1.0002565808949655,1.186338422444426,1.0000394453204269,1.044665284822479,0.0,0.9838591860296272,1.198102807372512,1.3529120537456203,0.0,1.00033995882866,0.2823101738713379,0.469066379600821
499935.0,2698785.0,0.0,1.0399551336347244,1.41919570500929,1.0118405566155853,0.1811219408570024,1.0002565808949655,0.8093391753830542,1.0000394453204269,1.044665284822479,0.0,0.9838591860296272,0.7500965606764758,0.7503490707331599,0.8493735326902911,1.00033995882866,0.2823101738713379,0.469066379600821
489135.0,2697585.0,0.0,1.0399551336347244,0.8052262877203168,1.0118405566155853,0.7386828595768657,1.0002565808949655,1.186338422444426,1.0000394453204269,0.8359572766454578,0.0,0.9838591860296272,1.198102807372512,1.3529120537456203,3.643673812226212,1.00033995882866,0.2823101738713379,0.469066379600821
490335.0,2697585.0,0.0,1.0399551336347244,0.9292850742314346,1.0118405566155853,3.1494459396812817,1.0002565808949655,1.186338422444426,1.0000394453204269,0.8359572766454578,0.0,0.9838591860296272,0.7500965606764758,1.3529120537456203,0.8493735326902911,1.00033995882866,0.2823101738713379,0.469066379600821
491535.0,2697585.0,0.0,1.0399551336347244,0.9292850742314346,1.0118405566155853,0.7386828595768657,1.0002565808949655,1.186338422444426,1.0000394453204269,0.8359572766454578,0.0,0.9838591860296272,0.7500965606764758,0.7503490707331599,0.8493735326902911,1.00033995882866,0.2823101738713379,0.469066379600821
492735.0,2697585.0,0.0,1.0399551336347244,1.41919570500929,1.0118405566155853,0.6537459580982762,1.0002565808949655,0.8093391753830542,1.0000394453204269,0.8359572766454578,0.0,0.9838591860296272,0.7500965606764758,0.7503490707331599,0.8493735326902911,1.00033995882866,0.2823101738713379,0.469066379600821
493935.0,2697585.0,0.0,1.0399551336347244,0.9292850742314346,1.0118405566155853,0.6537459580982762,1.0002565808949655,0.8093391753830542,1.0000394453204269,0.8359572766454578,0.0,0.9838591860296272,1.198102807372512,1.3529120537456203,0.8493735326902911,1.00033995882866,0.2823101738713379,0.469066379600821
495135.0,2697585.0,0.0,1.0399551336347244,1.41919570500929,1.0118405566155853,0.6537459580982762,1.0002565808949655,1.186338422444426,1.0000394453204269,1.044665284822479,0.0,0.9838591860296272,0.0,1.3529120537456203,0.8493735326902911,1.00033995882866,0.2823101738713379,0.469066379600821
496335.0,2697585.0,0.0,1.0399551336347244,0.9292850742314346,1.0118405566155853,3.1494459396812817,1.0002565808949655,0.8093391753830542,1.0000394453204269,1.044665284822479,0.0,0.9838591860296272,0.7500965606764758,1.3529120537456203,0.8493735326902911,1.00033995882866,0.2823101738713379,0.469066379600821
497535.0,2697585.0,0.0,1.0399551336347244,0.9292850742314346,1.0118405566155853,3.1494459396812817,1.0002565808949655,0.8093391753830542,1.0000394453204269,1.044665284822479,0.0,0.9838591860296272,1.198102807372512,0.7503490707331599,0.8493735326902911,1.00033995882866,0.2823101738713379,0.469066379600821
498735.0,2697585.0,0.0,1.0399551336347244,0.9292850742314346,1.0118405566155853,3.1494459396812817,1.0002565808949655,1.186338422444426,1.0000394453204269,1.044665284822479,0.0,0.9838591860296272,0.7500965606764758,1.3529120537456203,0.8493735326902911,1.00033995882866,0.2823101738713379,0.469066379600821
499935.0,2697585.0,0.0,1.0399551336347244,1.41919570500929,1.0118405566155853,0.1811219408570024,1.0002565808949655,1.186338422444426,1.0000394453204269,1.044665284822479,0.0,0.9838591860296272,0.7500965606764758,0.7503490707331599,0.8493735326902911,1.00033995882866,0.2823101738713379,0.469066379600821
501135.0,2697585.0,0.0,1.0399551336347244,0.8052262877203168,1.0118405566155853,0.1811219408570024,1.0002565808949655,1.186338422444426,1.0000394453204269,1.044665284822479,0.0,0.9838591860296272,1.198102807372512,1.3529120537456203,3.643673812226212,1.00033995882866,0.2823101738713379,0.469066379600821
490335.0,2696385.0,0.0,1.0399551336347244,1.41919570500929,1.0118405566155853,0.1811219408570024,1.0002565808949655,1.186338422444426,1.0000394453204269,0.8359572766454578,1.9999973878335735,0.9838591860296272,1.7444769311303143,1.3529120537456203,0.8493735326902911,1.00033995882866,0.2823101738713379,0.469066379600821
491535.0,2696385.0,0.0,1.0399551336347244,0.8052262877203168,1.0118405566155853,0.1811219408570024,1.0002565808949655,0.8093391753830542,1.0000394453204269,0.8359572766454578,0.0,0.9838591860296272,1.198102807372512,1.3529120537456203,0.8493735326902911,1.00033995882866,0.2823101738713379,0.469066379600821
492735.0,2696385.0,0.0,1.0399551336347244,0.9292850742314346,1.0118405566155853,0.1811219408570024,1.0002565808949655,0.8093391753830542,1.0000394453204269,0.8359572766454578,0.0,0.9838591860296272,1.198102807372512,1.3529120537456203,0.8493735326902911,1.00033995882866,0.2823101738713379,0.469066379600821
493935.0,2696385.0,0.0,1.0399551336347244,0.8052262877203168,1.0118405566155853,3.1494459396812817,1.0002565808949655,0.8093391753830542,1.0000394453204269,0.8359572766454578,0.0,0.9838591860296272,1.2466998513365868,1.3529120537456203,0.0,1.00033995882866,0.2823101738713379,0.469066379600821
495135.0,2696385.0,0.0,1.0399551336347244,0.8052262877203168,1.0118405566155853,3.1494459396812817,1.0002565808949655,1.186338422444426,1.0000394453204269,0.8359572766454578,0.0,0.9838591860296272,1.198102807372512,1.3529120537456203,0.8493735326902911,1.00033995882866,0.2823101738713379,0.469066379600821
496335.0,2696385.0,0.0,1.0399551336347244,0.9292850742314346,1.0118405566155853,0.1811219408570024,1.0002565808949655,0.8093391753830542,1.0000394453204269,1.044665284822479,0.0,0.9838591860296272,1.198102807372512,0.7503490707331599,0.8493735326902911,1.00033995882866,0.2823101738713379,0.469066379600821
497535.0,2696385.0,0.0,1.0399551336347244,0.8052262877203168,1.0118405566155853,0.1811219408570024,1.0002565808949655,0.8093391753830542,1.0000394453204269,1.044665284822479,0.0,0.9838591860296272,0.7500965606764758,1.3529120537456203,0.8493735326902911,1.00033995882866,0.2823101738713379,0.469066379600821
498735.0,2696385.0,0.0,1.0399551336347244,1.41919570500929,1.0118405566155853,0.1811219408570024,1.0002565808949655,0.8093391753830542,1.0000394453204269,1.044665284822479,0.0,0.9838591860296272,1.7444769311303143,0.7503490707331599,0.8493735326902911,1.00033995882866,0.2823101738713379,0.469066379600821
499935.0,2696385.0,0.0,1.0399551336347244,0.8052262877203168,1.0118405566155853,0.6537459580982762,1.0002565808949655,0.8093391753830542,1.0000394453204269,1.044665284822479,0.0,0.9838591860296272,0.0,0.0,0.8493735326902911,1.00033995882866,0.2823101738713379,0.469066379600821
501135.0,2696385.0,0.0,1.0399551336347244,0.8052262877203168,1.0118405566155853,0.6537459580982762,1.0002565808949655,0.8093391753830542,1.0000394453204269,1.044665284822479,0.0,0.9838591860296272,1.7444769311303143,1.3529120537456203,0.8493735326902911,1.00033995882866,0.2823101738713379,0.469066379600821
489135.0,2695185.0,0.0,1.0399551336347244,0.8052262877203168,1.0118405566155853,0.7386828595768657,1.0002565808949655,0.8093391753830542,1.0000394453204269,0.8359572766454578,1.9999973878335735,0.9838591860296272,1.7444769311303143,0.0,0.8493735326902911,1.00033995882866,0.2823101738713379,0.469066379600821
490335.0,2695185.0,0.0,1.0399551336347244,1.41919570500929,1.0118405566155853,0.1811219408570024,1.0002565808949655,0.8093391753830542,1.0000394453204269,0.8359572766454578,1.9999973878335735,0.9838591860296272,0.7500965606764758,0.7503490707331599,0.8493735326902911,1.00033995882866,0.2823101738713379,0.469066379600821
491535.0,2695185.0,0.0,1.0399551336347244,0.9292850742314346,1.0118405566155853,0.6537459580982762,1.0002565808949655,1.186338422444426,1.0000394453204269,0.8359572766454578,0.0,0.9838591860296272,0.7500965606764758,1.3529120537456203,0.8493735326902911,1.00033995882866,0.2823101738713379,0.469066379600821
492735.0,2695185.0,0.0,1.0399551336347244,0.9292850742314346,1.0118405566155853,0.7386828595768657,1.0002565808949655,0.8093391753830542,1.0000394453204269,0.8359572766454578,0.0,0.9838591860296272,1.198102807372512,1.3529120537456203,0.8493735326902911,1.00033995882866,0.2823101738713379,0.469066379600821
493935.0,2695185.0,0.0,1.0399551336347244,0.9292850742314346,1.0118405566155853,3.1494459396812817,1.0002565808949655,0.8093391753830542,1.0000394453204269,0.8359572766454578,0.0,0.9838591860296272,0.7500965606764758,1.3529120537456203,0.8493735326902911,1.00033995882866,0.2823101738713379,0.469066379600821
495135.0,2695185.0,0.0,1.0399551336347244,0.9292850742314346,1.0118405566155853,0.1811219408570024,1.0002565808949655,1.186338422444426,1.0000394453204269,1.044665284822479,0.0,0.9838591860296272,1.198102807372512,1.3529120537456203,0.8493735326902911,1.00033995882866,0.2823101738713379,0.469066379600821
496335.0,2695185.0,0.0,1.0399551336347244,1.41919570500929,1.0118405566155853,0.7386828595768657,1.0002565808949655,0.8093391753830542,1.0000394453204269,1.044665284822479,0.0,0.9838591860296272,1.7444769311303143,1.3529120537456203,0.8493735326902911,1.00033995882866,0.2823101738713379,0.469066379600821
497535.0,2695185.0,0.0,1.0399551336347244,0.8052262877203168,1.0118405566155853,3.1494459396812817,1.0002565808949655,0.8093391753830542,1.0000394453204269,1.044665284822479,0.0,0.9838591860296272,1.198102807372512,1.3529120537456203,0.0,1.00033995882866,0.2823101738713379,0.469066379600821
498735.0,2695185.0,0.0,1.0399551336347244,0.9292850742314346,1.0118405566155853,0.1811219408570024,1.0002565808949655,1.186338422444426,1.0000394453204269,1.044665284822479,0.0,0.9838591860296272,0.7500965606764758,1.3529120537456203,0.8493735326902911,1.00033995882866,0.2823101738713379,0.469066379600821
499935.0,2695185.0,0.0,1.0399551336347244,0.9292850742314346,1.0118405566155853,3.1494459396812817,1.0002565808949655,0.8093391753830542,1.0000394453204269,1.044665284822479,0.0,0.9838591860296272,0.7500965606764758,1.3529120537456203,0.8493735326902911,1.00033995882866,0.2823101738713379,0.469066379600821
501135.0,2695185.0,0.0,1.0399551336347244,0.9292850742314346,1.0118405566155853,3.1494459396812817,1.0002565808949655,1.186338422444426,1.0000394453204269,1.044665284822479,0.0,0.9838591860296272,1.198102807372512,1.3529120537456203,0.8493735326902911,1.00033995882866,0.2823101738713379,0.469066379600821
489135.0,2693985.0,0.0,1.0399551336347244,0.8052262877203168,1.0118405566155853,0.1811219408570024,1.0002565808949655,0.8093391753830542,1.0000394453204269,0.8359572766454578,1.9999973878335735,0.9838591860296272,1.198102807372512,1.3529120537456203,3.643673812226212,1.00033995882866,0.0,0.469066379600821
490335.0,2693985.0,0.0,1.0399551336347244,0.9292850742314346,1.0118405566155853,0.1811219408570024,1.0002565808949655,0.8093391753830542,1.0000394453204269,0.8359572766454578,0.0,0.9838591860296272,1.7444769311303143,1.3529120537456203,0.8493735326902911,1.00033995882866,0.2823101738713379,0.469066379600821
491535.0,2693985.0,0.0,1.0399551336347244,0.9292850742314346,1.0118405566155853,0.7386828595768657,1.0002565808949655,1.186338422444426,1.0000394453204269,0.8359572766454578,0.0,0.9838591860296272,0.7500965606764758,1.3529120537456203,0.8493735326902911,1.00033995882866,0.2823101738713379,0.469066379600821
492735.0,2693985.0,0.0,1.0399551336347244,0.8052262877203168,1.0118405566155853,0.1811219408570024,1.0002565808949655,0.8093391753830542,1.0000394453204269,0.8359572766454578,0.0,0.9838591860296272,0.0,0.0,0.8493735326902911,1.00033995882866,0.2823101738713379,0.469066379600821
493935.0,2693985.0,0.0,1.0399551336347244,0.9292850742314346,1.0118405566155853,0.1811219408570024,1.0002565808949655,0.8093391753830542,1.0000394453204269,0.8359572766454578,0.0,0.9838591860296272,1.198102807372512,0.7503490707331599,0.8493735326902911,1.00033995882866,0.2823101738713379,0.469066379600821
495135.0,2693985.0,0.0,1.0399551336347244,0.9292850742314346,1.0118405566155853,0.6537459580982762,1.0002565808949655,0.8093391753830542,1.0000394453204269,1.044665284822479,0.0,0.9838591860296272,0.0,0.0,0.8493735326902911,1.00033995882866,0.2823101738713379,0.469066379600821
496335.0,2693985.0,0.0,1.0399551336347244,1.41919570500929,1.0118405566155853,0.6537459580982762,1.0002565808949655,0.8093391753830542,1.0000394453204269,1.044665284822479,0.0,0.9838591860296272,0.7500965606764758,0.7503490707331599,0.8493735326902911,1.00033995882866,0.2823101738713379,0.469066379600821
497535.0,2693985.0,0.0,1.0399551336347244,0.9292850742314346,1.0118405566155853,0.1811219408570024,1.0002565808949655,0.8093391753830542,1.0000394453204269,1.044665284822479,0.0,0.9838591860296272,1.198102807372512,1.3529120537456203,0.8493735326902911,1.00033995882866,0.2823101738713379,0.469066379600821
498735.0,2693985.0,0.0,1.0399551336347244,0.9292850742314346,1.0118405566155853,0.1811219408570024,1.0002565808949655,1.186338422444426,1.0000394453204269,1.044665284822479,0.0,0.9838591860296272,0.7500965606764758,1.3529120537456203,0.8493735326902911,1.00033995882866,0.2823101738713379,0.469066379600821
499935.0,2693985.0,0.0,1.0399551336347244,0.8052262877203168,1.0118405566155853,3.1494459396812817,1.0002565808949655,0.8093391753830542,1.0000394453204269,1.044665284822479,0.0,0.9838591860296272,1.2466998513365868,1.3529120537456203,0.0,1.00033995882866,0.2823101738713379,0.469066379600821
501135.0,2693985.0,0.0,1.0399551336347244,0.9292850742314346,1.0118405566155853,3.1494459396812817,1.0002565808949655,0.8093391753830542,1.0000394453204269,1.044665284822479,0.0,0.9838591860296272,0.7500965606764758,1.3529120537456203,0.8493735326902911,1.00033995882866,0.2823101738713379,0.469066379600821
489135.0,2692785.0,0.0,1.0399551336347244,0.9292850742314346,1.0118405566155853,0.1811219408570024,1.0002565808949655,1.186338422444426,1.0000394453204269,0.8359572766454578,0.0,0.9838591860296272,1.198102807372512,0.7503490707331599,3.643673812226212,1.00033995882866,0.2823101738713379,0.469066379600821
490335.0,2692785.0,0.0,1.0399551336347244,1.41919570500929,1.0118405566155853,0.7386828595768657,1.0002565808949655,1.186338422444426,1.0000394453204269,0.8359572766454578,0.0,0.9838591860296272,1.7444769311303143,1.3529120537456203,0.8493735326902911,1.00033995882866,0.2823101738713379,0.469066379600821
491535.0,2692785.0,0.0,1.0399551336347244,0.8052262877203168,1.0118405566155853,0.6537459580982762,1.0002565808949655,0.8093391753830542,1.0000394453204269,0.8359572766454578,0.0,0.9838591860296272,1.198102807372512,1.3529120537456203,3.643673812226212,1.00033995882866,0.2823101738713379,0.469066379600821
492735.0,2692785.0,0.0,1.0399551336347244,0.9292850742314346,1.0118405566155853,0.1811219408570024,1.0002565808949655,0.8093391753830542,1.0000394453204269,0.8359572766454578,0.0,0.9838591860296272,0.0,0.0,0.8493735326902911,1.00033995882866,0.2823101738713379,0.469066379600821
493935.0,2692785.0,0.0,1.0399551336347244,0.9292850742314346,1.0118405566155853,0.1811219408570024,1.0002565808949655,0.8093391753830542,1.0000394453204269,1.044665284822479,0.0,0.9838591860296272,0.7500965606764758,1.3529120537456203,0.8493735326902911,1.00033995882866,0.2823101738713379,0.469066379600821
495135.0,2692785.0,0.0,1.0399551336347244,0.9292850742314346,1.0118405566155853,0.7386828595768657,1.0002565808949655,1.186338422444426,1.0000394453204269,1.044665284822479,0.0,0.9838591860296272,0.7500965606764758,1.3529120537456203,0.8493735326902911,1.00033995882866,0.2823101738713379,0.469066379600821
496335.0,2692785.0,0.0,1.0399551336347244,0.9292850742314346,1.0118405566155853,0.1811219408570024,1.0002565808949655,1.186338422444426,1.0000394453204269,1.044665284822479,0.0,0.9838591860296272,0.7500965606764758,1.3529120537456203,0.8493735326902911,1.00033995882866,0.2823101738713379,0.469066379600821
497535.0,2692785.0,0.0,1.0399551336347244,0.9292850742314346,1.0118405566155853,3.1494459396812817,1.0002565808949655,0.8093391753830542,1.0000394453204269,1.044665284822479,0.0,0.9838591860296272,1.198102807372512,0.7503490707331599,0.8493735326902911,1.00033995882866,0.2823101738713379,0.469066379600821
498735.0,2692785.0,0.0,1.0399551336347244,0.9292850742314346,1.0118405566155853,0.1811219408570024,1.0002565808949655,0.8093391753830542,1.0000394453204269,1.044665284822479,0.0,0.9838591860296272,1.7444769311303143,1.3529120537456203,0.8493735326902911,1.00033995882866,0.2823101738713379,0.469066379600821
499935.0,2692785.0,0.0,1.0399551336347244,0.9292850742314346,1.0118405566155853,0.1811219408570024,1.0002565808949655,0.8093391753830542,1.0000394453204269,1.044665284822479,0.0,0.9838591860296272,1.198102807372512,0.7503490707331599,0.8493735326902911,1.00033995882866,0.2823101738713379,0.469066379600821
501135.0,2692785.0,0.0,1.0399551336347244,1.41919570500929,1.0118405566155853,0.1811219408570024,1.0002565808949655,0.8093391753830542,1.0000394453204269,1.044665284822479,0.0,0.9838591860296272,0.7500965606764758,0.7503490707331599,0.8493735326902911,1.00033995882866,0.2823101738713379,0.469066379600821
487935.0,2691585.0,0.0,1.0399551336347244,1.41919570500929,1.0118405566155853,0.6537459580982762,1.0002565808949655,0.8093391753830542,1.0000394453204269,0.8359572766454578,0.0,0.9838591860296272,0.7500965606764758,0.7503490707331599,0.8493735326902911,1.00033995882866,0.2823101738713379,0.469066379600821
489135.0,2691585.0,0.0,1.0399551336347244,0.9292850742314346,1.0118405566155853,0.6537459580982762,1.0002565808949655,1.186338422444426,1.0000394453204269,0.8359572766454578,0.0,0.9838591860296272,0.7500965606764758,1.3529120537456203,0.8493735326902911,1.00033995882866,0.2823101738713379,0.469066379600821
490335.0,2691585.0,0.0,1.0399551336347244,0.9292850742314346,1.0118405566155853,0.1811219408570024,1.0002565808949655,0.8093391753830542,1.0000394453204269,0.8359572766454578,0.0,0.9838591860296272,0.7500965606764758,1.3529120537456203,0.8493735326902911,1.00033995882866,0.2823101738713379,0.469066379600821
491535.0,2691585.0,0.0,1.0399551336347244,0.9292850742314346,1.0118405566155853,0.6537459580982762,1.0002565808949655,0.8093391753830542,1.0000394453204269,0.8359572766454578,0.0,0.9838591860296272,1.198102807372512,0.7503490707331599,0.8493735326902911,1.00033995882866,0.2823101738713379,0.469066379600821
492735.0,2691585.0,0.0,1.0399551336347244,0.9292850742314346,1.0118405566155853,0.1811219408570024,1.0002565808949655,0.8093391753830542,1.0000394453204269,0.8359572766454578,0.0,0.9838591860296272,0.0,0.0,0.8493735326902911,1.00033995882866,0.2823101738713379,0.469066379600821
493935.0,2691585.0,0.0,1.0399551336347244,0.0,1.0118405566155853,0.7386828595768657,1.0002565808949655,1.186338422444426,1.0000394453204269,1.044665284822479,0.0,0.9838591860296272,1.7444769311303143,1.3529120537456203,0.8493735326902911,1.00033995882866,0.2823101738713379,0.469066379600821
495135.0,2691585.0,0.0,1.0399551336347244,1.41919570500929,1.0118405566155853,0.6537459580982762,1.0002565808949655,0.8093391753830542,1.0000394453204269,1.044665284822479,0.0,0.9838591860296272,1.7444769311303143,1.3529120537456203,0.8493735326902911,1.00033995882866,0.2823101738713379,0.469066379600821
496335.0,2691585.0,0.0,1.0399551336347244,1.41919570500929,1.0118405566155853,0.1811219408570024,1.0002565808949655,1.186338422444426,1.0000394453204269,1.044665284822479,0.0,0.9838591860296272,0.7500965606764758,0.7503490707331599,0.8493735326902911,1.00033995882866,0.2823101738713379,0.469066379600821
497535.0,2691585.0,0.0,1.0399551336347244,0.8052262877203168,1.0118405566155853,3.1494459396812817,1.0002565808949655,0.8093391753830542,1.0000394453204269,1.044665284822479,0.0,0.9838591860296272,1.2466998513365868,1.3529120537456203,0.0,1.00033995882866,0.2823101738713379,0.469066379600821
498735.0,2691585.0,0.0,1.0399551336347244,0.9292850742314346,1.0118405566155853,0.6537459580982762,1.0002565808949655,1.186338422444426,1.0000394453204269,1.044665284822479,0.0,0.9838591860296272,1.198102807372512,1.3529120537456203,0.8493735326902911,1.00033995882866,0.2823101738713379,0.469066379600821
499935.0,2691585.0,0.0,1.0399551336347244,0.9292850742314346,1.0118405566155853,0.1811219408570024,1.0002565808949655,1.186338422444426,1.0000394453204269,1.044665284822479,0.0,0.9838591860296272,0.7500965606764758,1.3529120537456203,0.8493735326902911,1.00033995882866,0.2823101738713379,0.469066379600821
501135.0,2691585.0,0.0,1.0399551336347244,0.9292850742314346,1.0118405566155853,3.1494459396812817,1.0002565808949655,0.8093391753830542,1.0000394453204269,1.044665284822479,0.0,0.9838591860296272,1.198102807372512,0.7503490707331599,3.643673812226212,1.00033995882866,0.2823101738713379,0.469066379600821
502335.0,2691585.0,0.0,1.0399551336347244,0.8052262877203168,1.0118405566155853,0.1811219408570024,1.0002565808949655,1.186338422444426,1.0000394453204269,1.044665284822479,0.0,0.9838591860296272,1.198102807372512,1.3529120537456203,3.643673812226212,1.00033995882866,0.2823101738713379,0.469066379600821
503535.0,2691585.0,0.0,1.0399551336347244,0.8052262877203168,1.0118405566155853,0.6537459580982762,1.0002565808949655,0.8093391753830542,1.0000394453204269,1.044665284822479,0.0,0.9838591860296272,1.198102807372512,1.3529120537456203,0.0,1.00033995882866,0.2823101738713379,0.469066379600821
486735.0,2690385.0,0.0,1.0399551336347244,0.8052262877203168,1.0118405566155853,0.1811219408570024,1.0002565808949655,0.8093391753830542,1.0000394453204269,0.8359572766454578,1.9999973878335735,0.9838591860296272,0.0,0.0,0.8493735326902911,1.00033995882866,0.0,0.469066379600821
487935.0,2690385.0,0.0,1.0399551336347244,0.8052262877203168,1.0118405566155853,0.6537459580982762,1.0002565808949655,0.8093391753830542,1.0000394453204269,0.8359572766454578,0.0,0.9838591860296272,1.198102807372512,0.7503490707331599,3.643673812226212,1.00033995882866,0.2823101738713379,0.469066379600821
489135.0,2690385.0,0.0,1.0399551336347244,0.8052262877203168,1.0118405566155853,0.6537459580982762,1.0002565808949655,0.8093391753830542,1.0000394453204269,0.8359572766454578,0.0,0.9838591860296272,1.7444769311303143,0.0,0.8493735326902911,1.00033995882866,0.2823101738713379,0.469066379600821
490335.0,2690385.0,0.0,1.0399551336347244,0.9292850742314346,1.0118405566155853,0.1811219408570024,1.0002565808949655,1.186338422444426,1.0000394453204269,0.8359572766454578,0.0,0.9838591860296272,0.0,1.3529120537456203,0.8493735326902911,1.00033995882866,0.2823101738713379,0.469066379600821
491535.0,2690385.0,0.0,1.0399551336347244,0.8052262877203168,1.0118405566155853,0.1811219408570024,1.0002565808949655,0.8093391753830542,1.0000394453204269,0.8359572766454578,0.0,0.9838591860296272,0.0,0.0,0.8493735326902911,1.00033995882866,0.2823101738713379,0.469066379600821
492735.0,2690385.0,0.0,1.0399551336347244,0.9292850742314346,1.0118405566155853,0.1811219408570024,1.0002565808949655,0.8093391753830542,1.0000394453204269,0.8359572766454578,0.0,0.9838591860296272,1.198102807372512,1.3529120537456203,0.8493735326902911,1.00033995882866,0.2823101738713379,0.469066379600821
493935.0,2690385.0,0.0,1.0399551336347244,0.8052262877203168,1.0118405566155853,3.1494459396812817,1.0002565808949655,0.8093391753830542,1.0000394453204269,1.044665284822479,0.0,0.9838591860296272,1.2466998513365868,1.3529120537456203,0.0,1.00033995882866,0.2823101738713379,0.469066379600821
495135.0,2690385.0,0.0,1.0399551336347244,0.9292850742314346,1.0118405566155853,0.1811219408570024,1.0002565808949655,0.8093391753830542,1.0000394453204269,1.044665284822479,0.0,0.9838591860296272,1.198102807372512,0.7503490707331599,0.8493735326902911,1.00033995882866,0.2823101738713379,0.469066379600821
496335.0,2690385.0,0.0,1.0399551336347244,0.9292850742314346,1.0118405566155853,0.6537459580982762,1.0002565808949655,1.186338422444426,1.0000394453204269,1.044665284822479,0.0,0.9838591860296272,0.7500965606764758,1.3529120537456203,0.8493735326902911,1.00033995882866,0.2823101738713379,0.469066379600821
497535.0,2690385.0,0.0,1.0399551336347244,0.9292850742314346,1.0118405566155853,0.6537459580982762,1.0002565808949655,1.186338422444426,1.0000394453204269,1.044665284822479,0.0,0.9838591860296272,0.7500965606764758,1.3529120537456203,0.8493735326902911,1.00033995882866,0.2823101738713379,0.469066379600821
498735.0,2690385.0,0.0,1.0399551336347244,0.9292850742314346,1.0118405566155853,0.7386828595768657,1.0002565808949655,1.186338422444426,1.0000394453204269,1.044665284822479,0.0,0.9838591860296272,1.198102807372512,0.7503490707331599,3.643673812226212,1.00033995882866,0.2823101738713379,0.469066379600821
499935.0,2690385.0,0.0,1.0399551336347244,1.41919570500929,1.0118405566155853,0.7386828595768657,1.0002565808949655,0.8093391753830542,1.0000394453204269,1.044665284822479,0.0,0.9838591860296272,0.7500965606764758,0.7503490707331599,0.8493735326902911,1.00033995882866,0.2823101738713379,0.469066379600821
501135.0,2690385.0,0.0,1.0399551336347244,0.9292850742314346,1.0118405566155853,0.6537459580982762,1.0002565808949655,1.186338422444426,1.0000394453204269,1.044665284822479,0.0,0.9838591860296272,1.198102807372512,1.3529120537456203,0.8493735326902911,1.00033995882866,0.2823101738713379,0.469066379600821
502335.0,2690385.0,0.0,1.0399551336347244,0.8052262877203168,1.0118405566155853,3.1494459396812817,1.0002565808949655,0.8093391753830542,1.0000394453204269,1.044665284822479,0.0,0.9838591860296272,1.198102807372512,1.3529120537456203,3.643673812226212,1.00033995882866,0.2823101738713379,0.469066379600821
503535.0,2690385.0,0.0,1.0399551336347244,0.8052262877203168,1.0118405566155853,0.1811219408570024,0.0,0.8093391753830542,1.0000394453204269,1.044665284822479,1.9999973878335735,0.9838591860296272,1.2466998513365868,0.0,0.8493735326902911,1.00033995882866,0.2823101738713379,0.469066379600821
486735.0,2689185.0,0.0,1.0399551336347244,1.41919570500929,1.0118405566155853,3.1494459396812817,1.0002565808949655,1.186338422444426,1.0000394453204269,0.8359572766454578,1.9999973878335735,0.9838591860296272,0.7500965606764758,0.7503490707331599,0.8493735326902911,1.00033995882866,0.2823101738713379,0.469066379600821
487935.0,2689185.0,0.0,1.0399551336347244,0.8052262877203168,1.0118405566155853,0.6537459580982762,1.0002565808949655,1.186338422444426,1.0000394453204269,0.8359572766454578,0.0,0.9838591860296272,1.2466998513365868,1.3529120537456203,0.0,1.00033995882866,0.2823101738713379,0.469066379600821
489135.0,2689185.0,0.0,1.0399551336347244,0.9292850742314346,1.0118405566155853,0.6537459580982762,1.0002565808949655,0.8093391753830542,1.0000394453204269,0.8359572766454578,0.0,0.9838591860296272,1.7444769311303143,1.3529120537456203,0.8493735326902911,1.00033995882866,0.2823101738713379,0.469066379600821
490335.0,2689185.0,0.0,1.0399551336347244,0.8052262877203168,1.0118405566155853,0.1811219408570024,1.0002565808949655,1.186338422444426,1.0000394453204269,0.8359572766454578,0.0,0.9838591860296272,1.198102807372512,1.3529120537456203,3.643673812226212,1.00033995882866,0.2823101738713379,0.469066379600821
491535.0,2689185.0,0.0,1.0399551336347244,0.8052262877203168,1.0118405566155853,0.6537459580982762,1.0002565808949655,0.8093391753830542,1.0000394453204269,0.8359572766454578,0.0,0.9838591860296272,1.2466998513365868,1.3529120537456203,0.0,1.00033995882866,0.2823101738713379,0.469066379600821
492735.0,2689185.0,0.0,1.0399551336347244,0.9292850742314346,1.0118405566155853,3.1494459396812817,1.0002565808949655,1.186338422444426,1.0000394453204269,1.044665284822479,0.0,0.9838591860296272,1.7444769311303143,1.3529120537456203,0.8493735326902911,1.00033995882866,0.2823101738713379,0.469066379600821
493935.0,2689185.0,0.0,1.0399551336347244,0.8052262877203168,1.0118405566155853,0.6537459580982762,1.0002565808949655,0.8093391753830542,1.0000394453204269,1.044665284822479,0.0,0.9838591860296272,1.198102807372512,1.3529120537456203,3.643673812226212,1.00033995882866,0.2823101738713379,0.469066379600821
495135.0,2689185.0,0.0,1.0399551336347244,0.9292850742314346,1.0118405566155853,0.1811219408570024,1.0002565808949655,0.8093391753830542,1.0000394453204269,1.044665284822479,0.0,0.9838591860296272,0.7500965606764758,1.3529120537456203,0.8493735326902911,1.00033995882866,0.2823101738713379,0.469066379600821
496335.0,2689185.0,0.0,1.0399551336347244,0.9292850742314346,1.0118405566155853,0.6537459580982762,1.0002565808949655,1.186338422444426,1.0000394453204269,1.044665284822479,0.0,0.9838591860296272,1.198102807372512,0.7503490707331599,0.8493735326902911,1.00033995882866,0.2823101738713379,0.469066379600821
497535.0,2689185.0,0.0,1.0399551336347244,0.9292850742314346,1.0118405566155853,0.6537459580982762,1.0002565808949655,1.186338422444426,1.0000394453204269,1.044665284822479,0.0,0.9838591860296272,1.198102807372512,0.7503490707331599,3.643673812226212,1.00033995882866,0.2823101738713379,0.469066379600821
498735.0,2689185.0,0.0,1.0399551336347244,0.8052262877203168,1.0118405566155853,3.1494459396812817,1.0002565808949655,1.186338422444426,1.0000394453204269,1.044665284822479,0.0,0.9838591860296272,1.198102807372512,1.3529120537456203,0.8493735326902911,1.00033995882866,0.2823101738713379,0.469066379600821
499935.0,2689185.0,0.0,1.0399551336347244,0.8052262877203168,1.0118405566155853,0.1811219408570024,1.0002565808949655,0.8093391753830542,1.0000394453204269,1.044665284822479,0.0,0.9838591860296272,1.198102807372512,1.3529120537456203,0.0,1.00033995882866,0.2823101738713379,0.469066379600821
501135.0,2689185.0,0.0,1.0399551336347244,0.9292850742314346,1.0118405566155853,0.1811219408570024,1.0002565808949655,1.186338422444426,1.0000394453204269,1.044665284822479,1.9999973878335735,0.9838591860296272,1.7444769311303143,0.0,0.8493735326902911,1.00033995882866,0.2823101738713379,0.469066379600821
502335.0,2689185.0,0.0,1.0399551336347244,0.9292850742314346,1.0118405566155853,0.6537459580982762,1.0002565808949655,1.186338422444426,1.0000394453204269,1.044665284822479,1.9999973878335735,0.9838591860296272,1.198102807372512,1.3529120537456203,0.8493735326902911,1.00033995882866,0.2823101738713379,0.469066379600821
486735.0,2687985.0,0.0,1.0399551336347244,0.9292850742314346,1.0118405566155853,3.1494459396812817,1.0002565808949655,0.8093391753830542,1.0000394453204269,0.8359572766454578,1.9999973878335735,0.9838591860296272,0.7500965606764758,1.3529120537456203,0.8493735326902911,1.00033995882866,0.2823101738713379,0.469066379600821
487935.0,2687985.0,0.0,1.0399551336347244,0.9292850742314346,1.0118405566155853,3.1494459396812817,1.0002565808949655,0.8093391753830542,1.0000394453204269,0.8359572766454578,1.9999973878335735,0.9838591860296272,1.198102807372512,0.7503490707331599,0.8493735326902911,1.00033995882866,0.2823101738713379,0.469066379600821
489135.0,2687985.0,0.0,1.0399551336347244,0.8052262877203168,1.0118405566155853,0.1811219408570024,1.0002565808949655,0.8093391753830542,1.0000394453204269,0.8359572766454578,1.9999973878335735,0.9838591860296272,1.2466998513365868,1.3529120537456203,0.0,1.00033995882866,0.2823101738713379,0.469066379600821
490335.0,2687985.0,0.0,1.0399551336347244,0.8052262877203168,1.0118405566155853,0.6537459580982762,1.0002565808949655,1.186338422444426,1.0000394453204269,0.8359572766454578,1.9999973878335735,0.9838591860296272,1.198102807372512,1.3529120537456203,3.643673812226212,1.00033995882866,0.2823101738713379,0.469066379600821
491535.0,2687985.0,0.0,1.0399551336347244,0.8052262877203168,1.0118405566155853,0.7386828595768657,1.0002565808949655,1.186338422444426,1.0000394453204269,0.8359572766454578,0.0,0.9838591860296272,1.2466998513365868,1.3529120537456203,0.8493735326902911,1.00033995882866,0.2823101738713379,0.469066379600821
492735.0,2687985.0,0.0,1.0399551336347244,0.8052262877203168,1.0118405566155853,0.6537459580982762,1.0002565808949655,1.186338422444426,1.0000394453204269,1.044665284822479,0.0,0.9838591860296272,1.198102807372512,1.3529120537456203,3.643673812226212,1.00033995882866,0.2823101738713379,0.469066379600821
493935.0,2687985.0,0.0,1.0399551336347244,0.8052262877203168,1.0118405566155853,0.6537459580982762,1.0002565808949655,1.186338422444426,1.0000394453204269,1.044665284822479,0.0,0.9838591860296272,1.2466998513365868,0.0,0.8493735326902911,1.00033995882866,0.2823101738713379,0.469066379600821
495135.0,2687985.0,0.0,1.0399551336347244,0.9292850742314346,1.0118405566155853,3.1494459396812817,1.0002565808949655,1.186338422444426,1.0000394453204269,1.044665284822479,0.0,0.9838591860296272,0.0,1.3529120537456203,0.8493735326902911,1.00033995882866,0.2823101738713379,0.469066379600821
496335.0,2687985.0,0.0,1.0399551336347244,0.8052262877203168,1.0118405566155853,0.1811219408570024,1.0002565808949655,0.8093391753830542,1.0000394453204269,1.044665284822479,0.0,0.9838591860296272,1.7444769311303143,0.0,0.8493735326902911,1.00033995882866,0.2823101738713379,0.469066379600821
497535.0,2687985.0,0.0,1.0399551336347244,0.8052262877203168,1.0118405566155853,0.6537459580982762,1.0002565808949655,0.8093391753830542,1.0000394453204269,1.044665284822479,0.0,0.9838591860296272,1.198102807372512,0.0,0.8493735326902911,1.00033995882866,0.2823101738713379,0.469066379600821
498735.0,2687985.0,0.0,1.0399551336347244,0.9292850742314346,1.0118405566155853,0.6537459580982762,1.0002565808949655,1.186338422444426,1.0000394453204269,1.044665284822479,0.0,0.9838591860296272,1.7444769311303143,1.3529120537456203,0.8493735326902911,1.00033995882866,0.2823101738713379,0.469066379600821
499935.0,2687985.0,0.0,1.0399551336347244,0.9292850742314346,1.0118405566155853,3.1494459396812817,1.0002565808949655,1.186338422444426,1.0000394453204269,1.044665284822479,0.0,0.9838591860296272,1.7444769311303143,1.3529120537456203,0.8493735326902911,1.00033995882866,0.2823101738713379,0.469066379600821
501135.0,2687985.0,0.0,1.0399551336347244,0.9292850742314346,1.0118405566155853,0.6537459580982762,1.0002565808949655,0.8093391753830542,1.0000394453204269,0.8359572766454578,0.0,0.9838591860296272,1.7444769311303143,1.3529120537456203,0.8493735326902911,1.00033995882866,0.2823101738713379,0.469066379600821
502335.0,2687985.0,0.0,1.0399551336347244,1.41919570500929,1.0118405566155853,0.1811219408570024,1.0002565808949655,1.186338422444426,1.0000394453204269,0.8359572766454578,0.0,0.9838591860296272,1.198102807372512,0.7503490707331599,0.8493735326902911,1.00033995882866,0.2823101738713379,0.469066379600821
487935.0,2686785.0,0.0,1.0399551336347244,1.41919570500929,1.0118405566155853,0.6537459580982762,1.0002565808949655,1.186338422444426,1.0000394453204269,0.8359572766454578,1.9999973878335735,0.9838591860296272,1.7444769311303143,0.7503490707331599,0.8493735326902911,1.00033995882866,0.2823101738713379,0.469066379600821
489135.0,2686785.0,0.0,1.0399551336347244,0.9292850742314346,1.0118405566155853,0.1811219408570024,1.0002565808949655,0.8093391753830542,1.0000394453204269,0.8359572766454578,1.9999973878335735,0.9838591860296272,1.198102807372512,0.7503490707331599,0.8493735326902911,1.00033995882866,0.2823101738713379,0.469066379600821
490335.0,2686785.0,0.0,1.0399551336347244,1.41919570500929,1.0118405566155853,0.6537459580982762,1.0002565808949655,1.186338422444426,1.0000394453204269,0.8359572766454578,0.0,0.9838591860296272,0.7500965606764758,1.3529120537456203,0.8493735326902911,1.00033995882866,0.2823101738713379,0.469066379600821
491535.0,2686785.0,0.0,1.0399551336347244,0.9292850742314346,1.0118405566155853,3.1494459396812817,1.0002565808949655,0.8093391753830542,1.0000394453204269,0.8359572766454578,0.0,0.9838591860296272,1.7444769311303143,1.3529120537456203,0.8493735326902911,1.00033995882866,0.2823101738713379,0.469066379600821
492735.0,2686785.0,0.0,1.0399551336347244,0.8052262877203168,1.0118405566155853,0.6537459580982762,1.0002565808949655,0.8093391753830542,1.0000394453204269,0.8359572766454578,0.0,0.9838591860296272,1.2466998513365868,1.3529120537456203,0.0,1.00033995882866,0.2823101738713379,0.469066379600821
493935.0,2686785.0,0.0,1.0399551336347244,0.9292850742314346,1.0118405566155853,0.1811219408570024,1.0002565808949655,0.8093391753830542,1.0000394453204269,0.8359572766454578,0.0,0.9838591860296272,0.7500965606764758,1.3529120537456203,0.8493735326902911,1.00033995882866,0.2823101738713379,0.469066379600821
495135.0,2686785.0,0.0,1.0399551336347244,0.9292850742314346,1.0118405566155853,0.7386828595768657,1.0002565808949655,1.186338422444426,1.0000394453204269,1.044665284822479,0.0,0.9838591860296272,0.0,1.3529120537456203,0.8493735326902911,1.00033995882866,0.2823101738713379,0.469066379600821
496335.0,2686785.0,0.0,1.0399551336347244,1.41919570500929,1.0118405566155853,0.1811219408570024,1.0002565808949655,1.186338422444426,1.0000394453204269,1.044665284822479,0.0,0.9838591860296272,1.7444769311303143,1.3529120537456203,0.8493735326902911,1.00033995882866,0.2823101738713379,0.469066379600821
497535.0,2686785.0,0.0,1.0399551336347244,0.9292850742314346,1.0118405566155853,0.1811219408570024,1.0002565808949655,0.8093391753830542,1.0000394453204269,1.044665284822479,0.0,0.9838591860296272,1.198102807372512,0.7503490707331599,0.8493735326902911,1.00033995882866,0.2823101738713379,0.469066379600821
498735.0,2686785.0,0.0,1.0399551336347244,0.9292850742314346,1.0118405566155853,0.0,1.0002565808949655,0.8093391753830542,1.0000394453204269,1.044665284822479,0.0,0.9838591860296272,1.198102807372512,0.7503490707331599,0.8493735326902911,1.00033995882866,0.2823101738713379,0.469066379600821
499935.0,2686785.0,0.0,1.0399551336347244,0.9292850742314346,1.0118405566155853,3.1494459396812817,1.0002565808949655,1.186338422444426,1.0000394453204269,0.8359572766454578,0.0,0.9838591860296272,0.7500965606764758,1.3529120537456203,0.8493735326902911,1.00033995882866,0.2823101738713379,0.469066379600821
501135.0,2686785.0,0.0,1.0399551336347244,1.41919570500929,1.0118405566155853,0.1811219408570024,1.0002565808949655,1.186338422444426,1.0000394453204269,0.8359572766454578,0.0,0.9838591860296272,1.7444769311303143,1.3529120537456203,0.8493735326902911,1.00033995882866,0.2823101738713379,0.469066379600821
487935.0,2685585.0,0.0,1.0399551336347244,0.9292850742314346,1.0118405566155853,0.1811219408570024,1.0002565808949655,1.186338422444426,1.0000394453204269,0.8359572766454578,1.9999973878335735,0.9838591860296272,0.7500965606764758,1.3529120537456203,0.8493735326902911,1.00033995882866,0.2823101738713379,0.469066379600821
489135.0,2685585.0,0.0,1.0399551336347244,0.9292850742314346,1.0118405566155853,0.6537459580982762,1.0002565808949655,1.186338422444426,1.0000394453204269,0.8359572766454578,1.9999973878335735,0.9838591860296272,0.7500965606764758,1.3529120537456203,0.8493735326902911,1.00033995882866,0.2823101738713379,0.469066379600821
490335.0,2685585.0,0.0,1.0399551336347244,0.9292850742314346,1.0118405566155853,3.1494459396812817,1.0002565808949655,0.8093391753830542,1.0000394453204269,0.8359572766454578,0.0,0.9838591860296272,1.198102807372512,0.7503490707331599,0.8493735326902911,1.00033995882866,0.2823101738713379,0.469066379600821
491535.0,2685585.0,0.0,1.0399551336347244,0.9292850742314346,1.0118405566155853,0.6537459580982762,1.0002565808949655,0.8093391753830542,1.0000394453204269,0.8359572766454578,0.0,0.9838591860296272,0.7500965606764758,0.7503490707331599,0.8493735326902911,1.00033995882866,0.2823101738713379,0.469066379600821
492735.0,2685585.0,0.0,1.0399551336347244,1.41919570500929,1.0118405566155853,0.6537459580982762,1.0002565808949655,1.186338422444426,1.0000394453204269,0.8359572766454578,0.0,0.9838591860296272,0.7500965606764758,0.7503490707331599,0.8493735326902911,1.00033995882866,0.2823101738713379,0.469066379600821
493935.0,2685585.0,0.0,1.0399551336347244,0.9292850742314346,1.0118405566155853,0.6537459580982762,1.0002565808949655,0.8093391753830542,1.0000394453204269,0.8359572766454578,0.0,0.9838591860296272,1.7444769311303143,1.3529120537456203,0.8493735326902911,1.00033995882866,0.2823101738713379,0.469066379600821
495135.0,2685585.0,0.0,1.0399551336347244,0.9292850742314346,1.0118405566155853,0.6537459580982762,1.0002565808949655,1.186338422444426,1.0000394453204269,1.044665284822479,0.0,0.9838591860296272,0.7500965606764758,1.3529120537456203,0.8493735326902911,1.00033995882866,0.2823101738713379,0.469066379600821
496335.0,2685585.0,0.0,1.0399551336347244,1.41919570500929,1.0118405566155853,3.1494459396812817,1.0002565808949655,0.8093391753830542,1.0000394453204269,1.044665284822479,0.0,0.9838591860296272,0.7500965606764758,0.7503490707331599,0.8493735326902911,1.00033995882866,0.2823101738713379,0.469066379600821
497535.0,2685585.0,0.0,1.0399551336347244,1.41919570500929,1.0118405566155853,3.1494459396812817,1.0002565808949655,1.186338422444426,1.0000394453204269,1.044665284822479,0.0,0.9838591860296272,0.0,1.3529120537456203,0.8493735326902911,1.00033995882866,0.2823101738713379,0.469066379600821
498735.0,2685585.0,0.0,1.0399551336347244,0.9292850742314346,1.0118405566155853,3.1494459396812817,1.0002565808949655,1.186338422444426,1.0000394453204269,1.044665284822479,0.0,0.9838591860296272,0.0,1.3529120537456203,0.8493735326902911,1.00033995882866,0.2823101738713379,0.469066379600821
499935.0,2685585.0,0.0,1.0399551336347244,0.8052262877203168,1.0118405566155853,0.6537459580982762,1.0002565808949655,0.8093391753830542,1.0000394453204269,0.8359572766454578,0.0,0.9838591860296272,1.198102807372512,1.3529120537456203,0.8493735326902911,1.00033995882866,0.2823101738713379,0.469066379600821
486735.0,2684385.0,0.0,1.0399551336347244,0.8052262877203168,1.0118405566155853,0.6537459580982762,1.0002565808949655,1.186338422444426,1.0000394453204269,0.8359572766454578,2.666670149564333,0.9838591860296272,1.198102807372512,0.7503490707331599,3.643673812226212,1.00033995882866,0.2823101738713379,0.469066379600821
487935.0,2684385.0,0.0,1.0399551336347244,0.8052262877203168,1.0118405566155853,0.1811219408570024,1.0002565808949655,1.186338422444426,1.0000394453204269,0.8359572766454578,1.9999973878335735,0.9838591860296272,0.0,0.0,0.8493735326902911,1.00033995882866,0.2823101738713379,0.469066379600821
489135.0,2684385.0,0.0,1.0399551336347244,0.9292850742314346,1.0118405566155853,3.1494459396812817,1.0002565808949655,1.186338422444426,1.0000394453204269,0.8359572766454578,1.9999973878335735,0.9838591860296272,0.7500965606764758,1.3529120537456203,0.8493735326902911,1.00033995882866,0.2823101738713379,0.469066379600821
490335.0,2684385.0,0.0,1.0399551336347244,0.9292850742314346,1.0118405566155853,3.1494459396812817,1.0002565808949655,0.8093391753830542,1.0000394453204269,0.8359572766454578,0.0,0.9838591860296272,1.198102807372512,0.7503490707331599,0.8493735326902911,1.00033995882866,0.2823101738713379,0.469066379600821
491535.0,2684385.0,0.0,1.0399551336347244,0.8052262877203168,1.0118405566155853,0.1811219408570024,1.0002565808949655,0.8093391753830542,1.0000394453204269,0.8359572766454578,1.9999973878335735,0.9838591860296272,1.2466998513365868,1.3529120537456203,0.0,1.00033995882866,0.2823101738713379,0.469066379600821
492735.0,2684385.0,0.0,1.0399551336347244,0.9292850742314346,1.0118405566155853,0.1811219408570024,1.0002565808949655,0.8093391753830542,1.0000394453204269,0.8359572766454578,1.9999973878335735,0.9838591860296272,1.198102807372512,0.7503490707331599,0.8493735326902911,1.00033995882866,0.2823101738713379,0.469066379600821
493935.0,2684385.0,0.0,1.0399551336347244,0.9292850742314346,1.0118405566155853,3.1494459396812817,1.0002565808949655,0.8093391753830542,1.0000394453204269,1.044665284822479,0.0,0.9838591860296272,0.0,0.0,0.8493735326902911,1.00033995882866,0.2823101738713379,0.469066379600821
495135.0,2684385.0,0.0,1.0399551336347244,0.8052262877203168,1.0118405566155853,0.1811219408570024,1.0002565808949655,1.186338422444426,1.0000394453204269,1.044665284822479,0.0,0.9838591860296272,1.198102807372512,1.3529120537456203,0.0,1.00033995882866,0.2823101738713379,0.469066379600821
496335.0,2684385.0,0.0,1.0399551336347244,0.9292850742314346,1.0118405566155853,3.1494459396812817,1.0002565808949655,1.186338422444426,1.0000394453204269,1.044665284822479,0.0,0.9838591860296272,1.198102807372512,0.7503490707331599,0.8493735326902911,1.00033995882866,0.2823101738713379,0.469066379600821
497535.0,2684385.0,0.0,1.0399551336347244,1.41919570500929,1.0118405566155853,0.6537459580982762,1.0002565808949655,1.186338422444426,1.0000394453204269,1.044665284822479,0.0,0.9838591860296272,1.7444769311303143,1.3529120537456203,0.8493735326902911,1.00033995882866,0.2823101738713379,0.469066379600821
498735.0,2684385.0,0.0,1.0399551336347244,0.9292850742314346,1.0118405566155853,0.1811219408570024,1.0002565808949655,0.8093391753830542,1.0000394453204269,1.044665284822479,1.9999973878335735,0.9838591860296272,0.7500965606764758,1.3529120537456203,0.8493735326902911,1.00033995882866,0.2823101738713379,0.469066379600821
499935.0,2684385.0,0.0,1.0399551336347244,0.9292850742314346,1.0118405566155853,3.1494459396812817,1.0002565808949655,0.8093391753830542,1.0000394453204269,1.044665284822479,1.9999973878335735,0.9838591860296272,1.198102807372512,0.7503490707331599,0.8493735326902911,1.00033995882866,0.2823101738713379,0.469066379600821
501135.0,2684385.0,0.0,1.0399551336347244,0.8052262877203168,1.0118405566155853,0.1811219408570024,1.0002565808949655,1.186338422444426,1.0000394453204269,0.8359572766454578,1.9999973878335735,0.9838591860296272,1.198102807372512,1.3529120537456203,0.0,1.00033995882866,0.0,75.02812402006899
486735.0,2683185.0,0.0,1.0399551336347244,0.9292850742314346,1.0118405566155853,0.6537459580982762,1.0002565808949655,1.186338422444426,1.0000394453204269,0.8359572766454578,2.666670149564333,0.9838591860296272,0.7500965606764758,1.3529120537456203,0.8493735326902911,1.00033995882866,0.2823101738713379,0.469066379600821
487935.0,2683185.0,0.0,1.0399551336347244,0.9292850742314346,1.0118405566155853,3.1494459396812817,1.0002565808949655,0.8093391753830542,1.0000394453204269,0.8359572766454578,1.9999973878335735,0.9838591860296272,1.198102807372512,0.7503490707331599,0.8493735326902911,1.00033995882866,0.2823101738713379,0.469066379600821
489135.0,2683185.0,0.0,1.0399551336347244,0.9292850742314346,1.0118405566155853,3.1494459396812817,1.0002565808949655,1.186338422444426,1.0000394453204269,0.8359572766454578,1.9999973878335735,0.9838591860296272,0.7500965606764758,1.3529120537456203,0.8493735326902911,1.00033995882866,0.2823101738713379,0.469066379600821
490335.0,2683185.0,0.0,1.0399551336347244,0.9292850742314346,1.0118405566155853,0.1811219408570024,1.0002565808949655,1.186338422444426,1.0000394453204269,0.8359572766454578,1.9999973878335735,0.9838591860296272,1.198102807372512,1.3529120537456203,0.8493735326902911,1.00033995882866,0.2823101738713379,0.469066379600821
491535.0,2683185.0,0.0,1.0399551336347244,0.9292850742314346,1.0118405566155853,3.1494459396812817,1.0002565808949655,0.8093391753830542,1.0000394453204269,0.8359572766454578,1.9999973878335735,0.9838591860296272,0.7500965606764758,1.3529120537456203,0.8493735326902911,1.00033995882866,0.2823101738713379,0.469066379600821
492735.0,2683185.0,0.0,1.0399551336347244,1.41919570500929,1.0118405566155853,0.6537459580982762,1.0002565808949655,1.186338422444426,1.0000394453204269,0.8359572766454578,1.9999973878335735,0.9838591860296272,1.7444769311303143,0.7503490707331599,0.8493735326902911,1.00033995882866,0.2823101738713379,0.469066379600821
493935.0,2683185.0,0.0,1.0399551336347244,0.9292850742314346,1.0118405566155853,0.6537459580982762,1.0002565808949655,0.8093391753830542,1.0000394453204269,1.044665284822479,0.0,0.9838591860296272,1.198102807372512,0.7503490707331599,0.8493735326902911,1.00033995882866,0.2823101738713379,0.469066379600821
495135.0,2683185.0,0.0,1.0399551336347244,0.9292850742314346,1.0118405566155853,0.6537459580982762,1.0002565808949655,0.8093391753830542,1.0000394453204269,1.044665284822479,0.0,0.9838591860296272,0.7500965606764758,1.3529120537456203,0.8493735326902911,1.00033995882866,0.2823101738713379,0.469066379600821
496335.0,2683185.0,0.0,1.0399551336347244,1.41919570500929,1.0118405566155853,3.1494459396812817,1.0002565808949655,0.8093391753830542,1.0000394453204269,1.044665284822479,0.0,0.9838591860296272,0.7500965606764758,0.7503490707331599,0.8493735326902911,1.00033995882866,0.2823101738713379,0.469066379600821
497535.0,2683185.0,0.0,1.0399551336347244,1.41919570500929,1.0118405566155853,0.6537459580982762,1.0002565808949655,1.186338422444426,1.0000394453204269,1.044665284822479,1.9999973878335735,0.9838591860296272,0.0,1.3529120537456203,0.8493735326902911,1.00033995882866,0.2823101738713379,0.469066379600821
498735.0,2683185.0,0.0,1.0399551336347244,1.41919570500929,1.0118405566155853,0.1811219408570024,1.0002565808949655,0.8093391753830542,1.0000394453204269,1.044665284822479,1.9999973878335735,0.9838591860296272,0.7500965606764758,1.3529120537456203,0.8493735326902911,1.00033995882866,0.2823101738713379,0.469066379600821
499935.0,2683185.0,0.0,1.0399551336347244,0.9292850742314346,1.0118405566155853,0.1811219408570024,1.0002565808949655,1.186338422444426,1.0000394453204269,1.044665284822479,2.666670149564333,0.9838591860296272,0.7500965606764758,1.3529120537456203,0.8493735326902911,1.00033995882866,0.2823101738713379,0.469066379600821
486735.0,2681985.0,0.0,1.0399551336347244,0.9292850742314346,1.0118405566155853,0.1811219408570024,1.0002565808949655,1.186338422444426,1.0000394453204269,0.8359572766454578,2.666670149564333,0.9838591860296272,1.7444769311303143,1.3529120537456203,0.8493735326902911,1.00033995882866,0.2823101738713379,0.469066379600821
487935.0,2681985.0,0.0,1.0399551336347244,0.8052262877203168,1.0118405566155853,0.6537459580982762,1.0002565808949655,1.186338422444426,1.0000394453204269,0.8359572766454578,2.666670149564333,0.9838591860296272,1.198102807372512,1.3529120537456203,3.643673812226212,1.00033995882866,0.2823101738713379,0.469066379600821
489135.0,2681985.0,0.0,1.0399551336347244,0.8052262877203168,1.0118405566155853,3.1494459396812817,1.0002565808949655,0.8093391753830542,1.0000394453204269,0.8359572766454578,1.9999973878335735,0.9838591860296272,1.198102807372512,1.3529120537456203,0.0,1.00033995882866,0.2823101738713379,0.469066379600821
490335.0,2681985.0,0.0,1.0399551336347244,1.41919570500929,1.0118405566155853,0.1811219408570024,1.0002565808949655,1.186338422444426,1.0000394453204269,0.8359572766454578,2.666670149564333,0.9838591860296272,1.7444769311303143,1.3529120537456203,0.8493735326902911,1.00033995882866,0.2823101738713379,0.469066379600821
491535.0,2681985.0,0.0,1.0399551336347244,0.9292850742314346,1.0118405566155853,0.1811219408570024,1.0002565808949655,1.186338422444426,1.0000394453204269,0.8359572766454578,2.666670149564333,0.9838591860296272,1.7444769311303143,1.3529120537456203,0.8493735326902911,1.00033995882866,0.2823101738713379,0.469066379600821
492735.0,2681985.0,0.0,1.0399551336347244,1.41919570500929,1.0118405566155853,0.1811219408570024,1.0002565808949655,0.8093391753830542,1.0000394453204269,0.8359572766454578,1.9999973878335735,0.9838591860296272,0.7500965606764758,1.3529120537456203,0.8493735326902911,1.00033995882866,0.2823101738713379,0.469066379600821
493935.0,2681985.0,0.0,1.0399551336347244,1.41919570500929,1.0118405566155853,0.1811219408570024,1.0002565808949655,0.8093391753830542,1.0000394453204269,1.044665284822479,1.9999973878335735,0.9838591860296272,1.7444769311303143,1.3529120537456203,0.8493735326902911,1.00033995882866,0.2823101738713379,0.469066379600821
495135.0,2681985.0,0.0,1.0399551336347244,0.9292850742314346,1.0118405566155853,0.7386828595768657,1.0002565808949655,1.186338422444426,1.0000394453204269,1.044665284822479,0.0,0.9838591860296272,0.7500965606764758,1.3529120537456203,0.8493735326902911,1.00033995882866,0.2823101738713379,0.469066379600821
496335.0,2681985.0,0.0,1.0399551336347244,0.0,1.0118405566155853,3.1494459396812817,1.0002565808949655,0.8093391753830542,1.0000394453204269,1.044665284822479,0.0,0.9838591860296272,0.7500965606764758,0.7503490707331599,0.8493735326902911,1.00033995882866,0.2823101738713379,0.469066379600821
497535.0,2681985.0,0.0,1.0399551336347244,0.9292850742314346,1.0118405566155853,0.1811219408570024,1.0002565808949655,0.8093391753830542,1.0000394453204269,1.044665284822479,1.9999973878335735,0.9838591860296272,1.198102807372512,0.7503490707331599,0.8493735326902911,1.00033995882866,0.2823101738713379,0.469066379600821
498735.0,2681985.0,0.0,1.0399551336347244,0.8052262877203168,1.0118405566155853,0.6537459580982762,1.0002565808949655,0.8093391753830542,1.0000394453204269,0.8359572766454578,1.9999973878335735,0.9838591860296272,1.2466998513365868,1.3529120537456203,0.0,1.00033995882866,0.2823101738713379,0.469066379600821
499935.0,2681985.0,0.0,1.0399551336347244,0.9292850742314346,1.0118405566155853,0.6537459580982762,1.0002565808949655,0.8093391753830542,1.0000394453204269,0.8359572766454578,1.9999973878335735,0.9838591860296272,1.198102807372512,0.7503490707331599,3.643673812226212,1.00033995882866,0.2823101738713379,0.469066379600821
487935.0,2680785.0,0.0,1.0399551336347244,0.8052262877203168,1.0118405566155853,3.1494459396812817,1.0002565808949655,0.8093391753830542,1.0000394453204269,0.8359572766454578,2.666670149564333,0.9838591860296272,1.198102807372512,1.3529120537456203,3.643673812226212,1.00033995882866,0.2823101738713379,0.469066379600821
490335.0,2680785.0,0.0,1.0399551336347244,0.9292850742314346,1.0118405566155853,0.1811219408570024,1.0002565808949655,1.186338422444426,1.0000394453204269,0.8359572766454578,2.666670149564333,0.9838591860296272,1.198102807372512,0.7503490707331599,0.8493735326902911,1.00033995882866,0.2823101738713379,0.469066379600821
491535.0,2680785.0,0.0,1.0399551336347244,0.8052262877203168,1.0118405566155853,0.1811219408570024,1.0002565808949655,1.186338422444426,1.0000394453204269,0.8359572766454578,2.666670149564333,0.9838591860296272,1.198102807372512,1.3529120537456203,0.0,1.00033995882866,0.2823101738713379,0.469066379600821
492735.0,2680785.0,0.0,1.0399551336347244,0.8052262877203168,1.0118405566155853,3.1494459396812817,1.0002565808949655,0.8093391753830542,1.0000394453204269,0.8359572766454578,1.9999973878335735,0.9838591860296272,1.198102807372512,1.3529120537456203,3.643673812226212,1.00033995882866,0.2823101738713379,0.469066379600821
493935.0,2680785.0,0.0,1.0399551336347244,0.9292850742314346,1.0118405566155853,3.1494459396812817,1.0002565808949655,0.8093391753830542,1.0000394453204269,1.044665284822479,0.0,0.9838591860296272,1.198102807372512,0.7503490707331599,0.8493735326902911,1.00033995882866,0.2823101738713379,0.469066379600821
495135.0,2680785.0,0.0,1.0399551336347244,0.9292850742314346,1.0118405566155853,0.6537459580982762,1.0002565808949655,0.8093391753830542,1.0000394453204269,1.044665284822479,0.0,0.9838591860296272,1.198102807372512,0.7503490707331599,0.8493735326902911,1.00033995882866,0.2823101738713379,0.469066379600821
496335.0,2680785.0,0.0,1.0399551336347244,1.41919570500929,1.0118405566155853,0.1811219408570024,1.0002565808949655,0.8093391753830542,1.0000394453204269,1.044665284822479,1.9999973878335735,0.9838591860296272,0.7500965606764758,1.3529120537456203,0.8493735326902911,1.00033995882866,0.2823101738713379,0.469066379600821
497535.0,2680785.0,0.0,1.0399551336347244,1.41919570500929,1.0118405566155853,0.6537459580982762,1.0002565808949655,1.186338422444426,1.0000394453204269,1.044665284822479,1.9999973878335735,0.9838591860296272,0.7500965606764758,0.7503490707331599,0.8493735326902911,1.00033995882866,0.2823101738713379,0.469066379600821
498735.0,2680785.0,0.0,1.0399551336347244,0.9292850742314346,1.0118405566155853,0.1811219408570024,1.0002565808949655,0.8093391753830542,1.0000394453204269,0.8359572766454578,1.9999973878335735,0.9838591860296272,0.0,0.0,0.8493735326902911,1.00033995882866,0.2823101738713379,0.469066379600821
499935.0,2680785.0,0.0,1.0399551336347244,0.9292850742314346,1.0118405566155853,3.1494459396812817,1.0002565808949655,1.186338422444426,1.0000394453204269,1.044665284822479,1.9999973878335735,0.9838591860296272,0.7500965606764758,1.3529120537456203,0.8493735326902911,1.00033995882866,0.2823101738713379,0.469066379600821
501135.0,2680785.0,0.0,1.0399551336347244,1.41919570500929,1.0118405566155853,0.6537459580982762,1.0002565808949655,1.186338422444426,1.0000394453204269,1.044665284822479,1.9999973878335735,0.9838591860296272,1.7444769311303143,1.3529120537456203,0.8493735326902911,1.00033995882866,0.2823101738713379,0.469066379600821
490335.0,2679585.0,0.0,1.0399551336347244,0.9292850742314346,1.0118405566155853,0.1811219408570024,1.0002565808949655,1.186338422444426,1.0000394453204269,0.8359572766454578,1.9999973878335735,0.9838591860296272,0.7500965606764758,1.3529120537456203,0.8493735326902911,1.00033995882866,0.2823101738713379,0.469066379600821
491535.0,2679585.0,0.0,1.0399551336347244,0.9292850742314346,1.0118405566155853,0.6537459580982762,1.0002565808949655,0.8093391753830542,1.0000394453204269,0.8359572766454578,1.9999973878335735,0.9838591860296272,1.198102807372512,0.7503490707331599,0.8493735326902911,1.00033995882866,0.2823101738713379,0.469066379600821
492735.0,2679585.0,0.0,1.0399551336347244,0.9292850742314346,1.0118405566155853,0.6537459580982762,1.0002565808949655,0.8093391753830542,1.0000394453204269,1.044665284822479,1.9999973878335735,0.9838591860296272,0.7500965606764758,1.3529120537456203,0.8493735326902911,1.00033995882866,0.2823101738713379,0.469066379600821
493935.0,2679585.0,0.0,1.0399551336347244,1.41919570500929,1.0118405566155853,3.1494459396812817,1.0002565808949655,1.186338422444426,1.0000394453204269,1.044665284822479,0.0,0.9838591860296272,1.198102807372512,0.7503490707331599,0.8493735326902911,1.00033995882866,0.2823101738713379,0.469066379600821
495135.0,2679585.0,0.0,1.0399551336347244,0.8052262877203168,1.0118405566155853,0.6537459580982762,1.0002565808949655,0.8093391753830542,1.0000394453204269,1.044665284822479,0.0,0.9838591860296272,1.198102807372512,1.3529120537456203,0.8493735326902911,1.00033995882866,0.2823101738713379,0.469066379600821
496335.0,2679585.0,0.0,1.0399551336347244,0.9292850742314346,1.0118405566155853,3.1494459396812817,1.0002565808949655,0.8093391753830542,1.0000394453204269,1.044665284822479,1.9999973878335735,0.9838591860296272,1.198102807372512,0.7503490707331599,0.8493735326902911,1.00033995882866,0.2823101738713379,0.469066379600821
497535.0,2679585.0,0.0,1.0399551336347244,0.9292850742314346,1.0118405566155853,0.6537459580982762,1.0002565808949655,1.186338422444426,1.0000394453204269,1.044665284822479,1.9999973878335735,0.9838591860296272,0.0,0.0,0.8493735326902911,1.00033995882866,0.2823101738713379,0.469066379600821
498735.0,2679585.0,0.0,1.0399551336347244,0.9292850742314346,1.0118405566155853,3.1494459396812817,1.0002565808949655,0.8093391753830542,1.0000394453204269,1.044665284822479,1.9999973878335735,0.9838591860296272,1.198102807372512,0.7503490707331599,0.8493735326902911,1.00033995882866,0.2823101738713379,0.469066379600821
499935.0,2679585.0,0.0,1.0399551336347244,0.9292850742314346,1.0118405566155853,0.6537459580982762,1.0002565808949655,1.186338422444426,1.0000394453204269,1.044665284822479,1.9999973878335735,0.9838591860296272,1.198102807372512,0.7503490707331599,0.8493735326902911,1.00033995882866,0.2823101738713379,0.469066379600821
501135.0,2679585.0,0.0,1.0399551336347244,1.41919570500929,1.0118405566155853,0.1811219408570024,1.0002565808949655,1.186338422444426,1.0000394453204269,1.044665284822479,1.9999973878335735,0.9838591860296272,0.7500965606764758,0.7503490707331599,0.8493735326902911,1.00033995882866,0.2823101738713379,0.469066379600821
490335.0,2678385.0,0.0,1.0399551336347244,1.41919570500929,1.0118405566155853,0.6537459580982762,1.0002565808949655,0.8093391753830542,1.0000394453204269,0.8359572766454578,1.9999973878335735,0.9838591860296272,0.7500965606764758,0.7503490707331599,0.8493735326902911,1.00033995882866,0.2823101738713379,0.469066379600821
491535.0,2678385.0,0.0,1.0399551336347244,1.41919570500929,1.0118405566155853,0.7386828595768657,1.0002565808949655,1.186338422444426,1.0000394453204269,0.8359572766454578,1.9999973878335735,0.9838591860296272,1.7444769311303143,1.3529120537456203,0.8493735326902911,1.00033995882866,0.2823101738713379,0.469066379600821
492735.0,2678385.0,0.0,1.0399551336347244,0.8052262877203168,1.0118405566155853,0.1811219408570024,1.0002565808949655,0.8093391753830542,1.0000394453204269,1.044665284822479,1.9999973878335735,0.9838591860296272,1.2466998513365868,1.3529120537456203,0.0,1.00033995882866,0.2823101738713379,0.469066379600821
493935.0,2678385.0,0.0,1.0399551336347244,0.9292850742314346,1.0118405566155853,0.1811219408570024,1.0002565808949655,0.8093391753830542,1.0000394453204269,1.044665284822479,0.0,0.9838591860296272,0.7500965606764758,1.3529120537456203,0.8493735326902911,1.00033995882866,0.2823101738713379,0.469066379600821
495135.0,2678385.0,0.0,1.0399551336347244,0.9292850742314346,1.0118405566155853,3.1494459396812817,1.0002565808949655,0.8093391753830542,1.0000394453204269,1.044665284822479,0.0,0.9838591860296272,1.198102807372512,1.3529120537456203,0.8493735326902911,1.00033995882866,40.7927349061228,0.469066379600821
496335.0,2678385.0,0.0,1.0399551336347244,0.9292850742314346,1.0118405566155853,0.6537459580982762,1.0002565808949655,1.186338422444426,1.0000394453204269,1.044665284822479,1.9999973878335735,0.9838591860296272,0.7500965606764758,1.3529120537456203,0.8493735326902911,1.00033995882866,0.2823101738713379,0.469066379600821
497535.0,2678385.0,0.0,1.0399551336347244,0.9292850742314346,1.0118405566155853,0.7386828595768657,1.0002565808949655,1.186338422444426,1.0000394453204269,1.044665284822479,1.9999973878335735,0.9838591860296272,1.7444769311303143,1.3529120537456203,0.8493735326902911,1.00033995882866,0.2823101738713379,0.469066379600821
498735.0,2678385.0,0.0,1.0399551336347244,0.9292850742314346,1.0118405566155853,0.1811219408570024,1.0002565808949655,0.8093391753830542,1.0000394453204269,1.044665284822479,1.9999973878335735,0.9838591860296272,1.198102807372512,0.7503490707331599,0.8493735326902911,1.00033995882866,0.2823101738713379,0.469066379600821
499935.0,2678385.0,0.0,1.0399551336347244,0.8052262877203168,1.0118405566155853,0.6537459580982762,1.0002565808949655,0.8093391753830542,1.0000394453204269,1.044665284822479,1.9999973878335735,0.9838591860296272,1.198102807372512,0.7503490707331599,3.643673812226212,1.00033995882866,0.2823101738713379,0.469066379600821
501135.0,2678385.0,0.0,1.0399551336347244,1.41919570500929,1.0118405566155853,0.6537459580982762,1.0002565808949655,0.8093391753830542,1.0000394453204269,1.044665284822479,1.9999973878335735,0.9838591860296272,1.198102807372512,0.7503490707331599,0.8493735326902911,1.00033995882866,0.2823101738713379,0.469066379600821
502335.0,2678385.0,0.3333324626123284,1.0399551336347244,0.9292850742314346,1.0118405566155853,0.7386828595768657,1.0002565808949655,0.8093391753830542,1.0000394453204269,1.044665284822479,1.9999973878335735,0.9838591860296272,1.198102807372512,0.7503490707331599,3.643673812226212,1.00033995882866,0.2823101738713379,0.469066379600821
490335.0,2677185.0,0.0,1.0399551336347244,0.8052262877203168,1.0118405566155853,3.1494459396812817,1.0002565808949655,0.8093391753830542,1.0000394453204269,0.8359572766454578,2.666670149564333,0.9838591860296272,1.198102807372512,0.7503490707331599,3.643673812226212,1.00033995882866,0.2823101738713379,0.469066379600821
491535.0,2677185.0,0.0,1.0399551336347244,0.8052262877203168,1.0118405566155853,0.7386828595768657,1.0002565808949655,0.8093391753830542,1.0000394453204269,1.044665284822479,1.9999973878335735,0.9838591860296272,1.198102807372512,1.3529120537456203,0.8493735326902911,1.00033995882866,0.2823101738713379,0.469066379600821
492735.0,2677185.0,0.0,1.0399551336347244,0.9292850742314346,1.0118405566155853,0.1811219408570024,1.0002565808949655,1.186338422444426,1.0000394453204269,1.044665284822479,1.9999973878335735,0.9838591860296272,0.7500965606764758,0.7503490707331599,0.8493735326902911,1.00033995882866,0.2823101738713379,0.469066379600821
493935.0,2677185.0,0.0,1.0399551336347244,0.9292850742314346,1.0118405566155853,3.1494459396812817,1.0002565808949655,0.8093391753830542,1.0000394453204269,1.044665284822479,1.9999973878335735,0.9838591860296272,0.0,0.0,0.8493735326902911,1.00033995882866,0.2823101738713379,0.469066379600821
495135.0,2677185.0,0.0,1.0399551336347244,0.8052262877203168,1.0118405566155853,0.6537459580982762,1.0002565808949655,1.186338422444426,1.0000394453204269,1.044665284822479,1.9999973878335735,0.9838591860296272,1.7444769311303143,0.0,0.8493735326902911,1.00033995882866,0.2823101738713379,0.469066379600821
496335.0,2677185.0,0.0,1.0399551336347244,0.8052262877203168,1.0118405566155853,0.6537459580982762,1.0002565808949655,0.8093391753830542,1.0000394453204269,1.044665284822479,1.9999973878335735,0.9838591860296272,1.7444769311303143,0.0,0.8493735326902911,1.00033995882866,0.2823101738713379,0.469066379600821
497535.0,2677185.0,0.0,1.0399551336347244,0.8052262877203168,1.0118405566155853,0.1811219408570024,1.0002565808949655,1.186338422444426,1.0000394453204269,1.044665284822479,1.9999973878335735,0.9838591860296272,0.0,0.0,0.8493735326902911,1.00033995882866,0.2823101738713379,0.469066379600821
498735.0,2677185.0,0.0,1.0399551336347244,1.41919570500929,1.0118405566155853,0.1811219408570024,1.0002565808949655,1.186338422444426,1.0000394453204269,1.044665284822479,1.9999973878335735,0.9838591860296272,0.7500965606764758,1.3529120537456203,0.8493735326902911,1.00033995882866,0.2823101738713379,0.469066379600821
499935.0,2677185.0,0.0,1.0399551336347244,0.9292850742314346,1.0118405566155853,0.6537459580982762,1.0002565808949655,1.186338422444426,1.0000394453204269,1.044665284822479,1.9999973878335735,0.9838591860296272,0.7500965606764758,1.3529120537456203,0.8493735326902911,1.00033995882866,0.2823101738713379,0.469066379600821
501135.0,2677185.0,0.0,1.0399551336347244,0.8052262877203168,1.0118405566155853,0.6537459580982762,1.0002565808949655,0.8093391753830542,1.0000394453204269,1.044665284822479,1.9999973878335735,0.9838591860296272,0.7500965606764758,0.0,0.8493735326902911,1.00033995882866,0.2823101738713379,0.469066379600821
490335.0,2675985.0,0.0,1.0399551336347244,0.9292850742314346,1.0118405566155853,0.1811219408570024,1.0002565808949655,0.8093391753830542,1.0000394453204269,0.8359572766454578,1.9999973878335735,0.9838591860296272,0.7500965606764758,1.3529120537456203,0.8493735326902911,1.00033995882866,0.2823101738713379,0.469066379600821
491535.0,2675985.0,0.0,1.0399551336347244,0.9292850742314346,1.0118405566155853,0.6537459580982762,1.0002565808949655,0.8093391753830542,1.0000394453204269,1.044665284822479,1.9999973878335735,0.9838591860296272,0.7500965606764758,1.3529120537456203,0.8493735326902911,1.00033995882866,0.2823101738713379,0.469066379600821
492735.0,2675985.0,0.0,1.0399551336347244,1.41919570500929,1.0118405566155853,0.6537459580982762,1.0002565808949655,1.186338422444426,1.0000394453204269,1.044665284822479,1.9999973878335735,0.9838591860296272,0.7500965606764758,0.7503490707331599,0.8493735326902911,1.00033995882866,0.2823101738713379,0.469066379600821
493935.0,2675985.0,0.0,1.0399551336347244,0.8052262877203168,1.0118405566155853,0.0,1.0002565808949655,0.8093391753830542,1.0000394453204269,1.044665284822479,0.0,0.9838591860296272,0.7500965606764758,1.3529120537456203,0.8493735326902911,1.00033995882866,0.2823101738713379,0.469066379600821
495135.0,2675985.0,0.0,1.0399551336347244,0.9292850742314346,1.0118405566155853,0.1811219408570024,1.0002565808949655,0.8093391753830542,1.0000394453204269,1.044665284822479,1.9999973878335735,0.9838591860296272,0.7500965606764758,1.3529120537456203,0.8493735326902911,1.00033995882866,0.2823101738713379,0.469066379600821
496335.0,2675985.0,0.0,1.0399551336347244,0.9292850742314346,1.0118405566155853,0.1811219408570024,1.0002565808949655,1.186338422444426,1.0000394453204269,1.044665284822479,1.9999973878335735,0.9838591860296272,1.198102807372512,0.7503490707331599,0.8493735326902911,1.00033995882866,0.2823101738713379,0.469066379600821
497535.0,2675985.0,0.0,1.0399551336347244,1.41919570500929,1.0118405566155853,0.1811219408570024,1.0002565808949655,1.186338422444426,1.0000394453204269,1.044665284822479,1.9999973878335735,0.9838591860296272,0.7500965606764758,0.7503490707331599,0.8493735326902911,1.00033995882866,0.2823101738713379,0.469066379600821
498735.0,2675985.0,0.0,1.0399551336347244,0.9292850742314346,1.0118405566155853,3.1494459396812817,1.0002565808949655,0.8093391753830542,1.0000394453204269,1.044665284822479,1.9999973878335735,0.9838591860296272,1.198102807372512,0.7503490707331599,0.8493735326902911,1.00033995882866,0.2823101738713379,0.469066379600821
499935.0,2675985.0,0.0,1.0399551336347244,0.8052262877203168,1.0118405566155853,0.1811219408570024,1.0002565808949655,0.8093391753830542,1.0000394453204269,1.044665284822479,2.666670149564333,0.9838591860296272,1.198102807372512,0.0,0.8493735326902911,1.00033995882866,0.2823101738713379,0.469066379600821
490335.0,2674785.0,0.0,1.0399551336347244,0.0,1.0118405566155853,0.1811219408570024,1.0002565808949655,1.186338422444426,1.0000394453204269,1.044665284822479,2.666670149564333,0.9838591860296272,1.7444769311303143,0.7503490707331599,0.8493735326902911,1.00033995882866,0.2823101738713379,0.469066379600821
491535.0,2674785.0,0.0,1.0399551336347244,0.9292850742314346,1.0118405566155853,0.1811219408570024,1.0002565808949655,0.8093391753830542,1.0000394453204269,1.044665284822479,1.9999973878335735,0.9838591860296272,1.198102807372512,0.7503490707331599,0.8493735326902911,1.00033995882866,0.2823101738713379,0.469066379600821
492735.0,2674785.0,0.0,1.0399551336347244,0.8052262877203168,1.0118405566155853,0.6537459580982762,1.0002565808949655,0.8093391753830542,1.0000394453204269,1.044665284822479,1.9999973878335735,0.9838591860296272,1.198102807372512,1.3529120537456203,0.0,1.00033995882866,0.2823101738713379,0.469066379600821
493935.0,2674785.0,0.0,1.0399551336347244,1.41919570500929,1.0118405566155853,3.1494459396812817,1.0002565808949655,0.8093391753830542,1.0000394453204269,1.044665284822479,1.9999973878335735,0.9838591860296272,0.7500965606764758,1.3529120537456203,0.8493735326902911,1.00033995882866,0.2823101738713379,0.469066379600821
495135.0,2674785.0,0.0,1.0399551336347244,0.9292850742314346,1.0118405566155853,0.1811219408570024,1.0002565808949655,0.8093391753830542,1.0000394453204269,1.044665284822479,0.0,0.9838591860296272,0.7500965606764758,1.3529120537456203,0.8493735326902911,1.00033995882866,0.2823101738713379,0.469066379600821
496335.0,2674785.0,0.0,1.0399551336347244,1.41919570500929,1.0118405566155853,0.7386828595768657,1.0002565808949655,1.186338422444426,1.0000394453204269,1.044665284822479,0.0,0.9838591860296272,1.7444769311303143,1.3529120537456203,0.8493735326902911,1.00033995882866,0.2823101738713379,0.469066379600821
497535.0,2674785.0,0.0,1.0399551336347244,0.9292850742314346,1.0118405566155853,0.6537459580982762,1.0002565808949655,1.186338422444426,1.0000394453204269,1.044665284822479,0.0,0.9838591860296272,0.7500965606764758,1.3529120537456203,0.8493735326902911,1.00033995882866,0.2823101738713379,0.469066379600821
498735.0,2674785.0,0.0,1.0399551336347244,0.9292850742314346,1.0118405566155853,0.6537459580982762,1.0002565808949655,0.8093391753830542,1.0000394453204269,1.044665284822479,1.9999973878335735,0.9838591860296272,0.7500965606764758,1.3529120537456203,0.8493735326902911,1.00033995882866,0.2823101738713379,0.469066379600821
499935.0,2674785.0,0.0,1.0399551336347244,1.41919570500929,1.0118405566155853,0.1811219408570024,1.0002565808949655,0.8093391753830542,1.0000394453204269,1.044665284822479,1.9999973878335735,0.9838591860296272,0.7500965606764758,1.3529120537456203,0.8493735326902911,1.00033995882866,0.2823101738713379,0.469066379600821
490335.0,2673585.0,0.0,1.0399551336347244,0.9292850742314346,1.0118405566155853,0.1811219408570024,1.0002565808949655,1.186338422444426,1.0000394453204269,1.044665284822479,1.9999973878335735,0.9838591860296272,0.7500965606764758,1.3529120537456203,0.8493735326902911,1.00033995882866,0.2823101738713379,0.469066379600821
491535.0,2673585.0,0.0,1.0399551336347244,0.9292850742314346,1.0118405566155853,0.1811219408570024,1.0002565808949655,1.186338422444426,1.0000394453204269,1.044665284822479,1.9999973878335735,0.9838591860296272,1.7444769311303143,1.3529120537456203,0.8493735326902911,1.00033995882866,0.2823101738713379,0.469066379600821
492735.0,2673585.0,0.0,1.0399551336347244,0.9292850742314346,1.0118405566155853,0.6537459580982762,1.0002565808949655,1.186338422444426,1.0000394453204269,1.044665284822479,1.9999973878335735,0.9838591860296272,0.7500965606764758,1.3529120537456203,0.8493735326902911,1.00033995882866,1.8953159656210397,0.469066379600821
493935.0,2673585.0,0.0,1.0399551336347244,0.9292850742314346,1.0118405566155853,0.6537459580982762,1.0002565808949655,1.186338422444426,1.0000394453204269,1.044665284822479,1.9999973878335735,0.9838591860296272,0.7500965606764758,1.3529120537456203,0.8493735326902911,1.00033995882866,0.2823101738713379,0.469066379600821
495135.0,2673585.0,0.0,1.0399551336347244,0.9292850742314346,1.0118405566155853,0.7386828595768657,1.0002565808949655,1.186338422444426,1.0000394453204269,1.044665284822479,0.0,0.9838591860296272,0.7500965606764758,1.3529120537456203,0.8493735326902911,1.00033995882866,0.2823101738713379,0.469066379600821
496335.0,2673585.0,0.0,1.0399551336347244,0.9292850742314346,1.0118405566155853,0.6537459580982762,1.0002565808949655,1.186338422444426,1.0000394453204269,1.044665284822479,0.0,0.9838591860296272,0.0,1.3529120537456203,0.8493735326902911,1.00033995882866,0.2823101738713379,0.469066379600821
497535.0,2673585.0,0.0,1.0399551336347244,1.41919570500929,1.0118405566155853,3.1494459396812817,1.0002565808949655,1.186338422444426,1.0000394453204269,1.044665284822479,0.0,0.9838591860296272,0.7500965606764758,1.3529120537456203,0.8493735326902911,1.00033995882866,0.2823101738713379,0.469066379600821
498735.0,2673585.0,0.0,1.0399551336347244,1.41919570500929,1.0118405566155853,0.6537459580982762,1.0002565808949655,0.8093391753830542,1.0000394453204269,1.044665284822479,1.9999973878335735,0.9838591860296272,1.7444769311303143,1.3529120537456203,0.8493735326902911,1.00033995882866,0.2823101738713379,0.469066379600821
499935.0,2673585.0,0.0,1.0399551336347244,1.41919570500929,1.0118405566155853,0.7386828595768657,1.0002565808949655,1.186338422444426,1.0000394453204269,1.044665284822479,1.9999973878335735,0.9838591860296272,1.7444769311303143,0.7503490707331599,0.8493735326902911,1.00033995882866,0.2823101738713379,0.469066379600821
489135.0,2672385.0,0.0,1.0399551336347244,0.9292850742314346,1.0118405566155853,0.7386828595768657,1.0002565808949655,0.8093391753830542,1.0000394453204269,1.044665284822479,1.9999973878335735,0.9838591860296272,1.7444769311303143,1.3529120537456203,0.8493735326902911,1.00033995882866,0.2823101738713379,0.469066379600821
490335.0,2672385.0,0.0,1.0399551336347244,0.8052262877203168,1.0118405566155853,0.0,1.0002565808949655,0.8093391753830542,1.0000394453204269,1.044665284822479,0.0,0.9838591860296272,1.198102807372512,1.3529120537456203,3.643673812226212,1.00033995882866,0.2823101738713379,0.469066379600821
491535.0,2672385.0,0.0,1.0399551336347244,0.8052262877203168,1.0118405566155853,0.1811219408570024,1.0002565808949655,0.8093391753830542,1.0000394453204269,1.044665284822479,1.9999973878335735,0.9838591860296272,0.0,0.0,0.8493735326902911,1.00033995882866,0.2823101738713379,0.469066379600821
492735.0,2672385.0,0.0,1.0399551336347244,1.41919570500929,1.0118405566155853,3.1494459396812817,1.0002565808949655,1.186338422444426,1.0000394453204269,1.044665284822479,0.0,0.9838591860296272,0.7500965606764758,0.7503490707331599,0.8493735326902911,1.00033995882866,0.2823101738713379,0.469066379600821
493935.0,2672385.0,0.0,1.0399551336347244,0.8052262877203168,1.0118405566155853,0.6537459580982762,1.0002565808949655,0.8093391753830542,1.0000394453204269,1.044665284822479,0.0,0.9838591860296272,1.198102807372512,0.7503490707331599,3.643673812226212,1.00033995882866,0.2823101738713379,0.469066379600821
495135.0,2672385.0,0.0,1.0399551336347244,0.9292850742314346,1.0118405566155853,0.7386828595768657,1.0002565808949655,0.8093391753830542,1.0000394453204269,1.044665284822479,0.0,0.9838591860296272,1.198102807372512,0.7503490707331599,0.8493735326902911,1.00033995882866,0.2823101738713379,0.469066379600821
496335.0,2672385.0,0.0,1.0399551336347244,1.41919570500929,1.0118405566155853,0.1811219408570024,1.0002565808949655,1.186338422444426,1.0000394453204269,1.044665284822479,0.0,0.9838591860296272,0.7500965606764758,0.7503490707331599,0.8493735326902911,1.00033995882866,1.8953159656210397,0.469066379600821
497535.0,2672385.0,0.0,1.0399551336347244,0.8052262877203168,1.0118405566155853,0.6537459580982762,1.0002565808949655,1.186338422444426,1.0000394453204269,1.044665284822479,0.0,0.9838591860296272,1.198102807372512,1.3529120537456203,3.643673812226212,1.00033995882866,0.2823101738713379,0.469066379600821
498735.0,2672385.0,0.0,1.0399551336347244,1.41919570500929,1.0118405566155853,0.6537459580982762,1.0002565808949655,1.186338422444426,1.0000394453204269,1.044665284822479,0.0,0.9838591860296272,0.7500965606764758,0.7503490707331599,0.8493735326902911,1.00033995882866,0.2823101738713379,0.469066379600821
499935.0,2672385.0,0.3333324626123284,1.0399551336347244,1.41919570500929,1.0118405566155853,0.0,1.0002565808949655,0.8093391753830542,1.0000394453204269,1.044665284822479,0.0,0.9838591860296272,0.7500965606764758,0.7503490707331599,0.8493735326902911,1.00033995882866,0.2823101738713379,0.469066379600821
489135.0,2671185.0,0.0,1.0399551336347244,0.8052262877203168,1.0118405566155853,0.1811219408570024,1.0002565808949655,0.8093391753830542,1.0000394453204269,1.044665284822479,1.9999973878335735,0.9838591860296272,1.198102807372512,1.3529120537456203,0.8493735326902911,1.00033995882866,0.2823101738713379,0.469066379600821
490335.0,2671185.0,0.0,1.0399551336347244,0.8052262877203168,1.0118405566155853,3.1494459396812817,1.0002565808949655,0.8093391753830542,1.0000394453204269,1.044665284822479,0.0,0.9838591860296272,1.198102807372512,1.3529120537456203,0.8493735326902911,1.00033995882866,0.2823101738713379,0.469066379600821
491535.0,2671185.0,0.0,1.0399551336347244,0.9292850742314346,1.0118405566155853,0.1811219408570024,1.0002565808949655,1.186338422444426,1.0000394453204269,1.044665284822479,1.9999973878335735,0.9838591860296272,0.7500965606764758,1.3529120537456203,0.8493735326902911,1.00033995882866,0.2823101738713379,0.469066379600821
492735.0,2671185.0,0.0,1.0399551336347244,1.41919570500929,1.0118405566155853,3.1494459396812817,1.0002565808949655,1.186338422444426,1.0000394453204269,1.044665284822479,0.0,0.9838591860296272,1.7444769311303143,1.3529120537456203,0.8493735326902911,1.00033995882866,0.2823101738713379,0.469066379600821
493935.0,2671185.0,0.0,1.0399551336347244,0.9292850742314346,1.0118405566155853,3.1494459396812817,1.0002565808949655,1.186338422444426,1.0000394453204269,1.044665284822479,0.0,0.9838591860296272,1.198102807372512,0.7503490707331599,0.8493735326902911,1.00033995882866,40.7927349061228,0.469066379600821
495135.0,2671185.0,0.0,1.0399551336347244,0.8052262877203168,1.0118405566155853,3.1494459396812817,1.0002565808949655,0.8093391753830542,1.0000394453204269,1.044665284822479,0.0,0.9838591860296272,1.198102807372512,0.7503490707331599,3.643673812226212,1.00033995882866,0.2823101738713379,0.469066379600821
496335.0,2671185.0,0.0,1.0399551336347244,0.9292850742314346,1.0118405566155853,0.1811219408570024,1.0002565808949655,1.186338422444426,1.0000394453204269,1.044665284822479,1.9999973878335735,0.9838591860296272,1.7444769311303143,1.3529120537456203,0.8493735326902911,1.00033995882866,0.2823101738713379,0.469066379600821
497535.0,2671185.0,0.3333324626123284,1.0399551336347244,0.8052262877203168,1.0118405566155853,0.6537459580982762,1.0002565808949655,0.8093391753830542,1.0000394453204269,1.044665284822479,1.9999973878335735,0.9838591860296272,1.198102807372512,1.3529120537456203,3.643673812226212,1.00033995882866,0.2823101738713379,0.469066379600821
498735.0,2671185.0,0.3333324626123284,1.0399551336347244,1.41919570500929,1.0118405566155853,3.1494459396812817,1.0002565808949655,1.186338422444426,1.0000394453204269,1.044665284822479,0.0,0.9838591860296272,0.7500965606764758,0.7503490707331599,0.8493735326902911,1.00033995882866,0.2823101738713379,0.469066379600821
487935.0,2669985.0,0.0,1.0399551336347244,0.9292850742314346,1.0118405566155853,0.1811219408570024,1.0002565808949655,1.186338422444426,1.0000394453204269,0.8359572766454578,1.9999973878335735,0.9838591860296272,0.7500965606764758,1.3529120537456203,0.8493735326902911,1.00033995882866,0.2823101738713379,0.469066379600821
489135.0,2669985.0,0.0,1.0399551336347244,1.41919570500929,1.0118405566155853,0.7386828595768657,1.0002565808949655,0.8093391753830542,1.0000394453204269,1.044665284822479,1.9999973878335735,0.9838591860296272,0.0,1.3529120537456203,0.8493735326902911,1.00033995882866,0.2823101738713379,0.469066379600821
490335.0,2669985.0,0.0,1.0399551336347244,0.8052262877203168,1.0118405566155853,3.1494459396812817,1.0002565808949655,0.8093391753830542,1.0000394453204269,1.044665284822479,1.9999973878335735,0.9838591860296272,1.7444769311303143,0.0,0.8493735326902911,1.00033995882866,0.2823101738713379,0.469066379600821
491535.0,2669985.0,0.0,1.0399551336347244,0.9292850742314346,1.0118405566155853,0.6537459580982762,1.0002565808949655,1.186338422444426,1.0000394453204269,1.044665284822479,0.0,0.9838591860296272,0.7500965606764758,0.7503490707331599,0.8493735326902911,1.00033995882866,1.8953159656210397,0.469066379600821
492735.0,2669985.0,0.0,1.0399551336347244,0.9292850742314346,1.0118405566155853,3.1494459396812817,1.0002565808949655,0.8093391753830542,1.0000394453204269,1.044665284822479,0.0,0.9838591860296272,1.198102807372512,0.7503490707331599,0.8493735326902911,1.00033995882866,0.2823101738713379,0.469066379600821
493935.0,2669985.0,0.0,1.0399551336347244,0.8052262877203168,1.0118405566155853,0.6537459580982762,1.0002565808949655,0.8093391753830542,1.0000394453204269,1.044665284822479,0.0,0.9838591860296272,0.0,0.0,0.8493735326902911,1.00033995882866,0.2823101738713379,0.469066379600821
495135.0,2669985.0,0.3333324626123284,1.0399551336347244,0.9292850742314346,1.0118405566155853,0.7386828595768657,1.0002565808949655,1.186338422444426,1.0000394453204269,1.044665284822479,0.0,0.9838591860296272,0.7500965606764758,1.3529120537456203,0.8493735326902911,1.00033995882866,0.2823101738713379,0.469066379600821
496335.0,2669985.0,0.3333324626123284,1.0399551336347244,1.41919570500929,1.0118405566155853,3.1494459396812817,1.0002565808949655,0.8093391753830542,1.0000394453204269,1.044665284822479,0.0,0.9838591860296272,1.7444769311303143,1.3529120537456203,0.8493735326902911,1.00033995882866,0.2823101738713379,0.469066379600821
497535.0,2669985.0,0.3333324626123284,1.0399551336347244,0.8052262877203168,1.0118405566155853,0.1811219408570024,1.0002565808949655,1.186338422444426,1.0000394453204269,1.044665284822479,1.9999973878335735,0.9838591860296272,1.198102807372512,1.3529120537456203,3.643673812226212,1.00033995882866,0.2823101738713379,0.469066379600821
498735.0,2669985.0,0.3333324626123284,1.0399551336347244,1.41919570500929,1.0118405566155853,0.1811219408570024,1.0002565808949655,1.186338422444426,1.0000394453204269,1.044665284822479,1.9999973878335735,0.9838591860296272,0.0,1.3529120537456203,0.8493735326902911,1.00033995882866,0.2823101738713379,0.469066379600821
487935.0,2668785.0,0.0,1.0399551336347244,0.9292850742314346,1.0118405566155853,0.1811219408570024,1.0002565808949655,1.186338422444426,1.0000394453204269,1.044665284822479,1.9999973878335735,0.9838591860296272,0.7500965606764758,1.3529120537456203,0.8493735326902911,1.00033995882866,0.2823101738713379,0.469066379600821
489135.0,2668785.0,0.0,1.0399551336347244,0.9292850742314346,1.0118405566155853,0.7386828595768657,1.0002565808949655,1.186338422444426,1.0000394453204269,1.044665284822479,0.0,0.9838591860296272,0.7500965606764758,1.3529120537456203,0.8493735326902911,1.00033995882866,0.2823101738713379,0.469066379600821
490335.0,2668785.0,0.0,1.0399551336347244,0.9292850742314346,1.0118405566155853,0.1811219408570024,1.0002565808949655,1.186338422444426,1.0000394453204269,1.044665284822479,1.9999973878335735,0.9838591860296272,0.7500965606764758,1.3529120537456203,0.8493735326902911,1.00033995882866,0.2823101738713379,0.469066379600821
491535.0,2668785.0,0.0,1.0399551336347244,1.41919570500929,1.0118405566155853,3.1494459396812817,1.0002565808949655,1.186338422444426,1.0000394453204269,1.044665284822479,0.0,0.9838591860296272,1.7444769311303143,1.3529120537456203,0.8493735326902911,1.00033995882866,0.2823101738713379,0.469066379600821
492735.0,2668785.0,0.0,1.0399551336347244,1.41919570500929,1.0118405566155853,0.6537459580982762,1.0002565808949655,1.186338422444426,1.0000394453204269,1.044665284822479,0.0,0.9838591860296272,1.7444769311303143,1.3529120537456203,0.8493735326902911,1.00033995882866,0.2823101738713379,0.469066379600821
493935.0,2668785.0,0.3333324626123284,1.0399551336347244,0.9292850742314346,1.0118405566155853,0.1811219408570024,1.0002565808949655,0.8093391753830542,1.0000394453204269,1.044665284822479,1.9999973878335735,0.9838591860296272,1.198102807372512,1.3529120537456203,0.8493735326902911,1.00033995882866,0.2823101738713379,0.469066379600821
495135.0,2668785.0,0.3333324626123284,1.0399551336347244,0.9292850742314346,1.0118405566155853,0.6537459580982762,1.0002565808949655,1.186338422444426,1.0000394453204269,1.044665284822479,0.0,0.9838591860296272,0.0,1.3529120537456203,0.8493735326902911,1.00033995882866,0.2823101738713379,0.469066379600821
496335.0,2668785.0,0.3333324626123284,1.0399551336347244,1.41919570500929,1.0118405566155853,0.1811219408570024,1.0002565808949655,0.8093391753830542,1.0000394453204269,1.044665284822479,1.9999973878335735,0.9838591860296272,0.7500965606764758,0.7503490707331599,0.8493735326902911,1.00033995882866,0.2823101738713379,0.469066379600821
497535.0,2668785.0,0.3333324626123284,1.0399551336347244,0.9292850742314346,1.0118405566155853,0.6537459580982762,1.0002565808949655,1.186338422444426,1.0000394453204269,1.044665284822479,1.9999973878335735,0.9838591860296272,1.7444769311303143,1.3529120537456203,0.8493735326902911,1.00033995882866,0.2823101738713379,0.469066379600821
498735.0,2668785.0,0.3333324626123284,1.0399551336347244,0.9292850742314346,1.0118405566155853,0.1811219408570024,1.0002565808949655,0.8093391753830542,1.0000394453204269,1.044665284822479,1.9999973878335735,0.9838591860296272,0.7500965606764758,1.3529120537456203,0.8493735326902911,1.00033995882866,0.0,0.469066379600821
487935.0,2667585.0,0.0,1.0399551336347244,1.41919570500929,1.0118405566155853,0.6537459580982762,1.0002565808949655,1.186338422444426,1.0000394453204269,1.044665284822479,1.9999973878335735,0.9838591860296272,0.7500965606764758,0.7503490707331599,0.8493735326902911,1.00033995882866,0.2823101738713379,0.469066379600821
489135.0,2667585.0,0.0,1.0399551336347244,1.41919570500929,1.0118405566155853,0.7386828595768657,1.0002565808949655,1.186338422444426,1.0000394453204269,1.044665284822479,1.9999973878335735,0.9838591860296272,0.0,1.3529120537456203,0.8493735326902911,1.00033995882866,0.2823101738713379,0.469066379600821
490335.0,2667585.0,0.0,1.0399551336347244,0.9292850742314346,1.0118405566155853,0.1811219408570024,1.0002565808949655,0.8093391753830542,1.0000394453204269,1.044665284822479,0.0,0.9838591860296272,1.198102807372512,0.7503490707331599,0.8493735326902911,1.00033995882866,0.2823101738713379,0.469066379600821
491535.0,2667585.0,0.0,1.0399551336347244,0.9292850742314346,1.0118405566155853,3.1494459396812817,1.0002565808949655,1.186338422444426,1.0000394453204269,1.044665284822479,0.0,0.9838591860296272,1.7444769311303143,1.3529120537456203,0.8493735326902911,1.00033995882866,0.2823101738713379,0.469066379600821
492735.0,2667585.0,0.3333324626123284,1.0399551336347244,0.9292850742314346,1.0118405566155853,3.1494459396812817,1.0002565808949655,1.186338422444426,1.0000394453204269,1.044665284822479,0.0,0.9838591860296272,1.7444769311303143,1.3529120537456203,0.8493735326902911,1.00033995882866,0.2823101738713379,0.469066379600821
493935.0,2667585.0,0.3333324626123284,1.0399551336347244,0.8052262877203168,1.0118405566155853,0.6537459580982762,1.0002565808949655,1.186338422444426,1.0000394453204269,1.044665284822479,1.9999973878335735,0.9838591860296272,1.2466998513365868,1.3529120537456203,0.0,1.00033995882866,0.2823101738713379,0.469066379600821
495135.0,2667585.0,0.3333324626123284,1.0399551336347244,1.41919570500929,1.0118405566155853,3.1494459396812817,1.0002565808949655,0.8093391753830542,1.0000394453204269,1.044665284822479,0.0,0.9838591860296272,0.7500965606764758,0.7503490707331599,0.8493735326902911,1.00033995882866,0.2823101738713379,0.469066379600821
496335.0,2667585.0,0.3333324626123284,1.0399551336347244,1.41919570500929,1.0118405566155853,3.1494459396812817,1.0002565808949655,1.186338422444426,1.0000394453204269,1.044665284822479,1.9999973878335735,0.9838591860296272,0.7500965606764758,1.3529120537456203,0.8493735326902911,1.00033995882866,0.2823101738713379,0.469066379600821
486735.0,2666385.0,0.0,1.0399551336347244,0.8052262877203168,1.0118405566155853,0.1811219408570024,1.0002565808949655,1.186338422444426,1.0000394453204269,0.8359572766454578,1.9999973878335735,0.9838591860296272,1.198102807372512,1.3529120537456203,3.643673812226212,1.00033995882866,0.0,0.469066379600821
487935.0,2666385.0,0.0,1.0399551336347244,1.41919570500929,1.0118405566155853,0.6537459580982762,1.0002565808949655,0.8093391753830542,1.0000394453204269,1.044665284822479,1.9999973878335735,0.9838591860296272,0.7500965606764758,0.7503490707331599,0.8493735326902911,1.00033995882866,0.2823101738713379,0.469066379600821
489135.0,2666385.0,0.0,1.0399551336347244,0.9292850742314346,1.0118405566155853,0.7386828595768657,1.0002565808949655,0.8093391753830542,1.0000394453204269,1.044665284822479,0.0,0.9838591860296272,1.198102807372512,0.7503490707331599,0.8493735326902911,1.00033995882866,0.2823101738713379,0.469066379600821
490335.0,2666385.0,0.0,1.0399551336347244,0.9292850742314346,1.0118405566155853,0.6537459580982762,1.0002565808949655,1.186338422444426,1.0000394453204269,1.044665284822479,0.0,0.9838591860296272,0.7500965606764758,1.3529120537456203,0.8493735326902911,1.00033995882866,0.2823101738713379,0.469066379600821
491535.0,2666385.0,0.0,1.0399551336347244,0.9292850742314346,1.0118405566155853,0.6537459580982762,1.0002565808949655,0.8093391753830542,1.0000394453204269,1.044665284822479,0.0,0.9838591860296272,1.198102807372512,0.7503490707331599,0.8493735326902911,1.00033995882866,0.2823101738713379,0.469066379600821
492735.0,2666385.0,0.3333324626123284,1.0399551336347244,1.41919570500929,1.0118405566155853,3.1494459396812817,1.0002565808949655,1.186338422444426,1.0000394453204269,1.044665284822479,0.0,0.9838591860296272,0.7500965606764758,0.7503490707331599,0.8493735326902911,1.00033995882866,0.2823101738713379,0.469066379600821
493935.0,2666385.0,0.3333324626123284,1.0399551336347244,0.9292850742314346,1.0118405566155853,0.6537459580982762,1.0002565808949655,0.8093391753830542,1.0000394453204269,1.044665284822479,1.9999973878335735,0.9838591860296272,1.198102807372512,0.7503490707331599,0.8493735326902911,1.00033995882866,0.2823101738713379,0.469066379600821
495135.0,2666385.0,0.3333324626123284,1.0399551336347244,0.9292850742314346,1.0118405566155853,0.6537459580982762,1.0002565808949655,0.8093391753830542,1.0000394453204269,1.044665284822479,1.9999973878335735,0.9838591860296272,0.7500965606764758,1.3529120537456203,0.8493735326902911,1.00033995882866,0.2823101738713379,0.469066379600821
496335.0,2666385.0,0.3333324626123284,1.0399551336347244,0.9292850742314346,1.0118405566155853,0.6537459580982762,1.0002565808949655,0.8093391753830542,1.0000394453204269,1.044665284822479,1.9999973878335735,0.9838591860296272,0.0,1.3529120537456203,0.8493735326902911,1.00033995882866,0.2823101738713379,0.469066379600821
497535.0,2666385.0,0.3333324626123284,1.0399551336347244,0.9292850742314346,1.0118405566155853,0.6537459580982762,1.0002565808949655,1.186338422444426,1.0000394453204269,1.044665284822479,1.9999973878335735,0.9838591860296272,0.7500965606764758,1.3529120537456203,0.8493735326902911,1.00033995882866,0.2823101738713379,0.469066379600821
498735.0,2666385.0,0.3333324626123284,1.0399551336347244,0.9292850742314346,1.0118405566155853,0.1811219408570024,1.0002565808949655,1.186338422444426,1.0000394453204269,1.044665284822479,1.9999973878335735,0.9838591860296272,1.7444769311303143,1.3529120537456203,0.8493735326902911,1.00033995882866,0.2823101738713379,0.469066379600821
499935.0,2666385.0,0.3333324626123284,1.0399551336347244,0.9292850742314346,1.0118405566155853,0.1811219408570024,1.0002565808949655,1.186338422444426,1.0000394453204269,1.044665284822479,1.9999973878335735,0.9838591860296272,1.198102807372512,0.7503490707331599,0.8493735326902911,1.00033995882866,0.2823101738713379,0.469066379600821
486735.0,2665185.0,0.0,1.0399551336347244,1.41919570500929,1.0118405566155853,0.6537459580982762,1.0002565808949655,0.8093391753830542,1.0000394453204269,0.8359572766454578,1.9999973878335735,0.9838591860296272,1.7444769311303143,1.3529120537456203,0.8493735326902911,1.00033995882866,0.2823101738713379,0.469066379600821
487935.0,2665185.0,0.0,1.0399551336347244,0.9292850742314346,1.0118405566155853,0.1811219408570024,1.0002565808949655,0.8093391753830542,1.0000394453204269,1.044665284822479,1.9999973878335735,0.9838591860296272,1.198102807372512,0.7503490707331599,0.8493735326902911,1.00033995882866,0.2823101738713379,0.469066379600821
489135.0,2665185.0,0.0,1.0399551336347244,0.0,1.0118405566155853,3.1494459396812817,1.0002565808949655,1.186338422444426,1.0000394453204269,1.044665284822479,0.0,0.9838591860296272,0.7500965606764758,0.7503490707331599,0.8493735326902911,1.00033995882866,0.2823101738713379,0.469066379600821
490335.0,2665185.0,0.0,1.0399551336347244,0.8052262877203168,1.0118405566155853,0.1811219408570024,1.0002565808949655,0.8093391753830542,1.0000394453204269,1.044665284822479,0.0,0.9838591860296272,1.7444769311303143,0.0,0.8493735326902911,1.00033995882866,0.2823101738713379,0.469066379600821
491535.0,2665185.0,0.3333324626123284,1.0399551336347244,1.41919570500929,1.0118405566155853,0.7386828595768657,1.0002565808949655,1.186338422444426,1.0000394453204269,1.044665284822479,0.0,0.9838591860296272,0.7500965606764758,0.7503490707331599,0.8493735326902911,1.00033995882866,0.2823101738713379,0.469066379600821
492735.0,2665185.0,0.3333324626123284,1.0399551336347244,1.41919570500929,1.0118405566155853,0.1811219408570024,1.0002565808949655,1.186338422444426,1.0000394453204269,1.044665284822479,1.9999973878335735,0.9838591860296272,0.7500965606764758,0.7503490707331599,0.8493735326902911,1.00033995882866,0.2823101738713379,0.469066379600821
493935.0,2665185.0,0.3333324626123284,1.0399551336347244,1.41919570500929,1.0118405566155853,0.6537459580982762,1.0002565808949655,1.186338422444426,1.0000394453204269,1.044665284822479,1.9999973878335735,0.9838591860296272,0.0,1.3529120537456203,0.8493735326902911,1.00033995882866,0.2823101738713379,0.469066379600821
495135.0,2665185.0,0.3333324626123284,1.0399551336347244,0.9292850742314346,1.0118405566155853,0.6537459580982762,1.0002565808949655,0.8093391753830542,1.0000394453204269,1.044665284822479,0.0,0.9838591860296272,1.198102807372512,0.7503490707331599,0.8493735326902911,1.00033995882866,0.2823101738713379,0.469066379600821
496335.0,2665185.0,0.3333324626123284,1.0399551336347244,0.9292850742314346,1.0118405566155853,0.1811219408570024,1.0002565808949655,0.8093391753830542,1.0000394453204269,1.044665284822479,1.9999973878335735,0.9838591860296272,0.7500965606764758,0.7503490707331599,0.8493735326902911,1.00033995882866,0.2823101738713379,0.469066379600821
497535.0,2665185.0,0.3333324626123284,1.0399551336347244,0.8052262877203168,1.0118405566155853,0.6537459580982762,1.0002565808949655,1.186338422444426,1.0000394453204269,1.044665284822479,1.9999973878335735,0.9838591860296272,1.198102807372512,1.3529120537456203,0.8493735326902911,1.00033995882866,0.2823101738713379,0.469066379600821
498735.0,2665185.0,0.3333324626123284,1.0399551336347244,0.9292850742314346,1.0118405566155853,3.1494459396812817,1.0002565808949655,1.186338422444426,1.0000394453204269,1.044665284822479,0.0,0.9838591860296272,1.198102807372512,1.3529120537456203,0.8493735326902911,1.00033995882866,0.2823101738713379,0.469066379600821
499935.0,2665185.0,0.3333324626123284,1.0399551336347244,0.8052262877203168,1.0118405566155853,0.0,1.0002565808949655,0.8093391753830542,1.0000394453204269,1.044665284822479,0.0,0.9838591860296272,1.198102807372512,1.3529120537456203,3.643673812226212,1.00033995882866,1.8953159656210397,0.469066379600821
501135.0,2665185.0,0.3333324626123284,1.0399551336347244,1.41919570500929,1.0118405566155853,0.6537459580982762,1.0002565808949655,0.8093391753830542,1.0000394453204269,1.044665284822479,0.0,0.9838591860296272,0.7500965606764758,0.7503490707331599,0.8493735326902911,1.00033995882866,0.2823101738713379,0.469066379600821
502335.0,2665185.0,0.3333324626123284,1.0399551336347244,0.9292850742314346,1.0118405566155853,0.1811219408570024,1.0002565808949655,1.186338422444426,1.0000394453204269,1.044665284822479,1.9999973878335735,0.9838591860296272,1.198102807372512,1.3529120537456203,0.8493735326902911,1.00033995882866,0.2823101738713379,0.469066379600821
503535.0,2665185.0,0.3333324626123284,1.0399551336347244,0.9292850742314346,1.0118405566155853,0.7386828595768657,1.0002565808949655,0.8093391753830542,1.0000394453204269,1.044665284822479,0.0,0.9838591860296272,1.198102807372512,0.7503490707331599,0.8493735326902911,1.00033995882866,0.2823101738713379,0.469066379600821
486735.0,2663985.0,0.0,1.0399551336347244,0.8052262877203168,1.0118405566155853,0.6537459580982762,1.0002565808949655,0.8093391753830542,1.0000394453204269,0.8359572766454578,0.0,0.9838591860296272,1.198102807372512,1.3529120537456203,0.8493735326902911,1.00033995882866,0.2823101738713379,0.469066379600821
487935.0,2663985.0,0.0,1.0399551336347244,0.9292850742314346,1.0118405566155853,0.1811219408570024,1.0002565808949655,1.186338422444426,1.0000394453204269,1.044665284822479,1.9999973878335735,0.9838591860296272,1.7444769311303143,1.3529120537456203,0.8493735326902911,1.00033995882866,0.2823101738713379,0.469066379600821
489135.0,2663985.0,0.0,1.0399551336347244,0.8052262877203168,1.0118405566155853,0.1811219408570024,1.0002565808949655,1.186338422444426,1.0000394453204269,1.044665284822479,0.0,0.9838591860296272,1.198102807372512,1.3529120537456203,0.8493735326902911,1.00033995882866,0.2823101738713379,0.469066379600821
490335.0,2663985.0,0.0,1.0399551336347244,0.8052262877203168,1.0118405566155853,0.1811219408570024,1.0002565808949655,0.8093391753830542,1.0000394453204269,1.044665284822479,0.0,0.9838591860296272,1.2466998513365868,1.3529120537456203,0.0,1.00033995882866,0.2823101738713379,0.469066379600821
491535.0,2663985.0,0.3333324626123284,1.0399551336347244,0.9292850742314346,1.0118405566155853,3.1494459396812817,1.0002565808949655,0.8093391753830542,1.0000394453204269,1.044665284822479,0.0,0.9838591860296272,0.7500965606764758,1.3529120537456203,0.8493735326902911,1.00033995882866,0.2823101738713379,0.469066379600821
492735.0,2663985.0,0.3333324626123284,1.0399551336347244,1.41919570500929,1.0118405566155853,0.6537459580982762,1.0002565808949655,0.8093391753830542,1.0000394453204269,1.044665284822479,0.0,0.9838591860296272,0.7500965606764758,1.3529120537456203,0.8493735326902911,1.00033995882866,0.2823101738713379,0.469066379600821
493935.0,2663985.0,0.3333324626123284,1.0399551336347244,0.8052262877203168,1.0118405566155853,0.6537459580982762,1.0002565808949655,0.8093391753830542,1.0000394453204269,1.044665284822479,1.9999973878335735,0.9838591860296272,1.198102807372512,1.3529120537456203,0.0,1.00033995882866,0.2823101738713379,0.469066379600821
495135.0,2663985.0,0.3333324626123284,1.0399551336347244,0.8052262877203168,1.0118405566155853,0.1811219408570024,1.0002565808949655,0.8093391753830542,1.0000394453204269,1.044665284822479,1.9999973878335735,0.9838591860296272,1.198102807372512,1.3529120537456203,0.0,1.00033995882866,0.2823101738713379,0.469066379600821
496335.0,2663985.0,0.3333324626123284,1.0399551336347244,0.8052262877203168,1.0118405566155853,0.6537459580982762,1.0002565808949655,0.8093391753830542,1.0000394453204269,1.044665284822479,0.0,0.9838591860296272,1.198102807372512,1.3529120537456203,0.0,1.00033995882866,0.2823101738713379,0.469066379600821
497535.0,2663985.0,0.3333324626123284,1.0399551336347244,0.8052262877203168,1.0118405566155853,0.6537459580982762,1.0002565808949655,0.8093391753830542,1.0000394453204269,1.044665284822479,1.9999973878335735,0.9838591860296272,1.198102807372512,1.3529120537456203,0.8493735326902911,1.00033995882866,0.2823101738713379,0.469066379600821
498735.0,2663985.0,0.3333324626123284,1.0399551336347244,0.9292850742314346,1.0118405566155853,0.6537459580982762,1.0002565808949655,1.186338422444426,1.0000394453204269,1.044665284822479,1.9999973878335735,0.9838591860296272,1.7444769311303143,1.3529120537456203,0.8493735326902911,1.00033995882866,0.2823101738713379,0.469066379600821
499935.0,2663985.0,0.3333324626123284,1.0399551336347244,0.9292850742314346,1.0118405566155853,3.1494459396812817,1.0002565808949655,1.186338422444426,1.0000394453204269,1.044665284822479,0.0,0.9838591860296272,1.7444769311303143,1.3529120537456203,0.8493735326902911,1.00033995882866,0.2823101738713379,0.469066379600821
501135.0,2663985.0,0.3333324626123284,1.0399551336347244,0.8052262877203168,1.0118405566155853,0.6537459580982762,1.0002565808949655,1.186338422444426,1.0000394453204269,1.044665284822479,0.0,0.9838591860296272,1.198102807372512,1.3529120537456203,0.8493735326902911,1.00033995882866,0.2823101738713379,0.469066379600821
502335.0,2663985.0,0.3333324626123284,1.0399551336347244,0.8052262877203168,1.0118405566155853,0.6537459580982762,1.0002565808949655,1.186338422444426,1.0000394453204269,1.044665284822479,0.0,0.9838591860296272,1.198102807372512,1.3529120537456203,0.8493735326902911,1.00033995882866,0.2823101738713379,0.469066379600821
503535.0,2663985.0,0.3333324626123284,1.0399551336347244,0.9292850742314346,1.0118405566155853,3.1494459396812817,1.0002565808949655,1.186338422444426,1.0000394453204269,1.044665284822479,0.0,0.9838591860296272,0.7500965606764758,1.3529120537456203,0.8493735326902911,1.00033995882866,0.2823101738713379,0.469066379600821
504735.0,2663985.0,2.6666666666666665,1.0399551336347244,0.9292850742314346,1.0118405566155853,0.1811219408570024,1.0002565808949655,0.8093391753830542,1.0000394453204269,1.044665284822479,0.0,0.9838591860296272,0.7500965606764758,0.7503490707331599,0.8493735326902911,1.00033995882866,0.2823101738713379,0.469066379600821
505935.0,2663985.0,2.6666666666666665,1.0399551336347244,0.8052262877203168,1.0118405566155853,0.6537459580982762,1.0002565808949655,1.186338422444426,1.0000394453204269,1.044665284822479,0.0,0.9838591860296272,1.198102807372512,1.3529120537456203,0.8493735326902911,1.00033995882866,0.2823101738713379,0.469066379600821
507135.0,2663985.0,2.6666666666666665,1.0399551336347244,0.9292850742314346,1.0118405566155853,0.6537459580982762,1.0002565808949655,0.8093391753830542,1.0000394453204269,1.044665284822479,0.0,0.9838591860296272,0.7500965606764758,1.3529120537456203,0.8493735326902911,1.00033995882866,0.2823101738713379,0.469066379600821
508335.0,2663985.0,2.6666666666666665,1.0399551336347244,0.9292850742314346,1.0118405566155853,0.1811219408570024,1.0002565808949655,1.186338422444426,1.0000394453204269,1.044665284822479,1.9999973878335735,0.9838591860296272,1.198102807372512,1.3529120537456203,0.8493735326902911,1.00033995882866,0.2823101738713379,0.469066379600821
486735.0,2662785.0,0.0,1.0399551336347244,0.9292850742314346,1.0118405566155853,3.1494459396812817,1.0002565808949655,0.8093391753830542,1.0000394453204269,0.8359572766454578,1.9999973878335735,0.9838591860296272,0.0,1.3529120537456203,0.8493735326902911,1.00033995882866,0.2823101738713379,0.469066379600821
487935.0,2662785.0,0.0,1.0399551336347244,0.8052262877203168,1.0118405566155853,0.1811219408570024,1.0002565808949655,0.8093391753830542,1.0000394453204269,1.044665284822479,0.0,0.9838591860296272,1.2466998513365868,1.3529120537456203,0.0,1.00033995882866,0.2823101738713379,0.469066379600821
489135.0,2662785.0,0.0,1.0399551336347244,0.8052262877203168,1.0118405566155853,0.6537459580982762,1.0002565808949655,1.186338422444426,1.0000394453204269,1.044665284822479,0.0,0.9838591860296272,1.198102807372512,1.3529120537456203,0.8493735326902911,1.00033995882866,0.2823101738713379,0.469066379600821
490335.0,2662785.0,0.3333324626123284,1.0399551336347244,0.8052262877203168,1.0118405566155853,0.6537459580982762,1.0002565808949655,1.186338422444426,1.0000394453204269,1.044665284822479,0.0,0.9838591860296272,1.198102807372512,1.3529120537456203,3.643673812226212,1.00033995882866,0.2823101738713379,0.469066379600821
491535.0,2662785.0,0.3333324626123284,1.0399551336347244,0.9292850742314346,1.0118405566155853,3.1494459396812817,1.0002565808949655,0.8093391753830542,1.0000394453204269,1.044665284822479,0.0,0.9838591860296272,1.198102807372512,0.7503490707331599,0.8493735326902911,1.00033995882866,0.2823101738713379,0.469066379600821
492735.0,2662785.0,0.3333324626123284,1.0399551336347244,1.41919570500929,1.0118405566155853,0.1811219408570024,1.0002565808949655,1.186338422444426,1.0000394453204269,1.044665284822479,0.0,0.9838591860296272,1.7444769311303143,1.3529120537456203,0.8493735326902911,1.00033995882866,0.2823101738713379,0.469066379600821
493935.0,2662785.0,0.3333324626123284,1.0399551336347244,0.8052262877203168,1.0118405566155853,3.1494459396812817,1.0002565808949655,1.186338422444426,1.0000394453204269,1.044665284822479,0.0,0.9838591860296272,1.198102807372512,0.7503490707331599,3.643673812226212,1.00033995882866,0.2823101738713379,0.469066379600821
495135.0,2662785.0,0.3333324626123284,1.0399551336347244,0.9292850742314346,1.0118405566155853,0.1811219408570024,1.0002565808949655,1.186338422444426,1.0000394453204269,1.044665284822479,0.0,0.9838591860296272,1.198102807372512,0.7503490707331599,0.8493735326902911,1.00033995882866,0.2823101738713379,0.469066379600821
496335.0,2662785.0,0.3333324626123284,1.0399551336347244,0.9292850742314346,1.0118405566155853,0.1811219408570024,1.0002565808949655,1.186338422444426,1.0000394453204269,1.044665284822479,1.9999973878335735,0.9838591860296272,0.0,0.0,0.8493735326902911,1.00033995882866,0.2823101738713379,0.469066379600821
497535.0,2662785.0,0.3333324626123284,1.0399551336347244,0.8052262877203168,1.0118405566155853,0.6537459580982762,1.0002565808949655,0.8093391753830542,1.0000394453204269,1.044665284822479,0.0,0.9838591860296272,1.2466998513365868,0.0,0.8493735326902911,1.00033995882866,0.2823101738713379,0.469066379600821
498735.0,2662785.0,0.3333324626123284,1.0399551336347244,0.9292850742314346,1.0118405566155853,0.6537459580982762,1.0002565808949655,0.8093391753830542,1.0000394453204269,1.044665284822479,0.0,0.9838591860296272,1.198102807372512,0.7503490707331599,0.8493735326902911,1.00033995882866,0.2823101738713379,0.469066379600821
499935.0,2662785.0,0.3333324626123284,1.0399551336347244,0.8052262877203168,1.0118405566155853,0.6537459580982762,1.0002565808949655,1.186338422444426,1.0000394453204269,1.044665284822479,1.9999973878335735,0.9838591860296272,0.0,0.0,0.8493735326902911,1.00033995882866,0.2823101738713379,0.469066379600821
501135.0,2662785.0,0.3333324626123284,1.0399551336347244,0.8052262877203168,1.0118405566155853,0.6537459580982762,1.0002565808949655,1.186338422444426,1.0000394453204269,1.044665284822479,0.0,0.9838591860296272,1.7444769311303143,0.0,0.8493735326902911,1.00033995882866,0.2823101738713379,0.469066379600821
502335.0,2662785.0,0.3333324626123284,1.0399551336347244,0.8052262877203168,1.0118405566155853,0.0,1.0002565808949655,0.8093391753830542,1.0000394453204269,1.044665284822479,0.0,0.9838591860296272,1.2466998513365868,1.3529120537456203,0.0,1.00033995882866,0.2823101738713379,0.469066379600821
503535.0,2662785.0,0.3333324626123284,1.0399551336347244,0.9292850742314346,1.0118405566155853,0.1811219408570024,1.0002565808949655,1.186338422444426,1.0000394453204269,1.044665284822479,0.0,0.9838591860296272,1.7444769311303143,1.3529120537456203,0.8493735326902911,1.00033995882866,0.2823101738713379,0.469066379600821
504735.0,2662785.0,2.6666666666666665,1.0399551336347244,1.41919570500929,1.0118405566155853,0.1811219408570024,1.0002565808949655,1.186338422444426,1.0000394453204269,1.044665284822479,0.0,0.9838591860296272,0.7500965606764758,1.3529120537456203,0.8493735326902911,1.00033995882866,0.2823101738713379,0.469066379600821
505935.0,2662785.0,2.6666666666666665,1.0399551336347244,0.9292850742314346,1.0118405566155853,3.1494459396812817,1.0002565808949655,1.186338422444426,1.0000394453204269,1.044665284822479,0.0,0.9838591860296272,1.198102807372512,0.7503490707331599,0.8493735326902911,1.00033995882866,0.2823101738713379,0.469066379600821
507135.0,2662785.0,2.6666666666666665,1.0399551336347244,0.9292850742314346,1.0118405566155853,3.1494459396812817,1.0002565808949655,1.186338422444426,1.0000394453204269,1.044665284822479,0.0,0.9838591860296272,1.198102807372512,0.7503490707331599,3.643673812226212,1.00033995882866,0.2823101738713379,0.469066379600821
508335.0,2662785.0,1.0,1.0399551336347244,1.41919570500929,1.0118405566155853,0.1811219408570024,1.0002565808949655,0.8093391753830542,1.0000394453204269,1.044665284822479,0.0,0.9838591860296272,0.7500965606764758,1.3529120537456203,0.8493735326902911,1.00033995882866,0.2823101738713379,0.469066379600821
509535.0,2662785.0,1.0,1.0399551336347244,0.9292850742314346,1.0118405566155853,0.1811219408570024,1.0002565808949655,0.8093391753830542,1.0000394453204269,1.044665284822479,1.9999973878335735,0.9838591860296272,0.0,0.0,0.8493735326902911,1.00033995882866,0.0,0.469066379600821
514335.0,2662785.0,1.0,1.0399551336347244,0.9292850742314346,1.0118405566155853,0.0,1.0002565808949655,0.8093391753830542,1.0000394453204269,1.044665284822479,0.0,1.0253001657841805,1.198102807372512,0.7503490707331599,0.8493735326902911,1.00033995882866,0.2823101738713379,0.469066379600821
515535.0,2662785.0,1.0,1.0399551336347244,0.8052262877203168,1.0118405566155853,0.6537459580982762,1.0002565808949655,1.186338422444426,1.0000394453204269,1.044665284822479,0.0,1.0253001657841805,1.198102807372512,1.3529120537456203,0.8493735326902911,1.00033995882866,0.2823101738713379,0.469066379600821
485535.0,2661585.0,0.0,1.0399551336347244,0.8052262877203168,1.0118405566155853,0.6537459580982762,1.0002565808949655,0.8093391753830542,1.0000394453204269,0.8359572766454578,1.9999973878335735,0.9838591860296272,1.198102807372512,1.3529120537456203,0.8493735326902911,1.00033995882866,0.2823101738713379,0.469066379600821
486735.0,2661585.0,0.0,1.0399551336347244,0.9292850742314346,1.0118405566155853,0.6537459580982762,1.0002565808949655,1.186338422444426,1.0000394453204269,0.8359572766454578,1.9999973878335735,0.9838591860296272,0.7500965606764758,1.3529120537456203,0.8493735326902911,1.00033995882866,0.2823101738713379,0.469066379600821
487935.0,2661585.0,0.0,1.0399551336347244,0.8052262877203168,1.0118405566155853,3.1494459396812817,1.0002565808949655,0.8093391753830542,1.0000394453204269,1.044665284822479,0.0,0.9838591860296272,1.198102807372512,1.3529120537456203,3.643673812226212,1.00033995882866,0.2823101738713379,0.469066379600821
489135.0,2661585.0,0.0,1.0399551336347244,0.8052262877203168,1.0118405566155853,0.7386828595768657,1.0002565808949655,1.186338422444426,1.0000394453204269,1.044665284822479,0.0,0.9838591860296272,1.198102807372512,1.3529120537456203,0.8493735326902911,1.00033995882866,40.7927349061228,75.02812402006899
490335.0,2661585.0,0.3333324626123284,1.0399551336347244,0.9292850742314346,1.0118405566155853,0.1811219408570024,1.0002565808949655,0.8093391753830542,1.0000394453204269,1.044665284822479,0.0,0.9838591860296272,1.198102807372512,0.7503490707331599,0.8493735326902911,1.00033995882866,0.2823101738713379,0.469066379600821
491535.0,2661585.0,0.3333324626123284,1.0399551336347244,0.9292850742314346,1.0118405566155853,0.6537459580982762,1.0002565808949655,0.8093391753830542,1.0000394453204269,1.044665284822479,0.0,0.9838591860296272,1.198102807372512,0.7503490707331599,0.8493735326902911,1.00033995882866,0.2823101738713379,0.469066379600821
492735.0,2661585.0,0.3333324626123284,1.0399551336347244,1.41919570500929,1.0118405566155853,0.1811219408570024,1.0002565808949655,0.8093391753830542,1.0000394453204269,1.044665284822479,0.0,0.9838591860296272,0.7500965606764758,0.7503490707331599,0.8493735326902911,1.00033995882866,0.2823101738713379,0.469066379600821
493935.0,2661585.0,0.3333324626123284,1.0399551336347244,0.9292850742314346,1.0118405566155853,0.7386828595768657,1.0002565808949655,0.8093391753830542,1.0000394453204269,1.044665284822479,0.0,0.9838591860296272,1.198102807372512,0.7503490707331599,0.8493735326902911,1.00033995882866,0.2823101738713379,0.469066379600821
495135.0,2661585.0,0.3333324626123284,1.0399551336347244,1.41919570500929,1.0118405566155853,3.1494459396812817,1.0002565808949655,1.186338422444426,1.0000394453204269,1.044665284822479,0.0,0.9838591860296272,1.7444769311303143,1.3529120537456203,0.8493735326902911,1.00033995882866,0.2823101738713379,0.469066379600821
496335.0,2661585.0,0.3333324626123284,1.0399551336347244,0.9292850742314346,1.0118405566155853,0.6537459580982762,1.0002565808949655,1.186338422444426,1.0000394453204269,1.044665284822479,0.0,0.9838591860296272,0.7500965606764758,1.3529120537456203,0.8493735326902911,1.00033995882866,0.2823101738713379,0.469066379600821
497535.0,2661585.0,0.3333324626123284,1.0399551336347244,0.8052262877203168,1.0118405566155853,0.6537459580982762,1.0002565808949655,1.186338422444426,1.0000394453204269,1.044665284822479,0.0,0.9838591860296272,0.7500965606764758,0.0,0.8493735326902911,1.00033995882866,0.2823101738713379,0.469066379600821
498735.0,2661585.0,0.3333324626123284,1.0399551336347244,0.9292850742314346,1.0118405566155853,3.1494459396812817,1.0002565808949655,0.8093391753830542,1.0000394453204269,1.044665284822479,0.0,0.9838591860296272,1.198102807372512,0.7503490707331599,0.8493735326902911,1.00033995882866,0.2823101738713379,0.469066379600821
499935.0,2661585.0,0.3333324626123284,1.0399551336347244,0.9292850742314346,1.0118405566155853,0.1811219408570024,1.0002565808949655,1.186338422444426,1.0000394453204269,1.044665284822479,1.9999973878335735,0.9838591860296272,0.0,0.0,0.8493735326902911,1.00033995882866,0.2823101738713379,0.469066379600821
501135.0,2661585.0,0.3333324626123284,1.0399551336347244,1.41919570500929,1.0118405566155853,0.6537459580982762,1.0002565808949655,1.186338422444426,1.0000394453204269,1.044665284822479,0.0,0.9838591860296272,0.0,1.3529120537456203,0.8493735326902911,1.00033995882866,0.2823101738713379,0.469066379600821
502335.0,2661585.0,0.3333324626123284,1.0399551336347244,0.9292850742314346,1.0118405566155853,0.7386828595768657,1.0002565808949655,0.8093391753830542,1.0000394453204269,1.044665284822479,0.0,0.9838591860296272,0.7500965606764758,1.3529120537456203,0.8493735326902911,1.00033995882866,40.7927349061228,0.469066379600821
503535.0,2661585.0,2.6666666666666665,1.0399551336347244,1.41919570500929,1.0118405566155853,0.6537459580982762,1.0002565808949655,1.186338422444426,1.0000394453204269,1.044665284822479,0.0,0.9838591860296272,1.7444769311303143,1.3529120537456203,0.8493735326902911,1.00033995882866,0.2823101738713379,0.469066379600821
504735.0,2661585.0,2.6666666666666665,1.0399551336347244,1.41919570500929,1.0118405566155853,0.1811219408570024,1.0002565808949655,1.186338422444426,1.0000394453204269,1.044665284822479,0.0,0.9838591860296272,1.7444769311303143,1.3529120537456203,0.8493735326902911,1.00033995882866,0.2823101738713379,0.469066379600821
505935.0,2661585.0,2.6666666666666665,1.0399551336347244,0.9292850742314346,1.0118405566155853,0.7386828595768657,1.0002565808949655,1.186338422444426,1.0000394453204269,1.044665284822479,0.0,0.9838591860296272,1.198102807372512,0.7503490707331599,0.8493735326902911,1.00033995882866,0.2823101738713379,0.469066379600821
507135.0,2661585.0,2.6666666666666665,1.0399551336347244,0.9292850742314346,1.0118405566155853,0.6537459580982762,1.0002565808949655,0.8093391753830542,1.0000394453204269,1.044665284822479,0.0,0.9838591860296272,1.198102807372512,0.7503490707331599,0.8493735326902911,1.00033995882866,0.2823101738713379,0.469066379600821
508335.0,2661585.0,1.0,1.0399551336347244,0.9292850742314346,1.0118405566155853,0.6537459580982762,1.0002565808949655,0.8093391753830542,1.0000394453204269,1.044665284822479,0.0,0.9838591860296272,1.198102807372512,0.7503490707331599,0.8493735326902911,1.00033995882866,0.2823101738713379,0.469066379600821
509535.0,2661585.0,1.0,1.0399551336347244,1.41919570500929,1.0118405566155853,0.6537459580982762,1.0002565808949655,1.186338422444426,1.0000394453204269,1.044665284822479,0.0,0.9838591860296272,0.7500965606764758,0.7503490707331599,0.8493735326902911,1.00033995882866,0.2823101738713379,0.469066379600821
514335.0,2661585.0,1.0,1.0399551336347244,0.9292850742314346,1.0118405566155853,0.0,1.0002565808949655,1.186338422444426,1.0000394453204269,1.044665284822479,0.0,1.0253001657841805,1.198102807372512,0.7503490707331599,0.8493735326902911,1.00033995882866,0.2823101738713379,0.469066379600821
515535.0,2661585.0,1.0,1.0399551336347244,0.9292850742314346,1.0118405566155853,0.7386828595768657,1.0002565808949655,1.186338422444426,1.0000394453204269,1.044665284822479,0.0,1.0253001657841805,0.7500965606764758,1.3529120537456203,0.8493735326902911,1.00033995882866,0.2823101738713379,0.469066379600821
516735.0,2661585.0,1.0,1.0399551336347244,0.8052262877203168,1.0118405566155853,0.1811219408570024,1.0002565808949655,0.8093391753830542,1.0000394453204269,0.8359572766454578,0.0,0.0,1.2466998513365868,1.3529120537456203,0.0,1.00033995882866,0.2823101738713379,0.469066379600821
485535.0,2660385.0,0.0,1.0399551336347244,0.8052262877203168,1.0118405566155853,0.6537459580982762,1.0002565808949655,0.8093391753830542,1.0000394453204269,0.8359572766454578,1.9999973878335735,0.9838591860296272,1.198102807372512,1.3529120537456203,0.8493735326902911,1.00033995882866,0.2823101738713379,0.469066379600821
486735.0,2660385.0,0.0,1.0399551336347244,0.9292850742314346,1.0118405566155853,0.1811219408570024,1.0002565808949655,1.186338422444426,1.0000394453204269,0.8359572766454578,1.9999973878335735,0.9838591860296272,1.198102807372512,0.7503490707331599,0.8493735326902911,1.00033995882866,0.2823101738713379,0.469066379600821
487935.0,2660385.0,0.0,1.0399551336347244,0.9292850742314346,1.0118405566155853,0.1811219408570024,1.0002565808949655,1.186338422444426,1.0000394453204269,1.044665284822479,0.0,0.9838591860296272,0.7500965606764758,1.3529120537456203,0.8493735326902911,1.00033995882866,0.2823101738713379,0.469066379600821
489135.0,2660385.0,0.0,1.0399551336347244,0.8052262877203168,1.0118405566155853,3.1494459396812817,1.0002565808949655,1.186338422444426,1.0000394453204269,1.044665284822479,0.0,0.9838591860296272,1.198102807372512,1.3529120537456203,3.643673812226212,1.00033995882866,0.2823101738713379,0.469066379600821
490335.0,2660385.0,0.3333324626123284,1.0399551336347244,0.8052262877203168,1.0118405566155853,0.1811219408570024,1.0002565808949655,0.8093391753830542,1.0000394453204269,1.044665284822479,0.0,0.9838591860296272,0.0,0.0,0.8493735326902911,1.00033995882866,0.2823101738713379,0.469066379600821
491535.0,2660385.0,0.3333324626123284,1.0399551336347244,0.9292850742314346,1.0118405566155853,3.1494459396812817,1.0002565808949655,1.186338422444426,1.0000394453204269,1.044665284822479,0.0,0.9838591860296272,0.7500965606764758,1.3529120537456203,0.8493735326902911,1.00033995882866,0.2823101738713379,0.469066379600821
492735.0,2660385.0,0.3333324626123284,1.0399551336347244,0.8052262877203168,1.0118405566155853,0.1811219408570024,1.0002565808949655,0.8093391753830542,1.0000394453204269,1.044665284822479,0.0,0.9838591860296272,1.198102807372512,1.3529120537456203,3.643673812226212,1.00033995882866,0.2823101738713379,0.469066379600821
493935.0,2660385.0,0.3333324626123284,1.0399551336347244,0.9292850742314346,1.0118405566155853,3.1494459396812817,1.0002565808949655,0.8093391753830542,1.0000394453204269,1.044665284822479,0.0,0.9838591860296272,1.198102807372512,0.7503490707331599,0.8493735326902911,1.00033995882866,0.2823101738713379,0.469066379600821
495135.0,2660385.0,0.3333324626123284,1.0399551336347244,0.9292850742314346,1.0118405566155853,0.6537459580982762,1.0002565808949655,1.186338422444426,1.0000394453204269,1.044665284822479,0.0,0.9838591860296272,1.7444769311303143,1.3529120537456203,0.8493735326902911,1.00033995882866,0.2823101738713379,0.469066379600821
496335.0,2660385.0,0.3333324626123284,1.0399551336347244,0.8052262877203168,1.0118405566155853,0.6537459580982762,1.0002565808949655,0.8093391753830542,1.0000394453204269,1.044665284822479,0.0,0.9838591860296272,1.2466998513365868,1.3529120537456203,0.0,1.00033995882866,0.2823101738713379,0.469066379600821
497535.0,2660385.0,0.3333324626123284,1.0399551336347244,0.8052262877203168,1.0118405566155853,0.1811219408570024,1.0002565808949655,1.186338422444426,1.0000394453204269,1.044665284822479,1.9999973878335735,0.9838591860296272,1.2466998513365868,1.3529120537456203,0.0,1.00033995882866,0.2823101738713379,0.469066379600821
498735.0,2660385.0,0.3333324626123284,1.0399551336347244,0.9292850742314346,1.0118405566155853,3.1494459396812817,1.0002565808949655,1.186338422444426,1.0000394453204269,1.044665284822479,0.0,0.9838591860296272,1.7444769311303143,1.3529120537456203,0.8493735326902911,1.00033995882866,0.2823101738713379,0.469066379600821
499935.0,2660385.0,0.3333324626123284,1.0399551336347244,0.8052262877203168,1.0118405566155853,0.1811219408570024,1.0002565808949655,0.8093391753830542,1.0000394453204269,1.044665284822479,1.9999973878335735,0.9838591860296272,0.7500965606764758,1.3529120537456203,0.8493735326902911,1.00033995882866,0.2823101738713379,0.469066379600821
501135.0,2660385.0,2.6666666666666665,1.0399551336347244,0.9292850742314346,1.0118405566155853,0.1811219408570024,1.0002565808949655,0.8093391753830542,1.0000394453204269,1.044665284822479,0.0,0.9838591860296272,0.7500965606764758,1.3529120537456203,0.8493735326902911,1.00033995882866,0.2823101738713379,0.469066379600821
502335.0,2660385.0,2.6666666666666665,1.0399551336347244,0.8052262877203168,1.0118405566155853,0.6537459580982762,1.0002565808949655,1.186338422444426,1.0000394453204269,1.044665284822479,0.0,0.9838591860296272,0.7500965606764758,1.3529120537456203,0.8493735326902911,1.00033995882866,0.2823101738713379,0.469066379600821
503535.0,2660385.0,2.6666666666666665,1.0399551336347244,1.41919570500929,1.0118405566155853,0.7386828595768657,1.0002565808949655,1.186338422444426,1.0000394453204269,1.044665284822479,0.0,0.9838591860296272,0.7500965606764758,0.7503490707331599,0.8493735326902911,1.00033995882866,0.2823101738713379,0.469066379600821
504735.0,2660385.0,2.6666666666666665,1.0399551336347244,0.9292850742314346,1.0118405566155853,0.1811219408570024,1.0002565808949655,1.186338422444426,1.0000394453204269,1.044665284822479,0.0,0.9838591860296272,1.198102807372512,0.7503490707331599,0.8493735326902911,1.00033995882866,0.2823101738713379,0.469066379600821
505935.0,2660385.0,2.6666666666666665,1.0399551336347244,0.8052262877203168,1.0118405566155853,3.1494459396812817,1.0002565808949655,1.186338422444426,1.0000394453204269,1.044665284822479,0.0,0.9838591860296272,1.198102807372512,0.7503490707331599,3.643673812226212,1.00033995882866,0.2823101738713379,0.469066379600821
507135.0,2660385.0,1.0,1.0399551336347244,1.41919570500929,1.0118405566155853,3.1494459396812817,1.0002565808949655,1.186338422444426,1.0000394453204269,1.044665284822479,0.0,0.9838591860296272,0.0,1.3529120537456203,0.8493735326902911,1.00033995882866,0.2823101738713379,0.469066379600821
508335.0,2660385.0,1.0,1.0399551336347244,1.41919570500929,1.0118405566155853,0.1811219408570024,1.0002565808949655,0.8093391753830542,1.0000394453204269,1.044665284822479,0.0,0.9838591860296272,1.7444769311303143,1.3529120537456203,0.8493735326902911,1.00033995882866,0.2823101738713379,0.469066379600821
509535.0,2660385.0,1.0,1.0399551336347244,0.9292850742314346,1.0118405566155853,0.6537459580982762,1.0002565808949655,0.8093391753830542,1.0000394453204269,1.044665284822479,0.0,0.9838591860296272,1.198102807372512,0.7503490707331599,0.8493735326902911,1.00033995882866,0.2823101738713379,0.469066379600821
511935.0,2660385.0,1.0,1.0399551336347244,0.8052262877203168,1.0118405566155853,0.1811219408570024,1.0002565808949655,0.8093391753830542,1.0000394453204269,1.044665284822479,1.9999973878335735,0.0,0.0,0.0,0.8493735326902911,1.00033995882866,0.2823101738713379,0.469066379600821
513135.0,2660385.0,1.0,1.0399551336347244,0.9292850742314346,1.0118405566155853,0.6537459580982762,1.0002565808949655,0.8093391753830542,1.0000394453204269,1.044665284822479,0.0,0.0,0.0,1.3529120537456203,0.8493735326902911,1.00033995882866,0.2823101738713379,0.469066379600821
514335.0,2660385.0,1.0,1.0399551336347244,1.41919570500929,1.0118405566155853,0.0,1.0002565808949655,1.186338422444426,1.0000394453204269,1.044665284822479,0.0,1.0253001657841805,0.7500965606764758,0.7503490707331599,0.8493735326902911,1.00033995882866,0.2823101738713379,0.469066379600821
515535.0,2660385.0,1.0,1.0399551336347244,0.9292850742314346,1.0118405566155853,0.6537459580982762,1.0002565808949655,0.8093391753830542,1.0000394453204269,1.044665284822479,0.0,1.0253001657841805,0.0,0.0,0.8493735326902911,1.00033995882866,0.2823101738713379,0.469066379600821
516735.0,2660385.0,1.0,1.0399551336347244,0.9292850742314346,1.0118405566155853,0.1811219408570024,1.0002565808949655,1.186338422444426,1.0000394453204269,0.8359572766454578,0.0,0.0,1.7444769311303143,1.3529120537456203,0.8493735326902911,1.00033995882866,0.2823101738713379,0.469066379600821
485535.0,2659185.0,0.0,1.0399551336347244,1.41919570500929,1.0118405566155853,0.6537459580982762,1.0002565808949655,1.186338422444426,1.0000394453204269,0.8359572766454578,1.9999973878335735,0.9838591860296272,0.7500965606764758,0.7503490707331599,0.8493735326902911,1.00033995882866,0.2823101738713379,0.469066379600821
486735.0,2659185.0,0.0,1.0399551336347244,0.8052262877203168,1.0118405566155853,0.1811219408570024,1.0002565808949655,0.8093391753830542,1.0000394453204269,1.044665284822479,0.0,0.9838591860296272,1.198102807372512,0.7503490707331599,3.643673812226212,1.00033995882866,0.2823101738713379,0.469066379600821
487935.0,2659185.0,0.0,1.0399551336347244,0.9292850742314346,1.0118405566155853,0.6537459580982762,1.0002565808949655,1.186338422444426,1.0000394453204269,1.044665284822479,0.0,0.9838591860296272,0.7500965606764758,1.3529120537456203,0.8493735326902911,1.00033995882866,0.2823101738713379,0.469066379600821
489135.0,2659185.0,0.3333324626123284,1.0399551336347244,1.41919570500929,1.0118405566155853,3.1494459396812817,1.0002565808949655,0.8093391753830542,1.0000394453204269,1.044665284822479,0.0,0.9838591860296272,0.0,1.3529120537456203,0.8493735326902911,1.00033995882866,0.2823101738713379,0.469066379600821
490335.0,2659185.0,0.3333324626123284,1.0399551336347244,0.9292850742314346,1.0118405566155853,0.1811219408570024,1.0002565808949655,1.186338422444426,1.0000394453204269,1.044665284822479,0.0,0.9838591860296272,1.198102807372512,0.7503490707331599,0.8493735326902911,1.00033995882866,0.2823101738713379,0.469066379600821
491535.0,2659185.0,0.3333324626123284,1.0399551336347244,0.9292850742314346,1.0118405566155853,0.1811219408570024,1.0002565808949655,0.8093391753830542,1.0000394453204269,1.044665284822479,0.0,0.9838591860296272,1.198102807372512,0.7503490707331599,0.8493735326902911,1.00033995882866,0.2823101738713379,0.469066379600821
492735.0,2659185.0,0.3333324626123284,1.0399551336347244,1.41919570500929,1.0118405566155853,3.1494459396812817,1.0002565808949655,1.186338422444426,1.0000394453204269,1.044665284822479,0.0,0.9838591860296272,1.7444769311303143,1.3529120537456203,0.8493735326902911,1.00033995882866,0.2823101738713379,0.469066379600821
493935.0,2659185.0,0.3333324626123284,1.0399551336347244,0.9292850742314346,1.0118405566155853,0.1811219408570024,1.0002565808949655,0.8093391753830542,1.0000394453204269,1.044665284822479,0.0,0.9838591860296272,1.198102807372512,0.7503490707331599,0.8493735326902911,1.00033995882866,0.2823101738713379,0.469066379600821
495135.0,2659185.0,0.3333324626123284,1.0399551336347244,1.41919570500929,1.0118405566155853,0.1811219408570024,1.0002565808949655,0.8093391753830542,1.0000394453204269,1.044665284822479,0.0,0.9838591860296272,0.7500965606764758,0.7503490707331599,0.8493735326902911,1.00033995882866,0.2823101738713379,0.469066379600821
496335.0,2659185.0,0.3333324626123284,1.0399551336347244,0.9292850742314346,1.0118405566155853,0.1811219408570024,1.0002565808949655,1.186338422444426,1.0000394453204269,1.044665284822479,0.0,0.9838591860296272,0.7500965606764758,1.3529120537456203,0.8493735326902911,1.00033995882866,0.2823101738713379,0.469066379600821
497535.0,2659185.0,2.6666666666666665,1.0399551336347244,0.8052262877203168,1.0118405566155853,0.1811219408570024,1.0002565808949655,0.8093391753830542,1.0000394453204269,1.044665284822479,1.9999973878335735,0.9838591860296272,1.198102807372512,1.3529120537456203,0.8493735326902911,1.00033995882866,0.2823101738713379,0.469066379600821
498735.0,2659185.0,2.6666666666666665,1.0399551336347244,1.41919570500929,1.0118405566155853,0.1811219408570024,1.0002565808949655,1.186338422444426,1.0000394453204269,1.044665284822479,0.0,0.9838591860296272,0.0,1.3529120537456203,0.8493735326902911,1.00033995882866,0.2823101738713379,0.469066379600821
499935.0,2659185.0,2.6666666666666665,1.0399551336347244,0.8052262877203168,1.0118405566155853,0.1811219408570024,1.0002565808949655,0.8093391753830542,1.0000394453204269,1.044665284822479,1.9999973878335735,0.9838591860296272,0.0,0.0,0.8493735326902911,1.00033995882866,0.2823101738713379,0.469066379600821
501135.0,2659185.0,2.6666666666666665,1.0399551336347244,0.8052262877203168,1.0118405566155853,3.1494459396812817,1.0002565808949655,0.8093391753830542,1.0000394453204269,1.044665284822479,0.0,0.9838591860296272,1.198102807372512,1.3529120537456203,0.8493735326902911,1.00033995882866,0.2823101738713379,0.469066379600821
502335.0,2659185.0,2.6666666666666665,1.0399551336347244,0.9292850742314346,1.0118405566155853,0.6537459580982762,1.0002565808949655,1.186338422444426,1.0000394453204269,1.044665284822479,0.0,0.9838591860296272,1.198102807372512,1.3529120537456203,0.8493735326902911,1.00033995882866,0.2823101738713379,0.469066379600821
503535.0,2659185.0,2.6666666666666665,1.0399551336347244,1.41919570500929,1.0118405566155853,0.1811219408570024,1.0002565808949655,1.186338422444426,1.0000394453204269,1.044665284822479,0.0,0.9838591860296272,0.7500965606764758,1.3529120537456203,0.8493735326902911,1.00033995882866,0.2823101738713379,0.469066379600821
504735.0,2659185.0,2.6666666666666665,1.0399551336347244,0.9292850742314346,1.0118405566155853,0.7386828595768657,1.0002565808949655,0.8093391753830542,1.0000394453204269,1.044665284822479,0.0,0.9838591860296272,0.7500965606764758,1.3529120537456203,0.8493735326902911,1.00033995882866,0.2823101738713379,0.469066379600821
505935.0,2659185.0,2.6666666666666665,1.0399551336347244,0.9292850742314346,1.0118405566155853,3.1494459396812817,1.0002565808949655,1.186338422444426,1.0000394453204269,1.044665284822479,0.0,0.9838591860296272,1.7444769311303143,1.3529120537456203,0.8493735326902911,1.00033995882866,0.2823101738713379,0.469066379600821
507135.0,2659185.0,1.0,1.0399551336347244,0.9292850742314346,1.0118405566155853,0.6537459580982762,1.0002565808949655,1.186338422444426,1.0000394453204269,1.044665284822479,0.0,0.9838591860296272,0.0,1.3529120537456203,0.8493735326902911,1.00033995882866,0.2823101738713379,0.469066379600821
508335.0,2659185.0,1.0,1.0399551336347244,1.41919570500929,1.0118405566155853,0.1811219408570024,1.0002565808949655,1.186338422444426,1.0000394453204269,1.044665284822479,0.0,0.9838591860296272,0.7500965606764758,0.7503490707331599,0.8493735326902911,1.00033995882866,0.2823101738713379,0.469066379600821
509535.0,2659185.0,1.0,1.0399551336347244,1.41919570500929,1.0118405566155853,0.1811219408570024,1.0002565808949655,0.8093391753830542,1.0000394453204269,1.044665284822479,1.9999973878335735,0.9838591860296272,0.7500965606764758,1.3529120537456203,0.8493735326902911,1.00033995882866,0.2823101738713379,0.469066379600821
510735.0,2659185.0,1.0,1.0399551336347244,0.8052262877203168,1.0118405566155853,3.1494459396812817,1.0002565808949655,0.8093391753830542,1.0000394453204269,1.044665284822479,1.9999973878335735,3.173995232666598,0.7500965606764758,0.0,0.8493735326902911,1.00033995882866,0.2823101738713379,0.469066379600821
511935.0,2659185.0,1.0,1.0399551336347244,0.9292850742314346,1.0118405566155853,3.1494459396812817,1.0002565808949655,1.186338422444426,1.0000394453204269,1.044665284822479,0.0,0.0,0.7500965606764758,1.3529120537456203,0.8493735326902911,1.00033995882866,0.2823101738713379,0.469066379600821
513135.0,2659185.0,1.0,1.0399551336347244,0.8052262877203168,1.0118405566155853,0.1811219408570024,1.0002565808949655,0.8093391753830542,1.0000394453204269,1.044665284822479,0.0,0.0,0.0,0.0,0.8493735326902911,1.00033995882866,0.2823101738713379,0.469066379600821
514335.0,2659185.0,1.0,1.0399551336347244,0.0,1.0118405566155853,0.0,1.0002565808949655,1.186338422444426,1.0000394453204269,1.044665284822479,0.0,1.0253001657841805,1.7444769311303143,1.3529120537456203,0.8493735326902911,1.00033995882866,0.2823101738713379,0.469066379600821
515535.0,2659185.0,1.0,1.0399551336347244,0.8052262877203168,1.0118405566155853,0.7386828595768657,1.0002565808949655,0.8093391753830542,1.0000394453204269,0.8359572766454578,0.0,0.0,1.198102807372512,1.3529120537456203,3.643673812226212,1.00033995882866,0.2823101738713379,0.469066379600821
516735.0,2659185.0,1.0,1.0399551336347244,0.9292850742314346,1.0118405566155853,0.1811219408570024,1.0002565808949655,1.186338422444426,1.0000394453204269,0.8359572766454578,0.0,0.0,1.198102807372512,0.7503490707331599,3.643673812226212,1.00033995882866,0.2823101738713379,0.469066379600821
517935.0,2659185.0,1.0,1.0399551336347244,0.0,1.0118405566155853,0.7386828595768657,1.0002565808949655,1.186338422444426,1.0000394453204269,0.8359572766454578,0.0,3.173995232666598,1.7444769311303143,0.7503490707331599,0.8493735326902911,1.00033995882866,0.2823101738713379,0.469066379600821
485535.0,2657985.0,0.0,1.0399551336347244,0.9292850742314346,1.0118405566155853,3.1494459396812817,1.0002565808949655,1.186338422444426,1.0000394453204269,0.8359572766454578,1.9999973878335735,0.9838591860296272,0.7500965606764758,1.3529120537456203,0.8493735326902911,1.00033995882866,0.2823101738713379,0.469066379600821
486735.0,2657985.0,0.0,1.0399551336347244,0.9292850742314346,1.0118405566155853,0.1811219408570024,1.0002565808949655,1.186338422444426,1.0000394453204269,1.044665284822479,0.0,0.9838591860296272,0.7500965606764758,1.3529120537456203,0.8493735326902911,1.00033995882866,0.2823101738713379,0.469066379600821
487935.0,2657985.0,0.0,1.0399551336347244,1.41919570500929,1.0118405566155853,3.1494459396812817,1.0002565808949655,1.186338422444426,1.0000394453204269,1.044665284822479,0.0,0.9838591860296272,1.7444769311303143,1.3529120537456203,0.8493735326902911,1.00033995882866,0.2823101738713379,0.469066379600821
489135.0,2657985.0,0.3333324626123284,1.0399551336347244,0.8052262877203168,1.0118405566155853,0.7386828595768657,1.0002565808949655,0.8093391753830542,1.0000394453204269,1.044665284822479,0.0,0.9838591860296272,1.2466998513365868,1.3529120537456203,0.0,1.00033995882866,0.2823101738713379,0.469066379600821
490335.0,2657985.0,0.3333324626123284,1.0399551336347244,0.9292850742314346,1.0118405566155853,0.6537459580982762,1.0002565808949655,1.186338422444426,1.0000394453204269,1.044665284822479,0.0,0.9838591860296272,1.198102807372512,0.7503490707331599,0.8493735326902911,1.00033995882866,0.2823101738713379,0.469066379600821
491535.0,2657985.0,0.3333324626123284,1.0399551336347244,0.9292850742314346,1.0118405566155853,0.1811219408570024,1.0002565808949655,0.8093391753830542,1.0000394453204269,1.044665284822479,0.0,0.9838591860296272,1.198102807372512,0.7503490707331599,0.8493735326902911,1.00033995882866,0.2823101738713379,0.469066379600821
492735.0,2657985.0,0.3333324626123284,1.0399551336347244,0.8052262877203168,1.0118405566155853,0.6537459580982762,1.0002565808949655,0.8093391753830542,1.0000394453204269,1.044665284822479,0.0,0.9838591860296272,1.198102807372512,0.7503490707331599,3.643673812226212,1.00033995882866,0.2823101738713379,0.469066379600821
493935.0,2657985.0,0.3333324626123284,1.0399551336347244,0.9292850742314346,1.0118405566155853,0.6537459580982762,1.0002565808949655,0.8093391753830542,1.0000394453204269,1.044665284822479,0.0,0.9838591860296272,1.198102807372512,0.7503490707331599,0.8493735326902911,1.00033995882866,0.2823101738713379,0.469066379600821
495135.0,2657985.0,0.3333324626123284,1.0399551336347244,1.41919570500929,1.0118405566155853,3.1494459396812817,1.0002565808949655,1.186338422444426,1.0000394453204269,1.044665284822479,0.0,0.9838591860296272,0.7500965606764758,0.7503490707331599,0.8493735326902911,1.00033995882866,0.2823101738713379,0.469066379600821
496335.0,2657985.0,0.3333324626123284,1.0399551336347244,1.41919570500929,1.0118405566155853,0.6537459580982762,1.0002565808949655,1.186338422444426,1.0000394453204269,1.044665284822479,0.0,0.9838591860296272,0.7500965606764758,0.7503490707331599,0.8493735326902911,1.00033995882866,0.2823101738713379,0.469066379600821
497535.0,2657985.0,2.6666666666666665,1.0399551336347244,0.9292850742314346,1.0118405566155853,3.1494459396812817,1.0002565808949655,0.8093391753830542,1.0000394453204269,1.044665284822479,0.0,0.9838591860296272,1.7444769311303143,1.3529120537456203,0.8493735326902911,1.00033995882866,0.2823101738713379,0.469066379600821
498735.0,2657985.0,2.6666666666666665,1.0399551336347244,1.41919570500929,1.0118405566155853,0.6537459580982762,1.0002565808949655,1.186338422444426,1.0000394453204269,1.044665284822479,0.0,0.9838591860296272,0.0,1.3529120537456203,0.8493735326902911,1.00033995882866,0.2823101738713379,0.469066379600821
499935.0,2657985.0,2.6666666666666665,1.0399551336347244,0.8052262877203168,1.0118405566155853,0.1811219408570024,1.0002565808949655,0.8093391753830542,1.0000394453204269,1.044665284822479,1.9999973878335735,0.9838591860296272,0.0,0.0,0.8493735326902911,1.00033995882866,0.2823101738713379,0.469066379600821
501135.0,2657985.0,2.6666666666666665,1.0399551336347244,0.8052262877203168,1.0118405566155853,0.1811219408570024,1.0002565808949655,0.8093391753830542,1.0000394453204269,1.044665284822479,0.0,0.9838591860296272,0.0,0.0,0.8493735326902911,1.00033995882866,0.2823101738713379,0.469066379600821
502335.0,2657985.0,2.6666666666666665,1.0399551336347244,0.9292850742314346,1.0118405566155853,0.6537459580982762,1.0002565808949655,0.8093391753830542,1.0000394453204269,1.044665284822479,0.0,0.9838591860296272,1.198102807372512,0.7503490707331599,0.8493735326902911,1.00033995882866,0.2823101738713379,0.469066379600821
503535.0,2657985.0,2.6666666666666665,1.0399551336347244,0.9292850742314346,1.0118405566155853,0.6537459580982762,1.0002565808949655,0.8093391753830542,1.0000394453204269,1.044665284822479,0.0,0.9838591860296272,0.7500965606764758,1.3529120537456203,0.8493735326902911,1.00033995882866,0.2823101738713379,0.469066379600821
504735.0,2657985.0,2.6666666666666665,1.0399551336347244,1.41919570500929,1.0118405566155853,0.7386828595768657,1.0002565808949655,0.8093391753830542,1.0000394453204269,1.044665284822479,0.0,0.9838591860296272,1.198102807372512,0.7503490707331599,0.8493735326902911,1.00033995882866,0.2823101738713379,0.469066379600821
505935.0,2657985.0,2.6666666666666665,1.0399551336347244,1.41919570500929,1.0118405566155853,3.1494459396812817,1.0002565808949655,1.186338422444426,1.0000394453204269,1.044665284822479,0.0,0.9838591860296272,0.7500965606764758,1.3529120537456203,0.8493735326902911,1.00033995882866,0.2823101738713379,0.469066379600821
507135.0,2657985.0,1.0,1.0399551336347244,0.9292850742314346,1.0118405566155853,0.1811219408570024,1.0002565808949655,1.186338422444426,1.0000394453204269,1.044665284822479,0.0,0.9838591860296272,1.198102807372512,0.7503490707331599,0.8493735326902911,1.00033995882866,0.2823101738713379,0.469066379600821
508335.0,2657985.0,1.0,1.0399551336347244,1.41919570500929,1.0118405566155853,0.1811219408570024,1.0002565808949655,1.186338422444426,1.0000394453204269,1.044665284822479,1.9999973878335735,0.9838591860296272,1.7444769311303143,1.3529120537456203,0.8493735326902911,1.00033995882866,0.2823101738713379,0.469066379600821
509535.0,2657985.0,1.0,1.0399551336347244,0.8052262877203168,1.0118405566155853,0.1811219408570024,1.0002565808949655,1.186338422444426,1.0000394453204269,1.044665284822479,1.9999973878335735,0.9838591860296272,1.2466998513365868,1.3529120537456203,0.0,1.00033995882866,0.2823101738713379,0.469066379600821
510735.0,2657985.0,1.0,1.0399551336347244,0.9292850742314346,1.0118405566155853,0.1811219408570024,1.0002565808949655,1.186338422444426,1.0000394453204269,1.044665284822479,1.9999973878335735,3.173995232666598,1.198102807372512,0.7503490707331599,0.8493735326902911,1.00033995882866,0.2823101738713379,0.469066379600821
511935.0,2657985.0,1.0,1.0399551336347244,1.41919570500929,1.0118405566155853,0.1811219408570024,1.0002565808949655,1.186338422444426,1.0000394453204269,1.044665284822479,0.0,0.0,0.7500965606764758,0.7503490707331599,0.8493735326902911,1.00033995882866,0.2823101738713379,0.469066379600821
513135.0,2657985.0,1.0,1.0399551336347244,0.9292850742314346,1.0118405566155853,0.6537459580982762,1.0002565808949655,0.8093391753830542,1.0000394453204269,1.044665284822479,0.0,1.0253001657841805,1.198102807372512,0.7503490707331599,0.8493735326902911,1.00033995882866,0.2823101738713379,0.469066379600821
514335.0,2657985.0,1.0,1.0399551336347244,0.9292850742314346,1.0118405566155853,0.0,1.0002565808949655,0.8093391753830542,1.0000394453204269,1.044665284822479,0.0,1.0253001657841805,1.198102807372512,0.7503490707331599,0.8493735326902911,1.00033995882866,0.2823101738713379,0.469066379600821
515535.0,2657985.0,1.0,1.0399551336347244,0.9292850742314346,1.0118405566155853,0.1811219408570024,1.0002565808949655,1.186338422444426,1.0000394453204269,0.8359572766454578,0.0,0.0,0.7500965606764758,1.3529120537456203,0.8493735326902911,1.00033995882866,0.2823101738713379,0.469066379600821
516735.0,2657985.0,1.0,1.0399551336347244,0.8052262877203168,1.0118405566155853,0.1811219408570024,1.0002565808949655,0.8093391753830542,1.0000394453204269,0.8359572766454578,0.0,0.0,0.0,0.0,0.8493735326902911,1.00033995882866,0.2823101738713379,0.469066379600821
517935.0,2657985.0,1.0,1.0399551336347244,0.9292850742314346,1.0118405566155853,0.7386828595768657,1.0002565808949655,1.186338422444426,1.0000394453204269,0.8359572766454578,0.0,3.173995232666598,0.0,1.3529120537456203,0.8493735326902911,1.00033995882866,0.2823101738713379,0.469066379600821
481935.0,2656785.0,0.0,1.0399551336347244,0.8052262877203168,1.0118405566155853,0.1811219408570024,1.0002565808949655,0.8093391753830542,1.0000394453204269,0.8359572766454578,1.9999973878335735,0.9838591860296272,1.2466998513365868,1.3529120537456203,0.0,1.00033995882866,0.2823101738713379,0.469066379600821
483135.0,2656785.0,0.0,1.0399551336347244,0.9292850742314346,1.0118405566155853,3.1494459396812817,1.0002565808949655,1.186338422444426,1.0000394453204269,0.8359572766454578,1.9999973878335735,0.9838591860296272,1.198102807372512,0.7503490707331599,0.8493735326902911,1.00033995882866,0.0,0.469066379600821
484335.0,2656785.0,0.0,1.0399551336347244,0.8052262877203168,1.0118405566155853,0.1811219408570024,1.0002565808949655,0.8093391753830542,1.0000394453204269,0.8359572766454578,1.9999973878335735,0.9838591860296272,0.7500965606764758,1.3529120537456203,0.8493735326902911,1.00033995882866,0.0,0.469066379600821
485535.0,2656785.0,0.0,1.0399551336347244,0.8052262877203168,1.0118405566155853,0.6537459580982762,1.0002565808949655,0.8093391753830542,1.0000394453204269,0.8359572766454578,0.0,0.9838591860296272,1.2466998513365868,1.3529120537456203,0.0,1.00033995882866,0.2823101738713379,0.469066379600821
486735.0,2656785.0,0.0,1.0399551336347244,1.41919570500929,1.0118405566155853,0.6537459580982762,1.0002565808949655,1.186338422444426,1.0000394453204269,1.044665284822479,0.0,0.9838591860296272,0.7500965606764758,0.7503490707331599,0.8493735326902911,1.00033995882866,0.2823101738713379,0.469066379600821
487935.0,2656785.0,0.0,1.0399551336347244,0.8052262877203168,1.0118405566155853,0.7386828595768657,1.0002565808949655,0.8093391753830542,1.0000394453204269,1.044665284822479,0.0,0.9838591860296272,0.0,0.0,0.8493735326902911,1.00033995882866,0.2823101738713379,0.469066379600821
489135.0,2656785.0,0.3333324626123284,1.0399551336347244,0.9292850742314346,1.0118405566155853,3.1494459396812817,1.0002565808949655,0.8093391753830542,1.0000394453204269,1.044665284822479,0.0,0.9838591860296272,1.198102807372512,0.7503490707331599,0.8493735326902911,1.00033995882866,0.2823101738713379,0.469066379600821
490335.0,2656785.0,0.3333324626123284,1.0399551336347244,0.9292850742314346,1.0118405566155853,0.6537459580982762,1.0002565808949655,0.8093391753830542,1.0000394453204269,1.044665284822479,0.0,0.9838591860296272,1.198102807372512,0.7503490707331599,0.8493735326902911,1.00033995882866,0.2823101738713379,0.469066379600821
491535.0,2656785.0,0.3333324626123284,1.0399551336347244,1.41919570500929,1.0118405566155853,3.1494459396812817,1.0002565808949655,1.186338422444426,1.0000394453204269,1.044665284822479,0.0,0.9838591860296272,0.7500965606764758,1.3529120537456203,0.8493735326902911,1.00033995882866,0.2823101738713379,0.469066379600821
492735.0,2656785.0,0.3333324626123284,1.0399551336347244,1.41919570500929,1.0118405566155853,3.1494459396812817,1.0002565808949655,1.186338422444426,1.0000394453204269,1.044665284822479,0.0,0.9838591860296272,1.7444769311303143,0.7503490707331599,0.8493735326902911,1.00033995882866,0.2823101738713379,0.469066379600821
493935.0,2656785.0,0.3333324626123284,1.0399551336347244,1.41919570500929,1.0118405566155853,3.1494459396812817,1.0002565808949655,1.186338422444426,1.0000394453204269,1.044665284822479,0.0,0.9838591860296272,1.7444769311303143,1.3529120537456203,0.8493735326902911,1.00033995882866,0.2823101738713379,0.469066379600821
495135.0,2656785.0,0.3333324626123284,1.0399551336347244,1.41919570500929,1.0118405566155853,0.6537459580982762,1.0002565808949655,0.8093391753830542,1.0000394453204269,1.044665284822479,0.0,0.9838591860296272,1.7444769311303143,0.7503490707331599,0.8493735326902911,1.00033995882866,0.2823101738713379,0.469066379600821
496335.0,2656785.0,2.6666666666666665,1.0399551336347244,0.9292850742314346,1.0118405566155853,0.1811219408570024,1.0002565808949655,1.186338422444426,1.0000394453204269,1.044665284822479,0.0,0.9838591860296272,1.198102807372512,0.7503490707331599,0.8493735326902911,1.00033995882866,0.2823101738713379,0.469066379600821
497535.0,2656785.0,2.6666666666666665,1.0399551336347244,0.9292850742314346,1.0118405566155853,0.1811219408570024,1.0002565808949655,0.8093391753830542,1.0000394453204269,1.044665284822479,1.9999973878335735,0.9838591860296272,1.198102807372512,0.7503490707331599,0.8493735326902911,1.00033995882866,0.2823101738713379,0.469066379600821
498735.0,2656785.0,2.6666666666666665,1.0399551336347244,0.8052262877203168,1.0118405566155853,3.1494459396812817,1.0002565808949655,0.8093391753830542,1.0000394453204269,1.044665284822479,0.0,0.9838591860296272,1.198102807372512,1.3529120537456203,0.8493735326902911,1.00033995882866,0.2823101738713379,0.469066379600821
499935.0,2656785.0,2.6666666666666665,1.0399551336347244,0.8052262877203168,1.0118405566155853,0.1811219408570024,1.0002565808949655,0.8093391753830542,1.0000394453204269,1.044665284822479,1.9999973878335735,0.9838591860296272,1.198102807372512,1.3529120537456203,3.643673812226212,1.00033995882866,0.2823101738713379,0.469066379600821
501135.0,2656785.0,2.6666666666666665,1.0399551336347244,0.9292850742314346,1.0118405566155853,0.1811219408570024,1.0002565808949655,1.186338422444426,1.0000394453204269,1.044665284822479,0.0,0.9838591860296272,0.0,1.3529120537456203,0.8493735326902911,1.00033995882866,0.2823101738713379,0.469066379600821
502335.0,2656785.0,2.6666666666666665,1.0399551336347244,1.41919570500929,1.0118405566155853,0.7386828595768657,1.0002565808949655,0.8093391753830542,1.0000394453204269,1.044665284822479,0.0,0.9838591860296272,0.7500965606764758,0.7503490707331599,0.8493735326902911,1.00033995882866,0.2823101738713379,0.469066379600821
503535.0,2656785.0,2.6666666666666665,1.0399551336347244,0.9292850742314346,1.0118405566155853,0.6537459580982762,1.0002565808949655,1.186338422444426,1.0000394453204269,1.044665284822479,0.0,0.9838591860296272,0.0,0.0,0.8493735326902911,1.00033995882866,0.2823101738713379,0.469066379600821
504735.0,2656785.0,2.6666666666666665,1.0399551336347244,0.9292850742314346,1.0118405566155853,0.1811219408570024,1.0002565808949655,1.186338422444426,1.0000394453204269,1.044665284822479,0.0,0.9838591860296272,1.7444769311303143,1.3529120537456203,0.8493735326902911,1.00033995882866,0.2823101738713379,0.469066379600821
505935.0,2656785.0,1.0,1.0399551336347244,0.0,1.0118405566155853,3.1494459396812817,1.0002565808949655,0.8093391753830542,1.0000394453204269,1.044665284822479,0.0,0.9838591860296272,1.7444769311303143,1.3529120537456203,0.8493735326902911,1.00033995882866,1.8953159656210397,0.469066379600821
507135.0,2656785.0,1.0,1.0399551336347244,1.41919570500929,1.0118405566155853,0.6537459580982762,1.0002565808949655,1.186338422444426,1.0000394453204269,1.044665284822479,0.0,0.9838591860296272,0.7500965606764758,0.7503490707331599,0.8493735326902911,1.00033995882866,0.2823101738713379,0.469066379600821
508335.0,2656785.0,1.0,1.0399551336347244,0.8052262877203168,1.0118405566155853,0.6537459580982762,1.0002565808949655,0.8093391753830542,1.0000394453204269,1.044665284822479,0.0,0.9838591860296272,1.2466998513365868,1.3529120537456203,0.0,1.00033995882866,0.2823101738713379,0.469066379600821
509535.0,2656785.0,1.0,1.0399551336347244,0.8052262877203168,1.0118405566155853,0.1811219408570024,1.0002565808949655,0.8093391753830542,1.0000394453204269,1.044665284822479,1.9999973878335735,3.173995232666598,1.2466998513365868,1.3529120537456203,0.0,1.00033995882866,0.2823101738713379,0.469066379600821
510735.0,2656785.0,1.0,1.0399551336347244,1.41919570500929,1.0118405566155853,0.6537459580982762,1.0002565808949655,1.186338422444426,1.0000394453204269,1.044665284822479,0.0,0.0,1.7444769311303143,1.3529120537456203,0.8493735326902911,1.00033995882866,0.2823101738713379,0.469066379600821
511935.0,2656785.0,1.0,1.0399551336347244,1.41919570500929,1.0118405566155853,0.1811219408570024,1.0002565808949655,0.8093391753830542,1.0000394453204269,1.044665284822479,0.0,0.0,1.7444769311303143,1.3529120537456203,0.8493735326902911,1.00033995882866,1.8953159656210397,0.469066379600821
513135.0,2656785.0,1.0,1.0399551336347244,1.41919570500929,1.0118405566155853,3.1494459396812817,1.0002565808949655,0.8093391753830542,1.0000394453204269,1.044665284822479,0.0,1.0253001657841805,1.7444769311303143,0.7503490707331599,0.8493735326902911,1.00033995882866,0.2823101738713379,0.469066379600821
514335.0,2656785.0,1.0,1.0399551336347244,0.8052262877203168,1.0118405566155853,0.6537459580982762,1.0002565808949655,1.186338422444426,1.0000394453204269,0.8359572766454578,0.0,1.0253001657841805,1.198102807372512,1.3529120537456203,0.8493735326902911,1.00033995882866,0.2823101738713379,0.469066379600821
515535.0,2656785.0,1.0,1.0399551336347244,0.8052262877203168,1.0118405566155853,0.6537459580982762,1.0002565808949655,0.8093391753830542,1.0000394453204269,0.8359572766454578,0.0,0.0,0.0,0.0,0.8493735326902911,1.00033995882866,0.2823101738713379,0.469066379600821
516735.0,2656785.0,1.0,1.0399551336347244,1.41919570500929,1.0118405566155853,0.6537459580982762,1.0002565808949655,1.186338422444426,1.0000394453204269,0.8359572766454578,0.0,3.173995232666598,1.7444769311303143,1.3529120537456203,0.8493735326902911,1.00033995882866,0.2823101738713379,0.469066379600821
517935.0,2656785.0,1.0,1.0399551336347244,1.41919570500929,1.0118405566155853,3.1494459396812817,1.0002565808949655,0.8093391753830542,1.0000394453204269,0.8359572766454578,0.0,0.9838591860296272,1.7444769311303143,1.3529120537456203,0.8493735326902911,1.00033995882866,0.2823101738713379,0.469066379600821
477135.0,2655585.0,0.0,1.0399551336347244,0.8052262877203168,1.0118405566155853,0.6537459580982762,1.0002565808949655,0.8093391753830542,1.0000394453204269,1.044665284822479,1.9999973878335735,1.0253001657841805,1.198102807372512,1.3529120537456203,0.8493735326902911,1.00033995882866,0.2823101738713379,0.469066379600821
478335.0,2655585.0,0.0,1.0399551336347244,0.9292850742314346,1.0118405566155853,3.1494459396812817,1.0002565808949655,0.8093391753830542,1.0000394453204269,1.044665284822479,0.0,0.0,0.7500965606764758,1.3529120537456203,0.8493735326902911,1.00033995882866,0.2823101738713379,0.469066379600821
479535.0,2655585.0,0.0,1.0399551336347244,0.8052262877203168,1.0118405566155853,3.1494459396812817,1.0002565808949655,1.186338422444426,1.0000394453204269,0.8359572766454578,0.0,3.173995232666598,1.198102807372512,1.3529120537456203,3.643673812226212,1.00033995882866,0.2823101738713379,0.469066379600821
480735.0,2655585.0,0.0,1.0399551336347244,0.9292850742314346,1.0118405566155853,3.1494459396812817,1.0002565808949655,0.8093391753830542,1.0000394453204269,0.8359572766454578,1.9999973878335735,0.9838591860296272,0.0,0.0,0.8493735326902911,1.00033995882866,0.2823101738713379,0.469066379600821
481935.0,2655585.0,0.0,1.0399551336347244,0.9292850742314346,1.0118405566155853,3.1494459396812817,1.0002565808949655,0.8093391753830542,1.0000394453204269,0.8359572766454578,1.9999973878335735,0.9838591860296272,1.198102807372512,0.7503490707331599,3.643673812226212,1.00033995882866,0.2823101738713379,0.469066379600821
483135.0,2655585.0,0.0,1.0399551336347244,0.8052262877203168,1.0118405566155853,0.6537459580982762,1.0002565808949655,1.186338422444426,1.0000394453204269,0.8359572766454578,1.9999973878335735,0.9838591860296272,1.198102807372512,1.3529120537456203,0.8493735326902911,1.00033995882866,0.2823101738713379,0.469066379600821
484335.0,2655585.0,0.0,1.0399551336347244,0.9292850742314346,1.0118405566155853,0.1811219408570024,1.0002565808949655,1.186338422444426,1.0000394453204269,0.8359572766454578,1.9999973878335735,0.9838591860296272,0.0,1.3529120537456203,0.8493735326902911,1.00033995882866,1.8953159656210397,0.469066379600821
485535.0,2655585.0,0.0,1.0399551336347244,0.9292850742314346,1.0118405566155853,0.6537459580982762,1.0002565808949655,0.8093391753830542,1.0000394453204269,1.044665284822479,1.9999973878335735,0.9838591860296272,1.198102807372512,0.7503490707331599,0.8493735326902911,1.00033995882866,0.2823101738713379,0.469066379600821
486735.0,2655585.0,0.0,1.0399551336347244,1.41919570500929,1.0118405566155853,0.1811219408570024,1.0002565808949655,1.186338422444426,1.0000394453204269,1.044665284822479,0.0,0.9838591860296272,0.0,1.3529120537456203,0.8493735326902911,1.00033995882866,0.2823101738713379,0.469066379600821
487935.0,2655585.0,0.0,1.0399551336347244,0.9292850742314346,1.0118405566155853,3.1494459396812817,1.0002565808949655,1.186338422444426,1.0000394453204269,1.044665284822479,0.0,0.9838591860296272,0.7500965606764758,1.3529120537456203,0.8493735326902911,1.00033995882866,0.2823101738713379,0.469066379600821
489135.0,2655585.0,0.3333324626123284,1.0399551336347244,0.9292850742314346,1.0118405566155853,0.6537459580982762,1.0002565808949655,1.186338422444426,1.0000394453204269,1.044665284822479,0.0,0.9838591860296272,1.7444769311303143,1.3529120537456203,0.8493735326902911,1.00033995882866,0.2823101738713379,0.469066379600821
490335.0,2655585.0,0.3333324626123284,1.0399551336347244,0.8052262877203168,1.0118405566155853,0.6537459580982762,1.0002565808949655,1.186338422444426,1.0000394453204269,1.044665284822479,0.0,0.9838591860296272,0.7500965606764758,1.3529120537456203,0.8493735326902911,1.00033995882866,0.2823101738713379,0.469066379600821
491535.0,2655585.0,0.3333324626123284,1.0399551336347244,0.9292850742314346,1.0118405566155853,0.6537459580982762,1.0002565808949655,0.8093391753830542,1.0000394453204269,1.044665284822479,0.0,0.9838591860296272,0.7500965606764758,1.3529120537456203,0.8493735326902911,1.00033995882866,0.2823101738713379,0.469066379600821
492735.0,2655585.0,0.3333324626123284,1.0399551336347244,0.9292850742314346,1.0118405566155853,0.6537459580982762,1.0002565808949655,1.186338422444426,1.0000394453204269,1.044665284822479,0.0,0.9838591860296272,1.198102807372512,0.7503490707331599,0.8493735326902911,1.00033995882866,0.2823101738713379,0.469066379600821
493935.0,2655585.0,0.3333324626123284,1.0399551336347244,0.9292850742314346,1.0118405566155853,3.1494459396812817,1.0002565808949655,1.186338422444426,1.0000394453204269,1.044665284822479,0.0,0.9838591860296272,1.198102807372512,0.7503490707331599,0.8493735326902911,1.00033995882866,0.2823101738713379,0.469066379600821
495135.0,2655585.0,2.6666666666666665,1.0399551336347244,0.9292850742314346,1.0118405566155853,0.1811219408570024,1.0002565808949655,0.8093391753830542,1.0000394453204269,1.044665284822479,0.0,0.9838591860296272,1.198102807372512,0.7503490707331599,0.8493735326902911,1.00033995882866,0.2823101738713379,0.469066379600821
496335.0,2655585.0,2.6666666666666665,1.0399551336347244,1.41919570500929,1.0118405566155853,0.1811219408570024,1.0002565808949655,1.186338422444426,1.0000394453204269,1.044665284822479,1.9999973878335735,0.9838591860296272,1.7444769311303143,1.3529120537456203,0.8493735326902911,1.00033995882866,0.2823101738713379,0.469066379600821
497535.0,2655585.0,2.6666666666666665,1.0399551336347244,0.8052262877203168,1.0118405566155853,0.1811219408570024,1.0002565808949655,0.8093391753830542,1.0000394453204269,1.044665284822479,1.9999973878335735,0.9838591860296272,1.198102807372512,1.3529120537456203,3.643673812226212,1.00033995882866,0.2823101738713379,0.469066379600821
498735.0,2655585.0,2.6666666666666665,1.0399551336347244,0.8052262877203168,1.0118405566155853,0.6537459580982762,1.0002565808949655,0.8093391753830542,1.0000394453204269,1.044665284822479,0.0,0.9838591860296272,1.2466998513365868,1.3529120537456203,0.0,1.00033995882866,0.2823101738713379,0.469066379600821
499935.0,2655585.0,2.6666666666666665,1.0399551336347244,0.9292850742314346,1.0118405566155853,0.6537459580982762,1.0002565808949655,0.8093391753830542,1.0000394453204269,1.044665284822479,1.9999973878335735,0.9838591860296272,1.198102807372512,0.7503490707331599,0.8493735326902911,1.00033995882866,0.2823101738713379,0.469066379600821
501135.0,2655585.0,2.6666666666666665,1.0399551336347244,0.9292850742314346,1.0118405566155853,0.1811219408570024,1.0002565808949655,0.8093391753830542,1.0000394453204269,1.044665284822479,0.0,0.9838591860296272,1.198102807372512,1.3529120537456203,0.8493735326902911,1.00033995882866,0.2823101738713379,0.469066379600821
502335.0,2655585.0,2.6666666666666665,1.0399551336347244,0.9292850742314346,1.0118405566155853,0.1811219408570024,1.0002565808949655,1.186338422444426,1.0000394453204269,1.044665284822479,0.0,0.9838591860296272,0.0,0.0,0.8493735326902911,1.00033995882866,0.2823101738713379,0.469066379600821
503535.0,2655585.0,2.6666666666666665,1.0399551336347244,0.9292850742314346,1.0118405566155853,0.6537459580982762,1.0002565808949655,0.8093391753830542,1.0000394453204269,1.044665284822479,0.0,0.9838591860296272,0.7500965606764758,1.3529120537456203,0.8493735326902911,1.00033995882866,0.2823101738713379,0.469066379600821
504735.0,2655585.0,2.6666666666666665,1.0399551336347244,0.9292850742314346,1.0118405566155853,3.1494459396812817,1.0002565808949655,0.8093391753830542,1.0000394453204269,1.044665284822479,0.0,0.9838591860296272,0.7500965606764758,1.3529120537456203,0.8493735326902911,1.00033995882866,0.2823101738713379,0.469066379600821
505935.0,2655585.0,1.0,1.0399551336347244,0.9292850742314346,1.0118405566155853,0.6537459580982762,1.0002565808949655,1.186338422444426,1.0000394453204269,1.044665284822479,0.0,0.9838591860296272,0.0,0.0,0.8493735326902911,1.00033995882866,0.2823101738713379,0.469066379600821
507135.0,2655585.0,1.0,1.0399551336347244,0.9292850742314346,1.0118405566155853,0.1811219408570024,1.0002565808949655,0.8093391753830542,1.0000394453204269,1.044665284822479,0.0,0.9838591860296272,1.198102807372512,0.7503490707331599,0.8493735326902911,1.00033995882866,0.2823101738713379,0.469066379600821
508335.0,2655585.0,1.0,1.0399551336347244,0.9292850742314346,1.0118405566155853,0.1811219408570024,1.0002565808949655,1.186338422444426,1.0000394453204269,1.044665284822479,1.9999973878335735,0.9838591860296272,1.198102807372512,0.7503490707331599,3.643673812226212,1.00033995882866,0.2823101738713379,0.469066379600821
509535.0,2655585.0,1.0,1.0399551336347244,0.9292850742314346,1.0118405566155853,0.1811219408570024,1.0002565808949655,0.8093391753830542,1.0000394453204269,1.044665284822479,1.9999973878335735,3.173995232666598,0.7500965606764758,1.3529120537456203,0.8493735326902911,1.00033995882866,0.2823101738713379,0.469066379600821
510735.0,2655585.0,1.0,1.0399551336347244,0.9292850742314346,1.0118405566155853,3.1494459396812817,1.0002565808949655,0.8093391753830542,1.0000394453204269,1.044665284822479,0.0,0.0,1.198102807372512,0.7503490707331599,0.8493735326902911,1.00033995882866,0.2823101738713379,0.469066379600821
511935.0,2655585.0,1.0,1.0399551336347244,0.9292850742314346,1.0118405566155853,0.6537459580982762,1.0002565808949655,1.186338422444426,1.0000394453204269,1.044665284822479,0.0,0.0,1.7444769311303143,1.3529120537456203,0.8493735326902911,1.00033995882866,0.2823101738713379,0.469066379600821
513135.0,2655585.0,1.0,1.0399551336347244,1.41919570500929,1.0118405566155853,3.1494459396812817,1.0002565808949655,1.186338422444426,1.0000394453204269,1.044665284822479,0.0,1.0253001657841805,0.7500965606764758,0.7503490707331599,0.8493735326902911,1.00033995882866,0.2823101738713379,0.469066379600821
514335.0,2655585.0,1.0,1.0399551336347244,1.41919570500929,1.0118405566155853,0.1811219408570024,1.0002565808949655,0.8093391753830542,1.0000394453204269,0.8359572766454578,0.0,0.0,0.7500965606764758,0.7503490707331599,0.8493735326902911,1.00033995882866,0.2823101738713379,0.469066379600821
515535.0,2655585.0,1.0,1.0399551336347244,0.8052262877203168,1.0118405566155853,0.1811219408570024,1.0002565808949655,1.186338422444426,1.0000394453204269,0.8359572766454578,0.0,0.0,1.7444769311303143,0.0,0.8493735326902911,1.00033995882866,0.2823101738713379,0.469066379600821
516735.0,2655585.0,1.0,1.0399551336347244,0.8052262877203168,1.0118405566155853,0.6537459580982762,1.0002565808949655,1.186338422444426,1.0000394453204269,0.8359572766454578,1.9999973878335735,3.173995232666598,0.7500965606764758,1.3529120537456203,0.8493735326902911,1.00033995882866,0.2823101738713379,0.469066379600821
517935.0,2655585.0,1.0,1.0399551336347244,0.9292850742314346,1.0118405566155853,0.6537459580982762,1.0002565808949655,1.186338422444426,1.0000394453204269,0.8359572766454578,0.0,0.9838591860296272,0.7500965606764758,1.3529120537456203,0.8493735326902911,1.00033995882866,0.2823101738713379,0.469066379600821
519135.0,2655585.0,1.0,1.0399551336347244,0.8052262877203168,1.0118405566155853,0.0,1.0002565808949655,1.186338422444426,1.0000394453204269,0.8359572766454578,0.0,0.9838591860296272,1.198102807372512,0.7503490707331599,3.643673812226212,1.00033995882866,0.2823101738713379,0.469066379600821
475935.0,2654385.0,0.0,1.0399551336347244,0.8052262877203168,1.0118405566155853,0.6537459580982762,1.0002565808949655,0.8093391753830542,1.0000394453204269,1.044665284822479,0.0,1.0253001657841805,1.2466998513365868,1.3529120537456203,0.0,1.00033995882866,0.2823101738713379,0.469066379600821
477135.0,2654385.0,0.0,1.0399551336347244,0.9292850742314346,1.0118405566155853,0.6537459580982762,1.0002565808949655,1.186338422444426,1.0000394453204269,1.044665284822479,1.9999973878335735,1.0253001657841805,1.198102807372512,0.7503490707331599,0.8493735326902911,1.00033995882866,0.2823101738713379,0.469066379600821
478335.0,2654385.0,0.0,1.0399551336347244,0.8052262877203168,1.0118405566155853,0.1811219408570024,1.0002565808949655,0.8093391753830542,1.0000394453204269,1.044665284822479,1.9999973878335735,0.0,0.0,0.0,0.8493735326902911,1.00033995882866,0.2823101738713379,0.469066379600821
479535.0,2654385.0,0.0,1.0399551336347244,1.41919570500929,1.0118405566155853,0.1811219408570024,1.0002565808949655,1.186338422444426,1.0000394453204269,0.8359572766454578,1.9999973878335735,3.173995232666598,0.7500965606764758,1.3529120537456203,0.8493735326902911,1.00033995882866,0.2823101738713379,0.469066379600821
480735.0,2654385.0,0.0,1.0399551336347244,0.8052262877203168,1.0118405566155853,3.1494459396812817,1.0002565808949655,0.8093391753830542,1.0000394453204269,0.8359572766454578,1.9999973878335735,0.9838591860296272,1.198102807372512,1.3529120537456203,3.643673812226212,1.00033995882866,0.2823101738713379,0.469066379600821
481935.0,2654385.0,0.0,1.0399551336347244,0.9292850742314346,1.0118405566155853,0.1811219408570024,1.0002565808949655,1.186338422444426,1.0000394453204269,0.8359572766454578,1.9999973878335735,0.9838591860296272,0.7500965606764758,1.3529120537456203,0.8493735326902911,1.00033995882866,0.2823101738713379,0.469066379600821
483135.0,2654385.0,0.0,1.0399551336347244,0.9292850742314346,1.0118405566155853,3.1494459396812817,1.0002565808949655,0.8093391753830542,1.0000394453204269,0.8359572766454578,1.9999973878335735,0.9838591860296272,0.7500965606764758,1.3529120537456203,0.8493735326902911,1.00033995882866,0.2823101738713379,0.469066379600821
484335.0,2654385.0,0.0,1.0399551336347244,0.9292850742314346,1.0118405566155853,0.1811219408570024,1.0002565808949655,0.8093391753830542,1.0000394453204269,0.8359572766454578,1.9999973878335735,0.9838591860296272,1.198102807372512,0.7503490707331599,0.8493735326902911,1.00033995882866,0.2823101738713379,0.469066379600821
485535.0,2654385.0,0.0,1.0399551336347244,0.9292850742314346,1.0118405566155853,0.6537459580982762,1.0002565808949655,0.8093391753830542,1.0000394453204269,1.044665284822479,1.9999973878335735,0.9838591860296272,1.198102807372512,0.7503490707331599,0.8493735326902911,1.00033995882866,0.2823101738713379,0.469066379600821
486735.0,2654385.0,0.0,1.0399551336347244,1.41919570500929,1.0118405566155853,3.1494459396812817,1.0002565808949655,1.186338422444426,1.0000394453204269,1.044665284822479,1.9999973878335735,0.9838591860296272,1.7444769311303143,0.7503490707331599,0.8493735326902911,1.00033995882866,0.2823101738713379,0.469066379600821
487935.0,2654385.0,0.3333324626123284,1.0399551336347244,1.41919570500929,1.0118405566155853,0.7386828595768657,1.0002565808949655,0.8093391753830542,1.0000394453204269,1.044665284822479,0.0,0.9838591860296272,0.7500965606764758,1.3529120537456203,0.8493735326902911,1.00033995882866,0.2823101738713379,0.469066379600821
489135.0,2654385.0,0.3333324626123284,1.0399551336347244,1.41919570500929,1.0118405566155853,0.1811219408570024,1.0002565808949655,1.186338422444426,1.0000394453204269,1.044665284822479,0.0,0.9838591860296272,0.7500965606764758,0.7503490707331599,0.8493735326902911,1.00033995882866,0.2823101738713379,0.469066379600821
490335.0,2654385.0,0.3333324626123284,1.0399551336347244,1.41919570500929,1.0118405566155853,0.6537459580982762,1.0002565808949655,0.8093391753830542,1.0000394453204269,1.044665284822479,0.0,0.9838591860296272,0.7500965606764758,0.7503490707331599,0.8493735326902911,1.00033995882866,0.2823101738713379,0.469066379600821
491535.0,2654385.0,0.3333324626123284,1.0399551336347244,0.9292850742314346,1.0118405566155853,0.6537459580982762,1.0002565808949655,0.8093391753830542,1.0000394453204269,1.044665284822479,0.0,0.9838591860296272,0.7500965606764758,1.3529120537456203,0.8493735326902911,1.00033995882866,0.2823101738713379,0.469066379600821
492735.0,2654385.0,0.3333324626123284,1.0399551336347244,1.41919570500929,1.0118405566155853,0.6537459580982762,1.0002565808949655,1.186338422444426,1.0000394453204269,1.044665284822479,0.0,0.9838591860296272,0.7500965606764758,0.7503490707331599,0.8493735326902911,1.00033995882866,0.2823101738713379,0.469066379600821
493935.0,2654385.0,0.3333324626123284,1.0399551336347244,1.41919570500929,1.0118405566155853,0.1811219408570024,1.0002565808949655,1.186338422444426,1.0000394453204269,1.044665284822479,0.0,0.9838591860296272,0.0,1.3529120537456203,0.8493735326902911,1.00033995882866,0.2823101738713379,0.469066379600821
495135.0,2654385.0,2.6666666666666665,1.0399551336347244,1.41919570500929,1.0118405566155853,3.1494459396812817,1.0002565808949655,1.186338422444426,1.0000394453204269,1.044665284822479,0.0,0.9838591860296272,0.7500965606764758,1.3529120537456203,0.8493735326902911,1.00033995882866,0.2823101738713379,0.469066379600821
496335.0,2654385.0,2.6666666666666665,1.0399551336347244,0.9292850742314346,1.0118405566155853,3.1494459396812817,1.0002565808949655,1.186338422444426,1.0000394453204269,1.044665284822479,0.0,0.9838591860296272,1.7444769311303143,1.3529120537456203,0.8493735326902911,1.00033995882866,0.2823101738713379,0.469066379600821
497535.0,2654385.0,2.6666666666666665,1.0399551336347244,0.9292850742314346,1.0118405566155853,0.6537459580982762,1.0002565808949655,0.8093391753830542,1.0000394453204269,1.044665284822479,1.9999973878335735,0.9838591860296272,0.7500965606764758,1.3529120537456203,0.8493735326902911,1.00033995882866,0.2823101738713379,0.469066379600821
498735.0,2654385.0,2.6666666666666665,1.0399551336347244,0.9292850742314346,1.0118405566155853,0.1811219408570024,1.0002565808949655,0.8093391753830542,1.0000394453204269,1.044665284822479,1.9999973878335735,0.9838591860296272,0.7500965606764758,1.3529120537456203,0.8493735326902911,1.00033995882866,0.2823101738713379,0.469066379600821
499935.0,2654385.0,2.6666666666666665,1.0399551336347244,0.9292850742314346,1.0118405566155853,0.1811219408570024,1.0002565808949655,0.8093391753830542,1.0000394453204269,1.044665284822479,1.9999973878335735,0.9838591860296272,0.7500965606764758,1.3529120537456203,0.8493735326902911,1.00033995882866,0.2823101738713379,0.469066379600821
501135.0,2654385.0,2.6666666666666665,1.0399551336347244,0.8052262877203168,1.0118405566155853,0.1811219408570024,1.0002565808949655,1.186338422444426,1.0000394453204269,1.044665284822479,1.9999973878335735,0.9838591860296272,1.198102807372512,1.3529120537456203,0.8493735326902911,1.00033995882866,0.2823101738713379,0.469066379600821
502335.0,2654385.0,2.6666666666666665,1.0399551336347244,0.9292850742314346,1.0118405566155853,0.1811219408570024,1.0002565808949655,1.186338422444426,1.0000394453204269,1.044665284822479,0.0,0.9838591860296272,0.7500965606764758,1.3529120537456203,0.8493735326902911,1.00033995882866,0.2823101738713379,0.469066379600821
503535.0,2654385.0,2.6666666666666665,1.0399551336347244,0.9292850742314346,1.0118405566155853,0.0,1.0002565808949655,1.186338422444426,1.0000394453204269,1.044665284822479,0.0,0.9838591860296272,0.0,0.0,0.8493735326902911,1.00033995882866,0.2823101738713379,0.469066379600821
504735.0,2654385.0,2.6666666666666665,1.0399551336347244,1.41919570500929,1.0118405566155853,0.7386828595768657,1.0002565808949655,1.186338422444426,1.0000394453204269,1.044665284822479,0.0,0.9838591860296272,0.7500965606764758,0.7503490707331599,0.8493735326902911,1.00033995882866,0.2823101738713379,0.469066379600821
505935.0,2654385.0,1.0,1.0399551336347244,1.41919570500929,1.0118405566155853,0.1811219408570024,1.0002565808949655,1.186338422444426,1.0000394453204269,1.044665284822479,0.0,0.9838591860296272,1.7444769311303143,1.3529120537456203,0.8493735326902911,1.00033995882866,0.2823101738713379,0.469066379600821
507135.0,2654385.0,1.0,1.0399551336347244,1.41919570500929,1.0118405566155853,0.6537459580982762,1.0002565808949655,1.186338422444426,1.0000394453204269,1.044665284822479,1.9999973878335735,0.9838591860296272,0.7500965606764758,0.7503490707331599,0.8493735326902911,1.00033995882866,0.2823101738713379,0.469066379600821
508335.0,2654385.0,1.0,1.0399551336347244,0.9292850742314346,1.0118405566155853,0.6537459580982762,1.0002565808949655,1.186338422444426,1.0000394453204269,1.044665284822479,1.9999973878335735,0.9838591860296272,0.0,1.3529120537456203,0.8493735326902911,1.00033995882866,0.2823101738713379,0.469066379600821
509535.0,2654385.0,1.0,1.0399551336347244,0.9292850742314346,1.0118405566155853,3.1494459396812817,1.0002565808949655,1.186338422444426,1.0000394453204269,1.044665284822479,0.0,3.173995232666598,0.7500965606764758,0.7503490707331599,0.8493735326902911,1.00033995882866,0.2823101738713379,0.469066379600821
510735.0,2654385.0,1.0,1.0399551336347244,0.9292850742314346,1.0118405566155853,0.1811219408570024,1.0002565808949655,0.8093391753830542,1.0000394453204269,1.044665284822479,0.0,0.0,1.7444769311303143,1.3529120537456203,0.8493735326902911,1.00033995882866,0.2823101738713379,0.469066379600821
511935.0,2654385.0,1.0,1.0399551336347244,0.9292850742314346,1.0118405566155853,0.7386828595768657,1.0002565808949655,1.186338422444426,1.0000394453204269,1.044665284822479,0.0,1.0253001657841805,0.7500965606764758,1.3529120537456203,0.8493735326902911,1.00033995882866,0.2823101738713379,0.469066379600821
513135.0,2654385.0,1.0,1.0399551336347244,1.41919570500929,1.0118405566155853,3.1494459396812817,1.0002565808949655,0.8093391753830542,1.0000394453204269,1.044665284822479,0.0,1.0253001657841805,0.7500965606764758,0.7503490707331599,0.8493735326902911,1.00033995882866,0.2823101738713379,0.469066379600821
514335.0,2654385.0,1.0,1.0399551336347244,1.41919570500929,1.0118405566155853,0.1811219408570024,1.0002565808949655,0.8093391753830542,1.0000394453204269,0.8359572766454578,0.0,0.0,0.7500965606764758,0.7503490707331599,0.8493735326902911,1.00033995882866,0.2823101738713379,0.469066379600821
515535.0,2654385.0,1.0,1.0399551336347244,0.9292850742314346,1.0118405566155853,0.1811219408570024,1.0002565808949655,1.186338422444426,1.0000394453204269,0.8359572766454578,1.9999973878335735,0.0,1.198102807372512,0.7503490707331599,3.643673812226212,1.00033995882866,0.2823101738713379,0.469066379600821
516735.0,2654385.0,1.0,1.0399551336347244,0.9292850742314346,1.0118405566155853,0.6537459580982762,1.0002565808949655,1.186338422444426,1.0000394453204269,0.8359572766454578,0.0,3.173995232666598,1.198102807372512,0.7503490707331599,0.8493735326902911,1.00033995882866,0.2823101738713379,0.469066379600821
517935.0,2654385.0,1.0,1.0399551336347244,0.9292850742314346,1.0118405566155853,0.0,1.0002565808949655,1.186338422444426,1.0000394453204269,0.8359572766454578,0.0,0.9838591860296272,0.7500965606764758,1.3529120537456203,0.8493735326902911,1.00033995882866,0.2823101738713379,0.469066379600821
519135.0,2654385.0,1.0,1.0399551336347244,0.8052262877203168,1.0118405566155853,3.1494459396812817,1.0002565808949655,1.186338422444426,1.0000394453204269,0.8359572766454578,0.0,0.9838591860296272,1.198102807372512,1.3529120537456203,0.0,1.00033995882866,0.2823101738713379,0.469066379600821
520335.0,2654385.0,1.0,1.0399551336347244,1.41919570500929,1.0118405566155853,0.6537459580982762,1.0002565808949655,1.186338422444426,1.0000394453204269,0.0,0.0,0.9838591860296272,0.7500965606764758,0.7503490707331599,0.8493735326902911,1.00033995882866,0.2823101738713379,0.469066379600821
474735.0,2653185.0,0.0,1.0399551336347244,1.41919570500929,1.0118405566155853,0.7386828595768657,1.0002565808949655,0.8093391753830542,1.0000394453204269,1.044665284822479,1.9999973878335735,0.0,1.7444769311303143,0.7503490707331599,0.8493735326902911,1.00033995882866,0.2823101738713379,0.469066379600821
475935.0,2653185.0,0.0,1.0399551336347244,1.41919570500929,1.0118405566155853,0.1811219408570024,1.0002565808949655,1.186338422444426,1.0000394453204269,1.044665284822479,1.9999973878335735,1.0253001657841805,1.198102807372512,0.7503490707331599,0.8493735326902911,1.00033995882866,0.2823101738713379,0.469066379600821
477135.0,2653185.0,0.0,1.0399551336347244,0.9292850742314346,1.0118405566155853,0.1811219408570024,1.0002565808949655,1.186338422444426,1.0000394453204269,1.044665284822479,1.9999973878335735,1.0253001657841805,1.7444769311303143,1.3529120537456203,0.8493735326902911,1.00033995882866,0.2823101738713379,0.469066379600821
478335.0,2653185.0,0.0,1.0399551336347244,1.41919570500929,1.0118405566155853,3.1494459396812817,1.0002565808949655,0.8093391753830542,1.0000394453204269,1.044665284822479,0.0,0.0,0.7500965606764758,0.7503490707331599,0.8493735326902911,1.00033995882866,0.2823101738713379,0.469066379600821
479535.0,2653185.0,0.0,1.0399551336347244,1.41919570500929,1.0118405566155853,0.1811219408570024,1.0002565808949655,0.8093391753830542,1.0000394453204269,0.8359572766454578,1.9999973878335735,3.173995232666598,0.7500965606764758,0.7503490707331599,0.8493735326902911,1.00033995882866,0.2823101738713379,0.469066379600821
480735.0,2653185.0,0.0,1.0399551336347244,1.41919570500929,1.0118405566155853,0.6537459580982762,1.0002565808949655,1.186338422444426,1.0000394453204269,0.8359572766454578,1.9999973878335735,0.9838591860296272,0.0,1.3529120537456203,0.8493735326902911,1.00033995882866,0.2823101738713379,0.469066379600821
481935.0,2653185.0,0.0,1.0399551336347244,0.8052262877203168,1.0118405566155853,0.1811219408570024,1.0002565808949655,0.8093391753830542,1.0000394453204269,0.8359572766454578,1.9999973878335735,0.9838591860296272,1.2466998513365868,1.3529120537456203,0.0,1.00033995882866,0.2823101738713379,0.469066379600821
483135.0,2653185.0,0.0,1.0399551336347244,0.9292850742314346,1.0118405566155853,3.1494459396812817,1.0002565808949655,1.186338422444426,1.0000394453204269,0.8359572766454578,1.9999973878335735,0.9838591860296272,0.7500965606764758,1.3529120537456203,0.8493735326902911,1.00033995882866,0.2823101738713379,0.469066379600821
484335.0,2653185.0,0.0,1.0399551336347244,1.41919570500929,1.0118405566155853,0.1811219408570024,1.0002565808949655,1.186338422444426,1.0000394453204269,1.044665284822479,1.9999973878335735,0.9838591860296272,0.7500965606764758,0.7503490707331599,0.8493735326902911,1.00033995882866,0.2823101738713379,0.469066379600821
485535.0,2653185.0,0.0,1.0399551336347244,0.9292850742314346,1.0118405566155853,0.6537459580982762,1.0002565808949655,1.186338422444426,1.0000394453204269,1.044665284822479,1.9999973878335735,0.9838591860296272,0.0,1.3529120537456203,0.8493735326902911,1.00033995882866,0.2823101738713379,0.469066379600821
486735.0,2653185.0,0.0,1.0399551336347244,1.41919570500929,1.0118405566155853,0.6537459580982762,1.0002565808949655,1.186338422444426,1.0000394453204269,1.044665284822479,1.9999973878335735,0.9838591860296272,0.7500965606764758,0.7503490707331599,0.8493735326902911,1.00033995882866,0.2823101738713379,0.469066379600821
487935.0,2653185.0,0.3333324626123284,1.0399551336347244,0.9292850742314346,1.0118405566155853,3.1494459396812817,1.0002565808949655,0.8093391753830542,1.0000394453204269,1.044665284822479,0.0,0.9838591860296272,0.0,1.3529120537456203,0.8493735326902911,1.00033995882866,0.2823101738713379,0.469066379600821
489135.0,2653185.0,0.3333324626123284,1.0399551336347244,1.41919570500929,1.0118405566155853,0.1811219408570024,1.0002565808949655,1.186338422444426,1.0000394453204269,1.044665284822479,1.9999973878335735,0.9838591860296272,0.7500965606764758,0.7503490707331599,0.8493735326902911,1.00033995882866,0.2823101738713379,0.469066379600821
490335.0,2653185.0,0.3333324626123284,1.0399551336347244,0.9292850742314346,1.0118405566155853,0.6537459580982762,1.0002565808949655,1.186338422444426,1.0000394453204269,1.044665284822479,0.0,0.9838591860296272,0.0,0.0,0.8493735326902911,1.00033995882866,0.2823101738713379,0.469066379600821
491535.0,2653185.0,0.3333324626123284,1.0399551336347244,1.41919570500929,1.0118405566155853,0.1811219408570024,1.0002565808949655,0.8093391753830542,1.0000394453204269,1.044665284822479,0.0,0.9838591860296272,0.7500965606764758,0.7503490707331599,0.8493735326902911,1.00033995882866,0.2823101738713379,0.469066379600821
492735.0,2653185.0,0.3333324626123284,1.0399551336347244,1.41919570500929,1.0118405566155853,3.1494459396812817,1.0002565808949655,1.186338422444426,1.0000394453204269,1.044665284822479,0.0,0.9838591860296272,0.0,1.3529120537456203,0.8493735326902911,1.00033995882866,0.2823101738713379,0.469066379600821
493935.0,2653185.0,0.3333324626123284,1.0399551336347244,1.41919570500929,1.0118405566155853,0.6537459580982762,1.0002565808949655,1.186338422444426,1.0000394453204269,1.044665284822479,0.0,0.9838591860296272,0.7500965606764758,0.7503490707331599,0.8493735326902911,1.00033995882866,0.2823101738713379,0.469066379600821
495135.0,2653185.0,2.6666666666666665,1.0399551336347244,1.41919570500929,1.0118405566155853,0.1811219408570024,1.0002565808949655,0.8093391753830542,1.0000394453204269,1.044665284822479,0.0,0.9838591860296272,0.7500965606764758,0.7503490707331599,0.8493735326902911,1.00033995882866,0.2823101738713379,0.469066379600821
496335.0,2653185.0,2.6666666666666665,1.0399551336347244,1.41919570500929,1.0118405566155853,0.6537459580982762,1.0002565808949655,1.186338422444426,1.0000394453204269,1.044665284822479,1.9999973878335735,0.9838591860296272,0.7500965606764758,0.7503490707331599,0.8493735326902911,1.00033995882866,0.2823101738713379,0.469066379600821
497535.0,2653185.0,2.6666666666666665,1.0399551336347244,0.8052262877203168,1.0118405566155853,0.1811219408570024,1.0002565808949655,0.8093391753830542,1.0000394453204269,1.044665284822479,1.9999973878335735,0.9838591860296272,0.0,0.0,0.8493735326902911,1.00033995882866,0.2823101738713379,0.469066379600821
498735.0,2653185.0,2.6666666666666665,1.0399551336347244,0.9292850742314346,1.0118405566155853,3.1494459396812817,1.0002565808949655,0.8093391753830542,1.0000394453204269,1.044665284822479,0.0,0.9838591860296272,0.7500965606764758,1.3529120537456203,0.8493735326902911,1.00033995882866,0.2823101738713379,0.469066379600821
499935.0,2653185.0,2.6666666666666665,1.0399551336347244,0.8052262877203168,1.0118405566155853,0.1811219408570024,1.0002565808949655,0.8093391753830542,1.0000394453204269,1.044665284822479,2.666670149564333,0.9838591860296272,1.2466998513365868,1.3529120537456203,0.0,1.00033995882866,0.2823101738713379,0.469066379600821
501135.0,2653185.0,2.6666666666666665,1.0399551336347244,1.41919570500929,1.0118405566155853,0.1811219408570024,1.0002565808949655,1.186338422444426,1.0000394453204269,1.044665284822479,1.9999973878335735,0.9838591860296272,0.0,1.3529120537456203,0.8493735326902911,1.00033995882866,1.8953159656210397,0.469066379600821
502335.0,2653185.0,2.6666666666666665,1.0399551336347244,1.41919570500929,1.0118405566155853,0.1811219408570024,1.0002565808949655,0.8093391753830542,1.0000394453204269,1.044665284822479,1.9999973878335735,0.9838591860296272,1.7444769311303143,1.3529120537456203,0.8493735326902911,1.00033995882866,0.2823101738713379,0.469066379600821
503535.0,2653185.0,2.6666666666666665,1.0399551336347244,0.9292850742314346,1.0118405566155853,0.6537459580982762,1.0002565808949655,1.186338422444426,1.0000394453204269,1.044665284822479,0.0,0.9838591860296272,1.198102807372512,1.3529120537456203,0.8493735326902911,1.00033995882866,0.2823101738713379,0.469066379600821
504735.0,2653185.0,2.6666666666666665,1.0399551336347244,1.41919570500929,1.0118405566155853,0.7386828595768657,1.0002565808949655,1.186338422444426,1.0000394453204269,1.044665284822479,0.0,0.9838591860296272,1.7444769311303143,1.3529120537456203,0.8493735326902911,1.00033995882866,0.2823101738713379,0.469066379600821
505935.0,2653185.0,1.0,1.0399551336347244,0.9292850742314346,1.0118405566155853,0.1811219408570024,1.0002565808949655,1.186338422444426,1.0000394453204269,1.044665284822479,1.9999973878335735,0.9838591860296272,0.7500965606764758,0.7503490707331599,0.8493735326902911,1.00033995882866,0.2823101738713379,0.469066379600821
507135.0,2653185.0,1.0,1.0399551336347244,0.8052262877203168,1.0118405566155853,0.6537459580982762,1.0002565808949655,0.8093391753830542,1.0000394453204269,1.044665284822479,2.666670149564333,0.9838591860296272,0.0,0.0,0.8493735326902911,1.00033995882866,0.2823101738713379,0.469066379600821
508335.0,2653185.0,1.0,1.0399551336347244,0.9292850742314346,1.0118405566155853,0.1811219408570024,1.0002565808949655,1.186338422444426,1.0000394453204269,1.044665284822479,1.9999973878335735,0.9838591860296272,0.0,0.0,0.8493735326902911,1.00033995882866,0.2823101738713379,0.469066379600821
509535.0,2653185.0,1.0,1.0399551336347244,0.9292850742314346,1.0118405566155853,0.1811219408570024,1.0002565808949655,0.8093391753830542,1.0000394453204269,1.044665284822479,0.0,3.173995232666598,1.198102807372512,0.7503490707331599,0.8493735326902911,1.00033995882866,1.8953159656210397,0.469066379600821
510735.0,2653185.0,1.0,1.0399551336347244,0.9292850742314346,1.0118405566155853,0.1811219408570024,1.0002565808949655,0.8093391753830542,1.0000394453204269,1.044665284822479,0.0,0.0,1.198102807372512,0.7503490707331599,0.8493735326902911,1.00033995882866,0.2823101738713379,0.469066379600821
511935.0,2653185.0,1.0,1.0399551336347244,0.9292850742314346,1.0118405566155853,0.6537459580982762,1.0002565808949655,1.186338422444426,1.0000394453204269,1.044665284822479,0.0,1.0253001657841805,1.198102807372512,0.7503490707331599,0.8493735326902911,1.00033995882866,0.2823101738713379,0.469066379600821
513135.0,2653185.0,1.0,1.0399551336347244,0.9292850742314346,1.0118405566155853,0.0,1.0002565808949655,0.8093391753830542,1.0000394453204269,1.044665284822479,0.0,1.0253001657841805,1.7444769311303143,1.3529120537456203,0.8493735326902911,1.00033995882866,0.2823101738713379,0.469066379600821
514335.0,2653185.0,1.0,1.0399551336347244,0.9292850742314346,1.0118405566155853,0.6537459580982762,1.0002565808949655,1.186338422444426,1.0000394453204269,0.8359572766454578,0.0,0.0,1.198102807372512,0.7503490707331599,0.8493735326902911,1.00033995882866,0.2823101738713379,0.469066379600821
515535.0,2653185.0,1.0,1.0399551336347244,1.41919570500929,1.0118405566155853,0.1811219408570024,1.0002565808949655,0.8093391753830542,1.0000394453204269,0.8359572766454578,0.0,0.0,1.7444769311303143,1.3529120537456203,0.8493735326902911,1.00033995882866,0.2823101738713379,0.469066379600821
516735.0,2653185.0,1.0,1.0399551336347244,0.8052262877203168,1.0118405566155853,0.1811219408570024,1.0002565808949655,0.8093391753830542,1.0000394453204269,0.8359572766454578,1.9999973878335735,3.173995232666598,0.7500965606764758,1.3529120537456203,0.8493735326902911,1.00033995882866,0.0,0.469066379600821
517935.0,2653185.0,1.0,1.0399551336347244,0.9292850742314346,1.0118405566155853,3.1494459396812817,1.0002565808949655,1.186338422444426,1.0000394453204269,0.8359572766454578,0.0,0.9838591860296272,1.198102807372512,0.7503490707331599,0.8493735326902911,1.00033995882866,0.2823101738713379,0.469066379600821
519135.0,2653185.0,1.0,1.0399551336347244,0.9292850742314346,1.0118405566155853,0.1811219408570024,1.0002565808949655,1.186338422444426,1.0000394453204269,0.0,0.0,0.9838591860296272,1.198102807372512,0.7503490707331599,0.8493735326902911,1.00033995882866,0.2823101738713379,0.469066379600821
520335.0,2653185.0,1.0,1.0399551336347244,1.41919570500929,1.0118405566155853,3.1494459396812817,1.0002565808949655,0.8093391753830542,1.0000394453204269,0.0,0.0,0.9838591860296272,0.7500965606764758,0.7503490707331599,0.8493735326902911,1.00033995882866,0.2823101738713379,0.469066379600821
468735.0,2651985.0,0.0,1.0399551336347244,0.9292850742314346,1.0118405566155853,0.7386828595768657,1.0002565808949655,1.186338422444426,1.0000394453204269,0.8359572766454578,2.666670149564333,0.9838591860296272,1.198102807372512,0.7503490707331599,0.8493735326902911,1.00033995882866,0.2823101738713379,0.469066379600821
469935.0,2651985.0,0.0,1.0399551336347244,0.9292850742314346,1.0118405566155853,0.1811219408570024,1.0002565808949655,0.8093391753830542,1.0000394453204269,1.044665284822479,1.9999973878335735,0.9838591860296272,0.7500965606764758,0.7503490707331599,0.8493735326902911,1.00033995882866,0.2823101738713379,0.469066379600821
471135.0,2651985.0,0.0,1.0399551336347244,1.41919570500929,1.0118405566155853,3.1494459396812817,1.0002565808949655,0.8093391753830542,1.0000394453204269,1.044665284822479,1.9999973878335735,0.9838591860296272,0.7500965606764758,0.7503490707331599,0.8493735326902911,1.00033995882866,0.2823101738713379,0.469066379600821
473535.0,2651985.0,0.0,1.0399551336347244,0.8052262877203168,1.0118405566155853,0.1811219408570024,1.0002565808949655,0.8093391753830542,1.0000394453204269,1.044665284822479,2.666670149564333,0.0,1.198102807372512,1.3529120537456203,3.643673812226212,1.00033995882866,0.2823101738713379,0.469066379600821
474735.0,2651985.0,0.0,1.0399551336347244,0.9292850742314346,1.0118405566155853,0.6537459580982762,1.0002565808949655,1.186338422444426,1.0000394453204269,1.044665284822479,1.9999973878335735,0.0,0.7500965606764758,1.3529120537456203,0.8493735326902911,1.00033995882866,0.2823101738713379,0.469066379600821
475935.0,2651985.0,0.0,1.0399551336347244,0.8052262877203168,1.0118405566155853,0.1811219408570024,1.0002565808949655,0.8093391753830542,1.0000394453204269,1.044665284822479,1.9999973878335735,1.0253001657841805,1.198102807372512,1.3529120537456203,3.643673812226212,1.00033995882866,0.2823101738713379,0.469066379600821
477135.0,2651985.0,0.0,1.0399551336347244,1.41919570500929,1.0118405566155853,0.6537459580982762,1.0002565808949655,0.8093391753830542,1.0000394453204269,1.044665284822479,1.9999973878335735,1.0253001657841805,1.7444769311303143,1.3529120537456203,0.8493735326902911,1.00033995882866,0.2823101738713379,0.469066379600821
478335.0,2651985.0,0.0,1.0399551336347244,0.9292850742314346,1.0118405566155853,3.1494459396812817,1.0002565808949655,1.186338422444426,1.0000394453204269,1.044665284822479,0.0,0.0,1.198102807372512,0.7503490707331599,0.8493735326902911,1.00033995882866,0.2823101738713379,0.469066379600821
479535.0,2651985.0,0.0,1.0399551336347244,0.9292850742314346,1.0118405566155853,3.1494459396812817,1.0002565808949655,0.8093391753830542,1.0000394453204269,0.8359572766454578,0.0,3.173995232666598,0.7500965606764758,1.3529120537456203,0.8493735326902911,1.00033995882866,0.2823101738713379,0.469066379600821
480735.0,2651985.0,0.0,1.0399551336347244,0.8052262877203168,1.0118405566155853,0.6537459580982762,1.0002565808949655,0.8093391753830542,1.0000394453204269,0.8359572766454578,1.9999973878335735,0.9838591860296272,1.198102807372512,1.3529120537456203,0.8493735326902911,1.00033995882866,0.2823101738713379,0.469066379600821
481935.0,2651985.0,0.0,1.0399551336347244,0.9292850742314346,1.0118405566155853,0.6537459580982762,1.0002565808949655,0.8093391753830542,1.0000394453204269,0.8359572766454578,2.666670149564333,0.9838591860296272,1.198102807372512,0.7503490707331599,0.8493735326902911,1.00033995882866,0.2823101738713379,0.469066379600821
483135.0,2651985.0,0.0,1.0399551336347244,0.8052262877203168,1.0118405566155853,0.6537459580982762,1.0002565808949655,0.8093391753830542,1.0000394453204269,0.8359572766454578,2.666670149564333,0.9838591860296272,1.2466998513365868,1.3529120537456203,0.0,1.00033995882866,0.2823101738713379,0.469066379600821
484335.0,2651985.0,0.0,1.0399551336347244,1.41919570500929,1.0118405566155853,0.1811219408570024,1.0002565808949655,1.186338422444426,1.0000394453204269,1.044665284822479,1.9999973878335735,0.9838591860296272,0.7500965606764758,1.3529120537456203,0.8493735326902911,1.00033995882866,0.2823101738713379,0.469066379600821
485535.0,2651985.0,0.0,1.0399551336347244,0.8052262877203168,1.0118405566155853,3.1494459396812817,1.0002565808949655,0.8093391753830542,1.0000394453204269,1.044665284822479,1.9999973878335735,0.9838591860296272,1.198102807372512,0.7503490707331599,3.643673812226212,1.00033995882866,0.2823101738713379,0.469066379600821
486735.0,2651985.0,0.3333324626123284,1.0399551336347244,0.9292850742314346,1.0118405566155853,0.6537459580982762,1.0002565808949655,1.186338422444426,1.0000394453204269,1.044665284822479,2.666670149564333,0.9838591860296272,0.7500965606764758,1.3529120537456203,0.8493735326902911,1.00033995882866,0.2823101738713379,0.469066379600821
487935.0,2651985.0,0.3333324626123284,1.0399551336347244,0.9292850742314346,1.0118405566155853,3.1494459396812817,1.0002565808949655,0.8093391753830542,1.0000394453204269,1.044665284822479,1.9999973878335735,0.9838591860296272,1.7444769311303143,0.0,0.8493735326902911,1.00033995882866,0.2823101738713379,0.469066379600821
489135.0,2651985.0,0.3333324626123284,1.0399551336347244,0.9292850742314346,1.0118405566155853,0.1811219408570024,1.0002565808949655,0.8093391753830542,1.0000394453204269,1.044665284822479,1.9999973878335735,0.9838591860296272,1.198102807372512,0.7503490707331599,0.8493735326902911,1.00033995882866,0.2823101738713379,0.469066379600821
490335.0,2651985.0,0.3333324626123284,1.0399551336347244,0.8052262877203168,1.0118405566155853,0.1811219408570024,1.0002565808949655,0.8093391753830542,1.0000394453204269,1.044665284822479,1.9999973878335735,0.9838591860296272,0.0,0.0,0.8493735326902911,1.00033995882866,0.2823101738713379,0.469066379600821
491535.0,2651985.0,0.3333324626123284,1.0399551336347244,0.9292850742314346,1.0118405566155853,0.6537459580982762,1.0002565808949655,1.186338422444426,1.0000394453204269,1.044665284822479,1.9999973878335735,0.9838591860296272,1.198102807372512,0.7503490707331599,0.8493735326902911,1.00033995882866,0.2823101738713379,0.469066379600821
492735.0,2651985.0,0.3333324626123284,1.0399551336347244,0.8052262877203168,1.0118405566155853,0.0,1.0002565808949655,1.186338422444426,1.0000394453204269,1.044665284822479,0.0,0.9838591860296272,1.198102807372512,1.3529120537456203,0.8493735326902911,1.00033995882866,40.7927349061228,75.02812402006899
493935.0,2651985.0,2.6666666666666665,1.0399551336347244,0.8052262877203168,1.0118405566155853,0.6537459580982762,1.0002565808949655,0.8093391753830542,1.0000394453204269,1.044665284822479,0.0,0.9838591860296272,1.2466998513365868,1.3529120537456203,0.0,1.00033995882866,0.2823101738713379,0.469066379600821
495135.0,2651985.0,2.6666666666666665,1.0399551336347244,0.9292850742314346,1.0118405566155853,3.1494459396812817,1.0002565808949655,1.186338422444426,1.0000394453204269,1.044665284822479,0.0,0.9838591860296272,0.0,1.3529120537456203,0.8493735326902911,1.00033995882866,0.2823101738713379,0.469066379600821
496335.0,2651985.0,2.6666666666666665,1.0399551336347244,0.9292850742314346,1.0118405566155853,3.1494459396812817,1.0002565808949655,1.186338422444426,1.0000394453204269,1.044665284822479,1.9999973878335735,0.9838591860296272,1.7444769311303143,1.3529120537456203,0.8493735326902911,1.00033995882866,0.2823101738713379,0.469066379600821
497535.0,2651985.0,2.6666666666666665,1.0399551336347244,0.9292850742314346,1.0118405566155853,0.6537459580982762,1.0002565808949655,0.8093391753830542,1.0000394453204269,1.044665284822479,1.9999973878335735,0.9838591860296272,1.198102807372512,0.7503490707331599,0.8493735326902911,1.00033995882866,0.2823101738713379,0.469066379600821
498735.0,2651985.0,2.6666666666666665,1.0399551336347244,0.9292850742314346,1.0118405566155853,3.1494459396812817,1.0002565808949655,1.186338422444426,1.0000394453204269,1.044665284822479,1.9999973878335735,0.9838591860296272,1.7444769311303143,1.3529120537456203,0.8493735326902911,1.00033995882866,0.2823101738713379,0.469066379600821
499935.0,2651985.0,2.6666666666666665,1.0399551336347244,0.8052262877203168,1.0118405566155853,0.6537459580982762,1.0002565808949655,1.186338422444426,1.0000394453204269,1.044665284822479,2.666670149564333,0.9838591860296272,0.7500965606764758,1.3529120537456203,0.8493735326902911,1.00033995882866,0.2823101738713379,0.469066379600821
501135.0,2651985.0,2.6666666666666665,1.0399551336347244,0.9292850742314346,1.0118405566155853,3.1494459396812817,1.0002565808949655,0.8093391753830542,1.0000394453204269,1.044665284822479,2.666670149564333,0.9838591860296272,1.198102807372512,0.7503490707331599,0.8493735326902911,1.00033995882866,0.2823101738713379,0.469066379600821
502335.0,2651985.0,2.6666666666666665,1.0399551336347244,1.41919570500929,1.0118405566155853,0.1811219408570024,1.0002565808949655,0.8093391753830542,1.0000394453204269,1.044665284822479,1.9999973878335735,0.9838591860296272,0.7500965606764758,0.7503490707331599,0.8493735326902911,1.00033995882866,0.2823101738713379,0.469066379600821
503535.0,2651985.0,2.6666666666666665,1.0399551336347244,0.8052262877203168,1.0118405566155853,3.1494459396812817,1.0002565808949655,0.8093391753830542,1.0000394453204269,1.044665284822479,0.0,0.9838591860296272,1.198102807372512,1.3529120537456203,3.643673812226212,1.00033995882866,0.2823101738713379,0.469066379600821
504735.0,2651985.0,1.0,1.0399551336347244,1.41919570500929,1.0118405566155853,3.1494459396812817,1.0002565808949655,1.186338422444426,1.0000394453204269,1.044665284822479,0.0,0.9838591860296272,0.7500965606764758,0.7503490707331599,0.8493735326902911,1.00033995882866,0.2823101738713379,0.469066379600821
505935.0,2651985.0,1.0,1.0399551336347244,1.41919570500929,1.0118405566155853,0.6537459580982762,1.0002565808949655,1.186338422444426,1.0000394453204269,1.044665284822479,2.666670149564333,0.9838591860296272,1.7444769311303143,1.3529120537456203,0.8493735326902911,1.00033995882866,0.2823101738713379,0.469066379600821
507135.0,2651985.0,1.0,1.0399551336347244,0.9292850742314346,1.0118405566155853,0.1811219408570024,1.0002565808949655,0.8093391753830542,1.0000394453204269,1.044665284822479,2.666670149564333,0.9838591860296272,1.198102807372512,0.7503490707331599,0.8493735326902911,1.00033995882866,0.2823101738713379,0.469066379600821
508335.0,2651985.0,1.0,1.0399551336347244,1.41919570500929,1.0118405566155853,0.1811219408570024,1.0002565808949655,0.8093391753830542,1.0000394453204269,1.044665284822479,1.9999973878335735,3.173995232666598,1.7444769311303143,1.3529120537456203,0.8493735326902911,1.00033995882866,0.2823101738713379,0.469066379600821
509535.0,2651985.0,1.0,1.0399551336347244,1.41919570500929,1.0118405566155853,0.1811219408570024,1.0002565808949655,0.8093391753830542,1.0000394453204269,1.044665284822479,0.0,0.0,0.7500965606764758,0.7503490707331599,0.8493735326902911,1.00033995882866,0.2823101738713379,0.469066379600821
510735.0,2651985.0,1.0,1.0399551336347244,0.8052262877203168,1.0118405566155853,0.6537459580982762,1.0002565808949655,0.8093391753830542,1.0000394453204269,1.044665284822479,0.0,0.0,1.2466998513365868,1.3529120537456203,0.0,1.00033995882866,0.2823101738713379,0.469066379600821
511935.0,2651985.0,1.0,1.0399551336347244,0.9292850742314346,1.0118405566155853,0.1811219408570024,1.0002565808949655,1.186338422444426,1.0000394453204269,1.044665284822479,0.0,1.0253001657841805,0.0,0.0,0.8493735326902911,1.00033995882866,0.2823101738713379,0.469066379600821
513135.0,2651985.0,1.0,1.0399551336347244,1.41919570500929,1.0118405566155853,0.0,1.0002565808949655,0.8093391753830542,1.0000394453204269,1.044665284822479,0.0,1.0253001657841805,0.0,1.3529120537456203,0.8493735326902911,1.00033995882866,0.2823101738713379,0.469066379600821
514335.0,2651985.0,1.0,1.0399551336347244,0.9292850742314346,1.0118405566155853,3.1494459396812817,1.0002565808949655,0.8093391753830542,1.0000394453204269,0.8359572766454578,0.0,0.0,1.198102807372512,0.7503490707331599,0.8493735326902911,1.00033995882866,0.2823101738713379,0.469066379600821
515535.0,2651985.0,1.0,1.0399551336347244,0.8052262877203168,1.0118405566155853,0.1811219408570024,1.0002565808949655,1.186338422444426,1.0000394453204269,0.8359572766454578,0.0,3.173995232666598,0.7500965606764758,1.3529120537456203,0.8493735326902911,1.00033995882866,0.2823101738713379,0.469066379600821
516735.0,2651985.0,1.0,1.0399551336347244,0.9292850742314346,1.0118405566155853,0.1811219408570024,1.0002565808949655,1.186338422444426,1.0000394453204269,0.8359572766454578,1.9999973878335735,0.9838591860296272,0.7500965606764758,1.3529120537456203,0.8493735326902911,1.00033995882866,0.2823101738713379,0.469066379600821
517935.0,2651985.0,1.0,1.0399551336347244,0.9292850742314346,1.0118405566155853,0.1811219408570024,1.0002565808949655,0.8093391753830542,1.0000394453204269,0.8359572766454578,1.9999973878335735,0.9838591860296272,0.7500965606764758,1.3529120537456203,0.8493735326902911,1.00033995882866,0.2823101738713379,0.469066379600821
519135.0,2651985.0,1.0,1.0399551336347244,0.9292850742314346,1.0118405566155853,0.7386828595768657,1.0002565808949655,1.186338422444426,1.0000394453204269,0.0,0.0,0.9838591860296272,0.7500965606764758,0.7503490707331599,0.8493735326902911,1.00033995882866,0.2823101738713379,0.469066379600821
520335.0,2651985.0,1.0,1.0399551336347244,0.8052262877203168,1.0118405566155853,0.6537459580982762,1.0002565808949655,0.8093391753830542,1.0000394453204269,0.0,0.0,0.9838591860296272,1.198102807372512,1.3529120537456203,3.643673812226212,1.00033995882866,0.2823101738713379,0.469066379600821
466335.0,2650785.0,0.0,1.0399551336347244,0.8052262877203168,1.0118405566155853,0.0,1.0002565808949655,0.8093391753830542,1.0000394453204269,0.8359572766454578,2.666670149564333,0.9838591860296272,1.2466998513365868,1.3529120537456203,0.0,1.00033995882866,0.2823101738713379,0.469066379600821
467535.0,2650785.0,0.0,1.0399551336347244,0.8052262877203168,1.0118405566155853,0.1811219408570024,1.0002565808949655,0.8093391753830542,1.0000394453204269,0.8359572766454578,2.666670149564333,0.9838591860296272,1.2466998513365868,1.3529120537456203,0.0,1.00033995882866,0.2823101738713379,0.469066379600821
468735.0,2650785.0,0.0,1.0399551336347244,1.41919570500929,1.0118405566155853,0.6537459580982762,1.0002565808949655,1.186338422444426,1.0000394453204269,0.8359572766454578,2.666670149564333,0.9838591860296272,0.7500965606764758,0.7503490707331599,0.8493735326902911,1.00033995882866,0.2823101738713379,0.469066379600821
469935.0,2650785.0,0.0,1.0399551336347244,0.8052262877203168,1.0118405566155853,0.7386828595768657,1.0002565808949655,0.8093391753830542,1.0000394453204269,1.044665284822479,1.9999973878335735,0.9838591860296272,1.2466998513365868,1.3529120537456203,0.0,1.00033995882866,0.2823101738713379,0.469066379600821
471135.0,2650785.0,0.0,1.0399551336347244,0.8052262877203168,1.0118405566155853,0.1811219408570024,1.0002565808949655,0.8093391753830542,1.0000394453204269,1.044665284822479,1.9999973878335735,0.9838591860296272,0.0,0.0,0.8493735326902911,1.00033995882866,0.2823101738713379,0.469066379600821
472335.0,2650785.0,0.0,1.0399551336347244,0.9292850742314346,1.0118405566155853,3.1494459396812817,1.0002565808949655,1.186338422444426,1.0000394453204269,1.044665284822479,1.9999973878335735,0.9838591860296272,1.7444769311303143,1.3529120537456203,0.8493735326902911,1.00033995882866,0.2823101738713379,0.469066379600821
473535.0,2650785.0,0.0,1.0399551336347244,1.41919570500929,1.0118405566155853,0.1811219408570024,1.0002565808949655,1.186338422444426,1.0000394453204269,1.044665284822479,2.666670149564333,0.0,0.7500965606764758,0.7503490707331599,0.8493735326902911,1.00033995882866,0.2823101738713379,0.469066379600821
474735.0,2650785.0,0.0,1.0399551336347244,0.8052262877203168,1.0118405566155853,0.1811219408570024,1.0002565808949655,0.8093391753830542,1.0000394453204269,1.044665284822479,1.9999973878335735,0.0,1.198102807372512,1.3529120537456203,3.643673812226212,1.00033995882866,0.2823101738713379,0.469066379600821
475935.0,2650785.0,0.0,1.0399551336347244,0.8052262877203168,1.0118405566155853,0.6537459580982762,1.0002565808949655,0.8093391753830542,1.0000394453204269,1.044665284822479,1.9999973878335735,1.0253001657841805,0.7500965606764758,1.3529120537456203,0.8493735326902911,1.00033995882866,0.2823101738713379,0.469066379600821
477135.0,2650785.0,0.0,1.0399551336347244,0.9292850742314346,1.0118405566155853,0.6537459580982762,1.0002565808949655,1.186338422444426,1.0000394453204269,1.044665284822479,1.9999973878335735,1.0253001657841805,0.0,1.3529120537456203,0.8493735326902911,1.00033995882866,0.2823101738713379,0.469066379600821
478335.0,2650785.0,0.0,1.0399551336347244,0.9292850742314346,1.0118405566155853,3.1494459396812817,1.0002565808949655,0.8093391753830542,1.0000394453204269,1.044665284822479,0.0,0.0,1.198102807372512,0.7503490707331599,0.8493735326902911,1.00033995882866,0.2823101738713379,0.469066379600821
479535.0,2650785.0,0.0,1.0399551336347244,0.9292850742314346,1.0118405566155853,0.1811219408570024,1.0002565808949655,0.8093391753830542,1.0000394453204269,1.044665284822479,1.9999973878335735,3.173995232666598,1.198102807372512,0.7503490707331599,0.8493735326902911,1.00033995882866,0.2823101738713379,0.469066379600821
480735.0,2650785.0,0.0,1.0399551336347244,1.41919570500929,1.0118405566155853,0.1811219408570024,1.0002565808949655,1.186338422444426,1.0000394453204269,0.8359572766454578,1.9999973878335735,0.9838591860296272,0.7500965606764758,0.7503490707331599,0.8493735326902911,1.00033995882866,0.2823101738713379,0.469066379600821
481935.0,2650785.0,0.0,1.0399551336347244,0.8052262877203168,1.0118405566155853,0.6537459580982762,1.0002565808949655,0.8093391753830542,1.0000394453204269,0.8359572766454578,2.666670149564333,0.9838591860296272,1.7444769311303143,0.0,0.8493735326902911,1.00033995882866,0.2823101738713379,0.469066379600821
483135.0,2650785.0,0.0,1.0399551336347244,0.8052262877203168,1.0118405566155853,0.1811219408570024,1.0002565808949655,0.8093391753830542,1.0000394453204269,0.8359572766454578,0.3333328979722623,0.9838591860296272,1.198102807372512,1.3529120537456203,0.8493735326902911,1.00033995882866,0.2823101738713379,0.469066379600821
484335.0,2650785.0,0.0,1.0399551336347244,0.8052262877203168,1.0118405566155853,0.6537459580982762,1.0002565808949655,0.8093391753830542,1.0000394453204269,1.044665284822479,1.9999973878335735,0.9838591860296272,0.7500965606764758,1.3529120537456203,0.8493735326902911,1.00033995882866,0.2823101738713379,0.469066379600821
485535.0,2650785.0,0.3333324626123284,1.0399551336347244,0.8052262877203168,1.0118405566155853,0.6537459580982762,1.0002565808949655,0.8093391753830542,1.0000394453204269,1.044665284822479,1.9999973878335735,0.9838591860296272,1.198102807372512,1.3529120537456203,0.8493735326902911,1.00033995882866,0.2823101738713379,0.469066379600821
486735.0,2650785.0,0.3333324626123284,1.0399551336347244,0.8052262877203168,1.0118405566155853,0.6537459580982762,1.0002565808949655,1.186338422444426,1.0000394453204269,1.044665284822479,1.9999973878335735,0.9838591860296272,1.198102807372512,1.3529120537456203,0.8493735326902911,1.00033995882866,0.2823101738713379,0.469066379600821
487935.0,2650785.0,0.3333324626123284,1.0399551336347244,0.9292850742314346,1.0118405566155853,3.1494459396812817,1.0002565808949655,1.186338422444426,1.0000394453204269,1.044665284822479,1.9999973878335735,0.9838591860296272,0.7500965606764758,1.3529120537456203,0.8493735326902911,1.00033995882866,0.2823101738713379,0.469066379600821
489135.0,2650785.0,0.3333324626123284,1.0399551336347244,0.9292850742314346,1.0118405566155853,0.1811219408570024,1.0002565808949655,1.186338422444426,1.0000394453204269,1.044665284822479,1.9999973878335735,0.9838591860296272,1.198102807372512,0.7503490707331599,0.8493735326902911,1.00033995882866,0.2823101738713379,0.469066379600821
490335.0,2650785.0,0.3333324626123284,1.0399551336347244,0.9292850742314346,1.0118405566155853,0.1811219408570024,1.0002565808949655,0.8093391753830542,1.0000394453204269,1.044665284822479,1.9999973878335735,0.9838591860296272,1.198102807372512,0.7503490707331599,0.8493735326902911,1.00033995882866,0.2823101738713379,0.469066379600821
491535.0,2650785.0,0.3333324626123284,1.0399551336347244,1.41919570500929,1.0118405566155853,0.6537459580982762,1.0002565808949655,1.186338422444426,1.0000394453204269,1.044665284822479,1.9999973878335735,0.9838591860296272,0.7500965606764758,0.7503490707331599,0.8493735326902911,1.00033995882866,0.2823101738713379,0.469066379600821
492735.0,2650785.0,0.3333324626123284,1.0399551336347244,0.9292850742314346,1.0118405566155853,0.0,1.0002565808949655,0.8093391753830542,1.0000394453204269,1.044665284822479,0.0,0.9838591860296272,1.7444769311303143,1.3529120537456203,0.8493735326902911,1.00033995882866,0.2823101738713379,0.469066379600821
493935.0,2650785.0,2.6666666666666665,1.0399551336347244,0.9292850742314346,1.0118405566155853,0.6537459580982762,1.0002565808949655,1.186338422444426,1.0000394453204269,1.044665284822479,1.9999973878335735,0.9838591860296272,0.7500965606764758,1.3529120537456203,0.8493735326902911,1.00033995882866,0.2823101738713379,0.469066379600821
495135.0,2650785.0,2.6666666666666665,1.0399551336347244,1.41919570500929,1.0118405566155853,0.1811219408570024,1.0002565808949655,1.186338422444426,1.0000394453204269,1.044665284822479,1.9999973878335735,0.9838591860296272,1.7444769311303143,1.3529120537456203,0.8493735326902911,1.00033995882866,0.2823101738713379,0.469066379600821
496335.0,2650785.0,2.6666666666666665,1.0399551336347244,0.9292850742314346,1.0118405566155853,0.1811219408570024,1.0002565808949655,0.8093391753830542,1.0000394453204269,1.044665284822479,1.9999973878335735,0.9838591860296272,0.7500965606764758,1.3529120537456203,0.8493735326902911,1.00033995882866,0.2823101738713379,0.469066379600821
497535.0,2650785.0,2.6666666666666665,1.0399551336347244,0.9292850742314346,1.0118405566155853,0.1811219408570024,1.0002565808949655,0.8093391753830542,1.0000394453204269,1.044665284822479,1.9999973878335735,0.9838591860296272,0.0,0.0,0.8493735326902911,1.00033995882866,0.2823101738713379,0.469066379600821
498735.0,2650785.0,2.6666666666666665,1.0399551336347244,0.9292850742314346,1.0118405566155853,0.6537459580982762,1.0002565808949655,1.186338422444426,1.0000394453204269,1.044665284822479,2.666670149564333,0.9838591860296272,1.198102807372512,0.7503490707331599,0.8493735326902911,1.00033995882866,0.2823101738713379,0.469066379600821
499935.0,2650785.0,2.6666666666666665,1.0399551336347244,0.8052262877203168,1.0118405566155853,0.1811219408570024,1.0002565808949655,0.8093391753830542,1.0000394453204269,1.044665284822479,2.666670149564333,0.9838591860296272,1.2466998513365868,1.3529120537456203,0.0,1.00033995882866,0.2823101738713379,0.469066379600821
501135.0,2650785.0,2.6666666666666665,1.0399551336347244,0.9292850742314346,1.0118405566155853,0.6537459580982762,1.0002565808949655,1.186338422444426,1.0000394453204269,1.044665284822479,2.666670149564333,0.9838591860296272,1.198102807372512,0.7503490707331599,0.8493735326902911,1.00033995882866,0.2823101738713379,0.469066379600821
502335.0,2650785.0,2.6666666666666665,1.0399551336347244,0.9292850742314346,1.0118405566155853,3.1494459396812817,1.0002565808949655,0.8093391753830542,1.0000394453204269,1.044665284822479,2.666670149564333,0.9838591860296272,0.7500965606764758,1.3529120537456203,0.8493735326902911,1.00033995882866,0.2823101738713379,0.469066379600821
503535.0,2650785.0,2.6666666666666665,1.0399551336347244,1.41919570500929,1.0118405566155853,0.7386828595768657,1.0002565808949655,0.8093391753830542,1.0000394453204269,1.044665284822479,0.0,0.9838591860296272,0.7500965606764758,0.7503490707331599,0.8493735326902911,1.00033995882866,0.2823101738713379,0.469066379600821
504735.0,2650785.0,1.0,1.0399551336347244,1.41919570500929,1.0118405566155853,0.7386828595768657,1.0002565808949655,1.186338422444426,1.0000394453204269,1.044665284822479,2.666670149564333,0.9838591860296272,1.7444769311303143,1.3529120537456203,0.8493735326902911,1.00033995882866,0.2823101738713379,0.469066379600821
505935.0,2650785.0,1.0,1.0399551336347244,0.8052262877203168,1.0118405566155853,0.1811219408570024,1.0002565808949655,0.8093391753830542,1.0000394453204269,1.044665284822479,2.666670149564333,0.9838591860296272,0.7500965606764758,1.3529120537456203,0.8493735326902911,1.00033995882866,1.8953159656210397,0.469066379600821
507135.0,2650785.0,1.0,1.0399551336347244,0.9292850742314346,1.0118405566155853,0.6537459580982762,1.0002565808949655,0.8093391753830542,1.0000394453204269,1.044665284822479,2.666670149564333,0.9838591860296272,0.7500965606764758,1.3529120537456203,0.8493735326902911,1.00033995882866,0.2823101738713379,0.469066379600821
508335.0,2650785.0,1.0,1.0399551336347244,0.0,1.0118405566155853,0.6537459580982762,1.0002565808949655,1.186338422444426,1.0000394453204269,1.044665284822479,1.9999973878335735,3.173995232666598,0.7500965606764758,0.7503490707331599,0.8493735326902911,1.00033995882866,0.2823101738713379,0.469066379600821
509535.0,2650785.0,1.0,1.0399551336347244,0.9292850742314346,1.0118405566155853,3.1494459396812817,1.0002565808949655,0.8093391753830542,1.0000394453204269,1.044665284822479,0.0,0.0,1.198102807372512,0.7503490707331599,0.8493735326902911,1.00033995882866,0.2823101738713379,0.469066379600821
510735.0,2650785.0,1.0,1.0399551336347244,0.9292850742314346,1.0118405566155853,0.1811219408570024,1.0002565808949655,1.186338422444426,1.0000394453204269,1.044665284822479,0.0,0.0,0.7500965606764758,0.7503490707331599,0.8493735326902911,1.00033995882866,0.2823101738713379,0.469066379600821
511935.0,2650785.0,1.0,1.0399551336347244,0.8052262877203168,1.0118405566155853,3.1494459396812817,1.0002565808949655,1.186338422444426,1.0000394453204269,1.044665284822479,0.0,1.0253001657841805,1.2466998513365868,1.3529120537456203,0.0,1.00033995882866,0.2823101738713379,0.469066379600821
513135.0,2650785.0,1.0,1.0399551336347244,0.9292850742314346,0.0,0.0,1.0002565808949655,0.8093391753830542,1.0000394453204269,1.044665284822479,0.0,0.0,1.198102807372512,0.7503490707331599,0.8493735326902911,1.00033995882866,0.2823101738713379,0.469066379600821
514335.0,2650785.0,1.0,1.0399551336347244,0.9292850742314346,1.0118405566155853,0.0,1.0002565808949655,0.8093391753830542,1.0000394453204269,0.8359572766454578,0.0,0.0,0.7500965606764758,1.3529120537456203,0.8493735326902911,1.00033995882866,0.2823101738713379,0.469066379600821
515535.0,2650785.0,1.0,1.0399551336347244,0.9292850742314346,1.0118405566155853,0.6537459580982762,1.0002565808949655,0.8093391753830542,1.0000394453204269,0.8359572766454578,0.0,3.173995232666598,1.198102807372512,1.3529120537456203,0.8493735326902911,1.00033995882866,0.2823101738713379,0.469066379600821
516735.0,2650785.0,1.0,1.0399551336347244,0.8052262877203168,1.0118405566155853,0.1811219408570024,1.0002565808949655,0.8093391753830542,1.0000394453204269,0.8359572766454578,0.0,0.9838591860296272,1.2466998513365868,1.3529120537456203,0.0,1.00033995882866,0.2823101738713379,0.469066379600821
517935.0,2650785.0,1.0,1.0399551336347244,0.9292850742314346,1.0118405566155853,0.1811219408570024,1.0002565808949655,1.186338422444426,1.0000394453204269,0.0,1.9999973878335735,0.9838591860296272,1.198102807372512,0.7503490707331599,0.8493735326902911,1.00033995882866,0.2823101738713379,0.469066379600821
519135.0,2650785.0,1.0,1.0399551336347244,0.9292850742314346,1.0118405566155853,0.6537459580982762,1.0002565808949655,0.8093391753830542,1.0000394453204269,0.0,0.0,0.9838591860296272,0.7500965606764758,1.3529120537456203,0.8493735326902911,1.00033995882866,0.2823101738713379,0.469066379600821
520335.0,2650785.0,1.0,1.0399551336347244,0.8052262877203168,1.0118405566155853,0.6537459580982762,1.0002565808949655,1.186338422444426,1.0000394453204269,1.044665284822479,0.0,0.9838591860296272,0.7500965606764758,1.3529120537456203,0.8493735326902911,1.00033995882866,0.2823101738713379,0.469066379600821
462735.0,2649585.0,0.0,1.0399551336347244,0.8052262877203168,1.0118405566155853,0.0,1.0002565808949655,1.186338422444426,1.0000394453204269,0.8359572766454578,0.3333328979722623,0.9838591860296272,1.2466998513365868,1.3529120537456203,0.0,1.00033995882866,0.2823101738713379,0.469066379600821
463935.0,2649585.0,0.0,1.0399551336347244,0.9292850742314346,1.0118405566155853,3.1494459396812817,1.0002565808949655,0.8093391753830542,1.0000394453204269,0.8359572766454578,0.3333328979722623,0.9838591860296272,0.0,0.0,0.8493735326902911,1.00033995882866,0.2823101738713379,0.469066379600821
465135.0,2649585.0,0.0,1.0399551336347244,1.41919570500929,1.0118405566155853,0.1811219408570024,1.0002565808949655,0.8093391753830542,1.0000394453204269,0.8359572766454578,0.3333328979722623,0.9838591860296272,0.7500965606764758,0.7503490707331599,0.8493735326902911,1.00033995882866,0.2823101738713379,0.469066379600821
466335.0,2649585.0,0.0,1.0399551336347244,0.9292850742314346,1.0118405566155853,0.7386828595768657,1.0002565808949655,1.186338422444426,1.0000394453204269,0.8359572766454578,2.666670149564333,0.9838591860296272,1.198102807372512,0.7503490707331599,0.8493735326902911,1.00033995882866,0.2823101738713379,0.469066379600821
467535.0,2649585.0,0.0,1.0399551336347244,1.41919570500929,1.0118405566155853,3.1494459396812817,1.0002565808949655,1.186338422444426,1.0000394453204269,0.8359572766454578,2.666670149564333,0.9838591860296272,0.7500965606764758,0.7503490707331599,0.8493735326902911,1.00033995882866,0.2823101738713379,0.469066379600821
468735.0,2649585.0,0.0,1.0399551336347244,0.9292850742314346,1.0118405566155853,0.6537459580982762,1.0002565808949655,1.186338422444426,1.0000394453204269,0.8359572766454578,2.666670149564333,0.9838591860296272,0.7500965606764758,1.3529120537456203,0.8493735326902911,1.00033995882866,0.2823101738713379,0.469066379600821
469935.0,2649585.0,0.0,1.0399551336347244,0.8052262877203168,1.0118405566155853,0.6537459580982762,1.0002565808949655,0.8093391753830542,1.0000394453204269,0.8359572766454578,2.666670149564333,0.9838591860296272,0.0,0.0,0.8493735326902911,1.00033995882866,0.2823101738713379,0.469066379600821
471135.0,2649585.0,0.0,1.0399551336347244,1.41919570500929,1.0118405566155853,0.1811219408570024,1.0002565808949655,0.8093391753830542,1.0000394453204269,1.044665284822479,1.9999973878335735,0.9838591860296272,0.7500965606764758,0.7503490707331599,0.8493735326902911,1.00033995882866,0.2823101738713379,0.469066379600821
472335.0,2649585.0,0.0,1.0399551336347244,0.9292850742314346,1.0118405566155853,3.1494459396812817,1.0002565808949655,0.8093391753830542,1.0000394453204269,1.044665284822479,1.9999973878335735,0.9838591860296272,1.198102807372512,0.7503490707331599,0.8493735326902911,1.00033995882866,0.2823101738713379,0.469066379600821
473535.0,2649585.0,0.0,1.0399551336347244,1.41919570500929,1.0118405566155853,0.1811219408570024,1.0002565808949655,1.186338422444426,1.0000394453204269,1.044665284822479,2.666670149564333,0.0,0.7500965606764758,0.7503490707331599,0.8493735326902911,1.00033995882866,0.2823101738713379,0.469066379600821
474735.0,2649585.0,0.0,1.0399551336347244,0.9292850742314346,1.0118405566155853,3.1494459396812817,1.0002565808949655,0.8093391753830542,1.0000394453204269,1.044665284822479,2.666670149564333,0.0,1.7444769311303143,0.0,0.8493735326902911,1.00033995882866,0.2823101738713379,0.469066379600821
475935.0,2649585.0,0.0,1.0399551336347244,1.41919570500929,1.0118405566155853,0.1811219408570024,1.0002565808949655,0.8093391753830542,1.0000394453204269,1.044665284822479,1.9999973878335735,1.0253001657841805,0.7500965606764758,0.7503490707331599,0.8493735326902911,1.00033995882866,0.2823101738713379,0.469066379600821
477135.0,2649585.0,0.0,1.0399551336347244,0.9292850742314346,1.0118405566155853,3.1494459396812817,1.0002565808949655,0.8093391753830542,1.0000394453204269,1.044665284822479,1.9999973878335735,1.0253001657841805,1.198102807372512,0.7503490707331599,0.8493735326902911,1.00033995882866,0.2823101738713379,0.469066379600821
478335.0,2649585.0,0.0,1.0399551336347244,0.9292850742314346,1.0118405566155853,0.6537459580982762,1.0002565808949655,1.186338422444426,1.0000394453204269,1.044665284822479,1.9999973878335735,0.0,1.7444769311303143,1.3529120537456203,0.8493735326902911,1.00033995882866,0.2823101738713379,0.469066379600821
479535.0,2649585.0,0.0,1.0399551336347244,1.41919570500929,1.0118405566155853,0.6537459580982762,1.0002565808949655,1.186338422444426,1.0000394453204269,1.044665284822479,1.9999973878335735,3.173995232666598,1.7444769311303143,1.3529120537456203,0.8493735326902911,1.00033995882866,0.2823101738713379,0.469066379600821
480735.0,2649585.0,0.0,1.0399551336347244,0.8052262877203168,1.0118405566155853,0.6537459580982762,1.0002565808949655,0.8093391753830542,1.0000394453204269,0.8359572766454578,1.9999973878335735,0.9838591860296272,1.198102807372512,1.3529120537456203,0.0,1.00033995882866,0.2823101738713379,0.469066379600821
481935.0,2649585.0,0.0,1.0399551336347244,0.9292850742314346,1.0118405566155853,0.1811219408570024,1.0002565808949655,1.186338422444426,1.0000394453204269,0.8359572766454578,2.666670149564333,0.9838591860296272,0.7500965606764758,1.3529120537456203,0.8493735326902911,1.00033995882866,0.2823101738713379,0.469066379600821
483135.0,2649585.0,0.0,1.0399551336347244,0.9292850742314346,1.0118405566155853,0.1811219408570024,1.0002565808949655,0.8093391753830542,1.0000394453204269,1.044665284822479,0.3333328979722623,0.9838591860296272,1.198102807372512,0.7503490707331599,0.8493735326902911,1.00033995882866,0.2823101738713379,0.469066379600821
484335.0,2649585.0,0.3333324626123284,1.0399551336347244,1.41919570500929,1.0118405566155853,3.1494459396812817,1.0002565808949655,1.186338422444426,1.0000394453204269,1.044665284822479,1.9999973878335735,0.9838591860296272,1.7444769311303143,1.3529120537456203,0.8493735326902911,1.00033995882866,0.2823101738713379,0.469066379600821
485535.0,2649585.0,0.3333324626123284,1.0399551336347244,0.8052262877203168,1.0118405566155853,3.1494459396812817,1.0002565808949655,1.186338422444426,1.0000394453204269,1.044665284822479,1.9999973878335735,0.9838591860296272,1.7444769311303143,0.0,0.8493735326902911,1.00033995882866,0.2823101738713379,0.469066379600821
486735.0,2649585.0,0.3333324626123284,1.0399551336347244,1.41919570500929,1.0118405566155853,0.6537459580982762,1.0002565808949655,1.186338422444426,1.0000394453204269,1.044665284822479,1.9999973878335735,0.9838591860296272,0.7500965606764758,0.7503490707331599,0.8493735326902911,1.00033995882866,0.2823101738713379,0.469066379600821
487935.0,2649585.0,0.3333324626123284,1.0399551336347244,1.41919570500929,1.0118405566155853,0.6537459580982762,1.0002565808949655,1.186338422444426,1.0000394453204269,1.044665284822479,1.9999973878335735,0.9838591860296272,1.7444769311303143,1.3529120537456203,0.8493735326902911,1.00033995882866,0.2823101738713379,0.469066379600821
489135.0,2649585.0,0.3333324626123284,1.0399551336347244,1.41919570500929,1.0118405566155853,0.6537459580982762,1.0002565808949655,1.186338422444426,1.0000394453204269,1.044665284822479,1.9999973878335735,0.9838591860296272,1.7444769311303143,1.3529120537456203,0.8493735326902911,1.00033995882866,0.2823101738713379,0.469066379600821
490335.0,2649585.0,0.3333324626123284,1.0399551336347244,0.9292850742314346,1.0118405566155853,0.6537459580982762,1.0002565808949655,0.8093391753830542,1.0000394453204269,1.044665284822479,1.9999973878335735,0.9838591860296272,1.198102807372512,0.7503490707331599,0.8493735326902911,1.00033995882866,1.8953159656210397,0.469066379600821
491535.0,2649585.0,0.3333324626123284,1.0399551336347244,1.41919570500929,1.0118405566155853,3.1494459396812817,1.0002565808949655,0.8093391753830542,1.0000394453204269,1.044665284822479,0.0,0.9838591860296272,0.7500965606764758,1.3529120537456203,0.8493735326902911,1.00033995882866,0.2823101738713379,0.469066379600821
492735.0,2649585.0,0.3333324626123284,1.0399551336347244,0.9292850742314346,1.0118405566155853,0.7386828595768657,1.0002565808949655,1.186338422444426,1.0000394453204269,1.044665284822479,0.0,0.9838591860296272,0.7500965606764758,1.3529120537456203,0.8493735326902911,1.00033995882866,0.2823101738713379,0.469066379600821
493935.0,2649585.0,2.6666666666666665,1.0399551336347244,0.9292850742314346,1.0118405566155853,0.1811219408570024,1.0002565808949655,0.8093391753830542,1.0000394453204269,1.044665284822479,1.9999973878335735,0.9838591860296272,0.0,1.3529120537456203,0.8493735326902911,1.00033995882866,0.2823101738713379,0.469066379600821
495135.0,2649585.0,2.6666666666666665,1.0399551336347244,0.9292850742314346,1.0118405566155853,3.1494459396812817,1.0002565808949655,0.8093391753830542,1.0000394453204269,1.044665284822479,1.9999973878335735,0.9838591860296272,1.198102807372512,0.7503490707331599,0.8493735326902911,1.00033995882866,0.2823101738713379,0.469066379600821
496335.0,2649585.0,2.6666666666666665,1.0399551336347244,0.9292850742314346,1.0118405566155853,0.6537459580982762,1.0002565808949655,0.8093391753830542,1.0000394453204269,1.044665284822479,0.0,0.9838591860296272,0.7500965606764758,0.7503490707331599,0.8493735326902911,1.00033995882866,0.2823101738713379,0.469066379600821
497535.0,2649585.0,2.6666666666666665,1.0399551336347244,0.8052262877203168,1.0118405566155853,0.1811219408570024,1.0002565808949655,0.8093391753830542,1.0000394453204269,1.044665284822479,2.666670149564333,0.9838591860296272,1.198102807372512,1.3529120537456203,3.643673812226212,1.00033995882866,0.2823101738713379,0.469066379600821
498735.0,2649585.0,2.6666666666666665,1.0399551336347244,1.41919570500929,1.0118405566155853,0.1811219408570024,1.0002565808949655,1.186338422444426,1.0000394453204269,1.044665284822479,2.666670149564333,0.9838591860296272,0.7500965606764758,0.7503490707331599,0.8493735326902911,1.00033995882866,0.2823101738713379,0.469066379600821
499935.0,2649585.0,2.6666666666666665,0.0,0.9292850742314346,1.0118405566155853,0.1811219408570024,1.0002565808949655,0.8093391753830542,1.0000394453204269,1.044665284822479,2.666670149564333,0.9838591860296272,1.198102807372512,0.7503490707331599,0.8493735326902911,1.00033995882866,0.2823101738713379,0.469066379600821
501135.0,2649585.0,2.6666666666666665,0.0,0.8052262877203168,1.0118405566155853,0.6537459580982762,1.0002565808949655,1.186338422444426,1.0000394453204269,1.044665284822479,2.666670149564333,0.9838591860296272,0.7500965606764758,1.3529120537456203,0.8493735326902911,1.00033995882866,0.2823101738713379,0.469066379600821
502335.0,2649585.0,2.6666666666666665,0.0,0.9292850742314346,1.0118405566155853,0.6537459580982762,1.0002565808949655,1.186338422444426,1.0000394453204269,1.044665284822479,2.666670149564333,0.9838591860296272,1.198102807372512,1.3529120537456203,0.8493735326902911,1.00033995882866,0.2823101738713379,0.469066379600821
503535.0,2649585.0,2.6666666666666665,0.0,0.9292850742314346,1.0118405566155853,0.1811219408570024,1.0002565808949655,1.186338422444426,1.0000394453204269,1.044665284822479,2.666670149564333,0.9838591860296272,0.7500965606764758,1.3529120537456203,0.8493735326902911,1.00033995882866,0.2823101738713379,0.469066379600821
504735.0,2649585.0,1.0,1.0399551336347244,0.9292850742314346,1.0118405566155853,3.1494459396812817,1.0002565808949655,0.8093391753830542,1.0000394453204269,1.044665284822479,2.666670149564333,0.9838591860296272,1.198102807372512,0.7503490707331599,0.8493735326902911,1.00033995882866,0.2823101738713379,0.469066379600821
505935.0,2649585.0,1.0,1.0399551336347244,1.41919570500929,1.0118405566155853,0.1811219408570024,1.0002565808949655,0.8093391753830542,1.0000394453204269,1.044665284822479,2.666670149564333,0.9838591860296272,0.7500965606764758,0.7503490707331599,0.8493735326902911,1.00033995882866,0.2823101738713379,0.469066379600821
507135.0,2649585.0,1.0,1.0399551336347244,0.9292850742314346,1.0118405566155853,3.1494459396812817,1.0002565808949655,0.8093391753830542,1.0000394453204269,1.044665284822479,1.9999973878335735,0.9838591860296272,1.198102807372512,0.7503490707331599,0.8493735326902911,1.00033995882866,0.2823101738713379,0.469066379600821
508335.0,2649585.0,1.0,1.0399551336347244,0.9292850742314346,1.0118405566155853,0.1811219408570024,1.0002565808949655,0.8093391753830542,1.0000394453204269,1.044665284822479,2.666670149564333,3.173995232666598,1.198102807372512,0.7503490707331599,0.8493735326902911,1.00033995882866,0.2823101738713379,0.469066379600821
509535.0,2649585.0,1.0,1.0399551336347244,1.41919570500929,1.0118405566155853,0.1811219408570024,1.0002565808949655,1.186338422444426,1.0000394453204269,1.044665284822479,1.9999973878335735,0.0,1.7444769311303143,1.3529120537456203,0.8493735326902911,1.00033995882866,0.2823101738713379,0.469066379600821
510735.0,2649585.0,1.0,1.0399551336347244,0.9292850742314346,1.0118405566155853,0.1811219408570024,1.0002565808949655,1.186338422444426,1.0000394453204269,1.044665284822479,0.0,1.0253001657841805,0.0,0.0,0.8493735326902911,1.00033995882866,0.2823101738713379,0.469066379600821
511935.0,2649585.0,1.0,1.0399551336347244,0.9292850742314346,1.0118405566155853,3.1494459396812817,1.0002565808949655,1.186338422444426,1.0000394453204269,1.044665284822479,0.0,1.0253001657841805,1.198102807372512,0.7503490707331599,0.8493735326902911,1.00033995882866,0.2823101738713379,0.469066379600821
513135.0,2649585.0,1.0,1.0399551336347244,0.9292850742314346,1.0118405566155853,0.7386828595768657,1.0002565808949655,1.186338422444426,1.0000394453204269,1.044665284822479,0.0,0.0,0.7500965606764758,1.3529120537456203,0.8493735326902911,1.00033995882866,0.2823101738713379,0.469066379600821
514335.0,2649585.0,1.0,1.0399551336347244,0.9292850742314346,1.0118405566155853,0.1811219408570024,1.0002565808949655,1.186338422444426,1.0000394453204269,1.044665284822479,0.0,0.0,0.7500965606764758,1.3529120537456203,0.8493735326902911,1.00033995882866,0.2823101738713379,0.469066379600821
515535.0,2649585.0,1.0,1.0399551336347244,0.9292850742314346,1.0118405566155853,3.1494459396812817,1.0002565808949655,1.186338422444426,1.0000394453204269,0.8359572766454578,0.0,3.173995232666598,0.7500965606764758,1.3529120537456203,0.8493735326902911,1.00033995882866,0.2823101738713379,0.469066379600821
516735.0,2649585.0,1.0,1.0399551336347244,0.9292850742314346,1.0118405566155853,0.7386828595768657,1.0002565808949655,1.186338422444426,1.0000394453204269,0.0,0.0,0.9838591860296272,0.0,1.3529120537456203,0.8493735326902911,1.00033995882866,0.2823101738713379,0.469066379600821
517935.0,2649585.0,1.0,1.0399551336347244,1.41919570500929,1.0118405566155853,0.6537459580982762,1.0002565808949655,0.8093391753830542,1.0000394453204269,0.0,1.9999973878335735,0.9838591860296272,0.0,0.0,0.8493735326902911,1.00033995882866,0.2823101738713379,0.469066379600821
519135.0,2649585.0,1.0,1.0399551336347244,0.0,1.0118405566155853,3.1494459396812817,1.0002565808949655,0.8093391753830542,1.0000394453204269,1.044665284822479,1.9999973878335735,0.9838591860296272,1.7444769311303143,1.3529120537456203,0.8493735326902911,1.00033995882866,0.2823101738713379,0.469066379600821
520335.0,2649585.0,1.0,1.0399551336347244,0.9292850742314346,1.0118405566155853,3.1494459396812817,1.0002565808949655,1.186338422444426,1.0000394453204269,1.044665284822479,0.0,0.9838591860296272,0.7500965606764758,1.3529120537456203,0.8493735326902911,1.00033995882866,1.8953159656210397,0.469066379600821
462735.0,2648385.0,0.0,1.0399551336347244,0.8052262877203168,1.0118405566155853,3.1494459396812817,1.0002565808949655,0.8093391753830542,1.0000394453204269,0.8359572766454578,2.666670149564333,0.9838591860296272,1.198102807372512,1.3529120537456203,3.643673812226212,1.00033995882866,0.2823101738713379,0.469066379600821
463935.0,2648385.0,0.0,1.0399551336347244,0.9292850742314346,1.0118405566155853,0.6537459580982762,1.0002565808949655,1.186338422444426,1.0000394453204269,0.8359572766454578,2.666670149564333,0.9838591860296272,0.7500965606764758,1.3529120537456203,0.8493735326902911,1.00033995882866,0.2823101738713379,0.469066379600821
465135.0,2648385.0,0.0,1.0399551336347244,0.9292850742314346,1.0118405566155853,3.1494459396812817,1.0002565808949655,0.8093391753830542,1.0000394453204269,0.8359572766454578,0.3333328979722623,0.9838591860296272,0.7500965606764758,1.3529120537456203,0.8493735326902911,1.00033995882866,0.2823101738713379,0.469066379600821
466335.0,2648385.0,0.0,1.0399551336347244,0.8052262877203168,1.0118405566155853,0.6537459580982762,1.0002565808949655,0.8093391753830542,1.0000394453204269,0.8359572766454578,2.666670149564333,0.9838591860296272,1.2466998513365868,1.3529120537456203,0.0,1.00033995882866,0.2823101738713379,0.469066379600821
467535.0,2648385.0,0.0,1.0399551336347244,0.9292850742314346,1.0118405566155853,0.6537459580982762,1.0002565808949655,1.186338422444426,1.0000394453204269,0.8359572766454578,2.666670149564333,0.9838591860296272,1.198102807372512,0.7503490707331599,0.8493735326902911,1.00033995882866,0.2823101738713379,0.469066379600821
468735.0,2648385.0,0.0,1.0399551336347244,0.9292850742314346,1.0118405566155853,3.1494459396812817,1.0002565808949655,1.186338422444426,1.0000394453204269,0.8359572766454578,2.666670149564333,0.9838591860296272,1.7444769311303143,1.3529120537456203,0.8493735326902911,1.00033995882866,0.2823101738713379,0.469066379600821
469935.0,2648385.0,0.0,1.0399551336347244,0.9292850742314346,1.0118405566155853,0.6537459580982762,1.0002565808949655,0.8093391753830542,1.0000394453204269,0.8359572766454578,2.666670149564333,0.9838591860296272,0.7500965606764758,1.3529120537456203,0.8493735326902911,1.00033995882866,0.2823101738713379,0.469066379600821
471135.0,2648385.0,0.0,1.0399551336347244,0.9292850742314346,1.0118405566155853,0.1811219408570024,1.0002565808949655,0.8093391753830542,1.0000394453204269,1.044665284822479,2.666670149564333,0.9838591860296272,1.198102807372512,0.7503490707331599,0.8493735326902911,1.00033995882866,0.2823101738713379,0.469066379600821
472335.0,2648385.0,0.0,1.0399551336347244,0.9292850742314346,1.0118405566155853,3.1494459396812817,1.0002565808949655,0.8093391753830542,1.0000394453204269,1.044665284822479,2.666670149564333,0.9838591860296272,1.198102807372512,0.7503490707331599,0.8493735326902911,1.00033995882866,0.2823101738713379,0.469066379600821
473535.0,2648385.0,0.0,1.0399551336347244,0.8052262877203168,1.0118405566155853,0.1811219408570024,1.0002565808949655,0.8093391753830542,1.0000394453204269,1.044665284822479,0.3333328979722623,0.0,0.0,0.0,0.8493735326902911,1.00033995882866,0.2823101738713379,0.469066379600821
474735.0,2648385.0,0.0,1.0399551336347244,0.8052262877203168,1.0118405566155853,0.6537459580982762,1.0002565808949655,0.8093391753830542,1.0000394453204269,1.044665284822479,2.666670149564333,0.0,1.7444769311303143,0.0,0.8493735326902911,1.00033995882866,0.2823101738713379,0.469066379600821
475935.0,2648385.0,0.0,1.0399551336347244,0.9292850742314346,1.0118405566155853,0.0,1.0002565808949655,1.186338422444426,1.0000394453204269,1.044665284822479,1.9999973878335735,1.0253001657841805,1.198102807372512,0.7503490707331599,0.8493735326902911,1.00033995882866,0.2823101738713379,0.469066379600821
477135.0,2648385.0,0.0,1.0399551336347244,0.8052262877203168,1.0118405566155853,0.1811219408570024,1.0002565808949655,0.8093391753830542,1.0000394453204269,1.044665284822479,1.9999973878335735,1.0253001657841805,1.2466998513365868,1.3529120537456203,0.0,1.00033995882866,0.2823101738713379,0.469066379600821
478335.0,2648385.0,0.0,1.0399551336347244,0.8052262877203168,1.0118405566155853,3.1494459396812817,1.0002565808949655,0.8093391753830542,1.0000394453204269,1.044665284822479,1.9999973878335735,0.0,1.198102807372512,0.7503490707331599,3.643673812226212,1.00033995882866,0.2823101738713379,0.469066379600821
479535.0,2648385.0,0.0,1.0399551336347244,0.8052262877203168,1.0118405566155853,3.1494459396812817,1.0002565808949655,1.186338422444426,1.0000394453204269,1.044665284822479,1.9999973878335735,3.173995232666598,1.198102807372512,1.3529120537456203,3.643673812226212,1.00033995882866,0.2823101738713379,0.469066379600821
480735.0,2648385.0,0.0,1.0399551336347244,0.9292850742314346,1.0118405566155853,0.1811219408570024,1.0002565808949655,1.186338422444426,1.0000394453204269,0.8359572766454578,2.666670149564333,0.9838591860296272,1.198102807372512,1.3529120537456203,0.8493735326902911,1.00033995882866,0.2823101738713379,0.469066379600821
481935.0,2648385.0,0.0,1.0399551336347244,0.8052262877203168,1.0118405566155853,0.1811219408570024,1.0002565808949655,0.8093391753830542,1.0000394453204269,0.8359572766454578,2.666670149564333,0.9838591860296272,1.2466998513365868,1.3529120537456203,0.0,1.00033995882866,0.2823101738713379,0.469066379600821
483135.0,2648385.0,0.3333324626123284,1.0399551336347244,0.8052262877203168,1.0118405566155853,3.1494459396812817,1.0002565808949655,0.8093391753830542,1.0000394453204269,0.8359572766454578,2.666670149564333,0.9838591860296272,0.0,0.0,0.8493735326902911,1.00033995882866,0.2823101738713379,0.469066379600821
484335.0,2648385.0,0.3333324626123284,1.0399551336347244,1.41919570500929,1.0118405566155853,0.6537459580982762,1.0002565808949655,1.186338422444426,1.0000394453204269,1.044665284822479,2.666670149564333,0.9838591860296272,0.7500965606764758,0.7503490707331599,0.8493735326902911,1.00033995882866,0.2823101738713379,0.469066379600821
485535.0,2648385.0,0.3333324626123284,1.0399551336347244,0.9292850742314346,1.0118405566155853,0.1811219408570024,1.0002565808949655,1.186338422444426,1.0000394453204269,1.044665284822479,2.666670149564333,0.9838591860296272,0.7500965606764758,1.3529120537456203,0.8493735326902911,1.00033995882866,0.2823101738713379,0.469066379600821
486735.0,2648385.0,0.3333324626123284,1.0399551336347244,0.8052262877203168,1.0118405566155853,0.7386828595768657,1.0002565808949655,0.8093391753830542,1.0000394453204269,1.044665284822479,0.0,0.9838591860296272,1.198102807372512,1.3529120537456203,0.8493735326902911,1.00033995882866,0.2823101738713379,0.469066379600821
487935.0,2648385.0,0.3333324626123284,1.0399551336347244,0.9292850742314346,1.0118405566155853,0.1811219408570024,1.0002565808949655,0.8093391753830542,1.0000394453204269,1.044665284822479,2.666670149564333,0.9838591860296272,1.198102807372512,0.7503490707331599,0.8493735326902911,1.00033995882866,0.2823101738713379,0.469066379600821
489135.0,2648385.0,0.3333324626123284,1.0399551336347244,0.8052262877203168,1.0118405566155853,0.6537459580982762,1.0002565808949655,0.8093391753830542,1.0000394453204269,1.044665284822479,1.9999973878335735,0.9838591860296272,0.0,0.0,0.8493735326902911,1.00033995882866,0.2823101738713379,0.469066379600821
490335.0,2648385.0,0.3333324626123284,1.0399551336347244,0.9292850742314346,1.0118405566155853,0.6537459580982762,1.0002565808949655,1.186338422444426,1.0000394453204269,1.044665284822479,1.9999973878335735,0.9838591860296272,0.7500965606764758,1.3529120537456203,0.8493735326902911,1.00033995882866,0.2823101738713379,0.469066379600821
491535.0,2648385.0,0.3333324626123284,1.0399551336347244,0.8052262877203168,1.0118405566155853,0.7386828595768657,1.0002565808949655,0.8093391753830542,1.0000394453204269,1.044665284822479,0.0,0.9838591860296272,1.198102807372512,1.3529120537456203,0.8493735326902911,1.00033995882866,0.2823101738713379,0.469066379600821
492735.0,2648385.0,2.6666666666666665,1.0399551336347244,0.9292850742314346,1.0118405566155853,0.7386828595768657,1.0002565808949655,1.186338422444426,1.0000394453204269,1.044665284822479,0.0,0.9838591860296272,1.198102807372512,0.7503490707331599,0.8493735326902911,1.00033995882866,0.2823101738713379,0.469066379600821
493935.0,2648385.0,2.6666666666666665,1.0399551336347244,0.9292850742314346,1.0118405566155853,0.6537459580982762,1.0002565808949655,1.186338422444426,1.0000394453204269,1.044665284822479,1.9999973878335735,0.9838591860296272,1.198102807372512,0.7503490707331599,3.643673812226212,1.00033995882866,0.2823101738713379,0.469066379600821
495135.0,2648385.0,2.6666666666666665,1.0399551336347244,0.9292850742314346,1.0118405566155853,0.1811219408570024,1.0002565808949655,1.186338422444426,1.0000394453204269,1.044665284822479,1.9999973878335735,0.9838591860296272,0.0,0.0,0.8493735326902911,1.00033995882866,0.2823101738713379,0.469066379600821
496335.0,2648385.0,2.6666666666666665,1.0399551336347244,0.9292850742314346,1.0118405566155853,0.6537459580982762,1.0002565808949655,1.186338422444426,1.0000394453204269,1.044665284822479,1.9999973878335735,0.9838591860296272,1.7444769311303143,1.3529120537456203,0.8493735326902911,1.00033995882866,0.2823101738713379,0.469066379600821
497535.0,2648385.0,2.6666666666666665,1.0399551336347244,0.8052262877203168,1.0118405566155853,0.1811219408570024,1.0002565808949655,0.8093391753830542,1.0000394453204269,1.044665284822479,2.666670149564333,0.9838591860296272,1.2466998513365868,1.3529120537456203,0.0,1.00033995882866,0.2823101738713379,0.469066379600821
498735.0,2648385.0,2.6666666666666665,1.0399551336347244,0.9292850742314346,1.0118405566155853,0.1811219408570024,1.0002565808949655,1.186338422444426,1.0000394453204269,1.044665284822479,2.666670149564333,0.9838591860296272,0.7500965606764758,1.3529120537456203,0.8493735326902911,1.00033995882866,0.2823101738713379,0.469066379600821
499935.0,2648385.0,2.6666666666666665,0.0,0.8052262877203168,1.0118405566155853,0.1811219408570024,1.0002565808949655,0.8093391753830542,1.0000394453204269,1.044665284822479,2.666670149564333,0.9838591860296272,1.7444769311303143,0.0,0.8493735326902911,1.00033995882866,0.2823101738713379,0.469066379600821
501135.0,2648385.0,2.6666666666666665,0.0,1.41919570500929,1.0118405566155853,0.1811219408570024,1.0002565808949655,1.186338422444426,1.0000394453204269,1.044665284822479,2.666670149564333,0.9838591860296272,0.7500965606764758,0.7503490707331599,0.8493735326902911,1.00033995882866,0.2823101738713379,0.469066379600821
502335.0,2648385.0,2.6666666666666665,0.0,0.9292850742314346,1.0118405566155853,0.6537459580982762,1.0002565808949655,1.186338422444426,1.0000394453204269,1.044665284822479,2.666670149564333,0.9838591860296272,0.7500965606764758,1.3529120537456203,0.8493735326902911,1.00033995882866,0.2823101738713379,0.469066379600821
503535.0,2648385.0,1.0,0.0,1.41919570500929,1.0118405566155853,3.1494459396812817,1.0002565808949655,0.8093391753830542,1.0000394453204269,1.044665284822479,0.3333328979722623,0.9838591860296272,1.7444769311303143,1.3529120537456203,0.8493735326902911,1.00033995882866,0.2823101738713379,0.469066379600821
504735.0,2648385.0,1.0,1.0399551336347244,1.41919570500929,1.0118405566155853,3.1494459396812817,1.0002565808949655,1.186338422444426,1.0000394453204269,1.044665284822479,0.3333328979722623,0.9838591860296272,1.7444769311303143,1.3529120537456203,0.8493735326902911,1.00033995882866,0.2823101738713379,0.469066379600821
505935.0,2648385.0,1.0,1.0399551336347244,0.9292850742314346,1.0118405566155853,0.1811219408570024,1.0002565808949655,0.8093391753830542,1.0000394453204269,1.044665284822479,0.3333328979722623,0.9838591860296272,0.7500965606764758,1.3529120537456203,0.8493735326902911,1.00033995882866,0.2823101738713379,0.469066379600821
507135.0,2648385.0,1.0,1.0399551336347244,0.8052262877203168,1.0118405566155853,0.1811219408570024,1.0002565808949655,0.8093391753830542,1.0000394453204269,1.044665284822479,0.3333328979722623,0.9838591860296272,1.2466998513365868,1.3529120537456203,0.0,1.00033995882866,0.2823101738713379,0.469066379600821
508335.0,2648385.0,1.0,1.0399551336347244,0.9292850742314346,1.0118405566155853,0.6537459580982762,1.0002565808949655,1.186338422444426,1.0000394453204269,1.044665284822479,2.666670149564333,3.173995232666598,0.7500965606764758,1.3529120537456203,0.8493735326902911,1.00033995882866,0.2823101738713379,0.469066379600821
509535.0,2648385.0,1.0,1.0399551336347244,1.41919570500929,1.0118405566155853,0.1811219408570024,1.0002565808949655,1.186338422444426,1.0000394453204269,1.044665284822479,1.9999973878335735,0.0,0.7500965606764758,0.7503490707331599,0.8493735326902911,1.00033995882866,0.2823101738713379,0.469066379600821
510735.0,2648385.0,1.0,1.0399551336347244,0.9292850742314346,1.0118405566155853,0.1811219408570024,1.0002565808949655,1.186338422444426,1.0000394453204269,1.044665284822479,1.9999973878335735,1.0253001657841805,1.7444769311303143,1.3529120537456203,0.8493735326902911,1.00033995882866,0.2823101738713379,0.469066379600821
511935.0,2648385.0,1.0,1.0399551336347244,0.8052262877203168,1.0118405566155853,0.6537459580982762,1.0002565808949655,1.186338422444426,1.0000394453204269,1.044665284822479,0.0,1.0253001657841805,1.198102807372512,1.3529120537456203,3.643673812226212,1.00033995882866,0.2823101738713379,0.469066379600821
513135.0,2648385.0,1.0,1.0399551336347244,0.9292850742314346,1.0118405566155853,3.1494459396812817,1.0002565808949655,0.8093391753830542,1.0000394453204269,1.044665284822479,0.0,0.0,1.198102807372512,0.7503490707331599,0.8493735326902911,1.00033995882866,0.2823101738713379,0.469066379600821
514335.0,2648385.0,1.0,1.0399551336347244,0.8052262877203168,1.0118405566155853,0.1811219408570024,1.0002565808949655,0.8093391753830542,1.0000394453204269,1.044665284822479,0.0,0.0,1.2466998513365868,1.3529120537456203,0.0,1.00033995882866,0.2823101738713379,0.469066379600821
515535.0,2648385.0,1.0,1.0399551336347244,0.8052262877203168,1.0118405566155853,0.1811219408570024,1.0002565808949655,1.186338422444426,1.0000394453204269,0.0,1.9999973878335735,3.173995232666598,1.198102807372512,1.3529120537456203,0.8493735326902911,1.00033995882866,0.2823101738713379,0.469066379600821
516735.0,2648385.0,1.0,1.0399551336347244,0.9292850742314346,1.0118405566155853,0.6537459580982762,1.0002565808949655,1.186338422444426,1.0000394453204269,0.0,0.0,0.9838591860296272,1.7444769311303143,1.3529120537456203,0.8493735326902911,1.00033995882866,0.2823101738713379,0.469066379600821
517935.0,2648385.0,1.0,1.0399551336347244,1.41919570500929,1.0118405566155853,3.1494459396812817,1.0002565808949655,0.8093391753830542,1.0000394453204269,0.0,1.9999973878335735,0.9838591860296272,0.0,1.3529120537456203,0.8493735326902911,1.00033995882866,1.8953159656210397,0.469066379600821
462735.0,2647185.0,0.0,1.0399551336347244,0.8052262877203168,1.0118405566155853,0.1811219408570024,1.0002565808949655,1.186338422444426,1.0000394453204269,0.8359572766454578,0.3333328979722623,0.9838591860296272,1.198102807372512,1.3529120537456203,0.8493735326902911,1.00033995882866,0.2823101738713379,0.469066379600821
463935.0,2647185.0,0.0,1.0399551336347244,0.9292850742314346,1.0118405566155853,3.1494459396812817,1.0002565808949655,0.8093391753830542,1.0000394453204269,0.8359572766454578,2.666670149564333,0.9838591860296272,0.0,0.0,0.8493735326902911,1.00033995882866,0.2823101738713379,0.469066379600821
465135.0,2647185.0,0.0,1.0399551336347244,0.9292850742314346,1.0118405566155853,0.6537459580982762,1.0002565808949655,0.8093391753830542,1.0000394453204269,0.8359572766454578,2.666670149564333,0.9838591860296272,1.198102807372512,1.3529120537456203,0.8493735326902911,1.00033995882866,0.2823101738713379,0.469066379600821
466335.0,2647185.0,0.0,1.0399551336347244,0.9292850742314346,1.0118405566155853,0.1811219408570024,1.0002565808949655,1.186338422444426,1.0000394453204269,0.8359572766454578,0.3333328979722623,0.9838591860296272,0.7500965606764758,1.3529120537456203,0.8493735326902911,1.00033995882866,0.2823101738713379,0.469066379600821
467535.0,2647185.0,0.0,1.0399551336347244,0.8052262877203168,1.0118405566155853,0.1811219408570024,1.0002565808949655,0.8093391753830542,1.0000394453204269,0.8359572766454578,0.0,0.9838591860296272,0.0,0.0,0.8493735326902911,1.00033995882866,0.2823101738713379,0.469066379600821
468735.0,2647185.0,0.0,1.0399551336347244,1.41919570500929,1.0118405566155853,0.7386828595768657,1.0002565808949655,1.186338422444426,1.0000394453204269,0.8359572766454578,0.3333328979722623,0.9838591860296272,0.7500965606764758,0.7503490707331599,0.8493735326902911,1.00033995882866,0.2823101738713379,0.469066379600821
469935.0,2647185.0,0.0,1.0399551336347244,0.8052262877203168,1.0118405566155853,0.7386828595768657,1.0002565808949655,0.8093391753830542,1.0000394453204269,1.044665284822479,2.666670149564333,0.9838591860296272,1.2466998513365868,1.3529120537456203,0.0,1.00033995882866,0.2823101738713379,0.469066379600821
471135.0,2647185.0,0.0,1.0399551336347244,0.9292850742314346,1.0118405566155853,0.1811219408570024,1.0002565808949655,0.8093391753830542,1.0000394453204269,1.044665284822479,0.3333328979722623,0.9838591860296272,1.198102807372512,1.3529120537456203,0.8493735326902911,1.00033995882866,0.2823101738713379,0.469066379600821
472335.0,2647185.0,0.0,1.0399551336347244,0.9292850742314346,1.0118405566155853,0.7386828595768657,1.0002565808949655,0.8093391753830542,1.0000394453204269,1.044665284822479,1.9999973878335735,0.9838591860296272,1.198102807372512,0.7503490707331599,3.643673812226212,1.00033995882866,0.2823101738713379,0.469066379600821
473535.0,2647185.0,0.0,1.0399551336347244,1.41919570500929,1.0118405566155853,0.1811219408570024,1.0002565808949655,0.8093391753830542,1.0000394453204269,1.044665284822479,2.666670149564333,0.0,0.7500965606764758,0.7503490707331599,0.8493735326902911,1.00033995882866,0.2823101738713379,0.469066379600821
474735.0,2647185.0,0.0,1.0399551336347244,0.9292850742314346,1.0118405566155853,3.1494459396812817,1.0002565808949655,1.186338422444426,1.0000394453204269,1.044665284822479,1.9999973878335735,0.0,0.7500965606764758,1.3529120537456203,0.8493735326902911,1.00033995882866,0.2823101738713379,0.469066379600821
475935.0,2647185.0,0.0,1.0399551336347244,0.9292850742314346,1.0118405566155853,0.6537459580982762,1.0002565808949655,1.186338422444426,1.0000394453204269,1.044665284822479,1.9999973878335735,1.0253001657841805,0.7500965606764758,1.3529120537456203,0.8493735326902911,1.00033995882866,0.2823101738713379,0.469066379600821
477135.0,2647185.0,0.0,1.0399551336347244,0.9292850742314346,1.0118405566155853,0.7386828595768657,1.0002565808949655,1.186338422444426,1.0000394453204269,1.044665284822479,0.0,1.0253001657841805,0.7500965606764758,0.7503490707331599,0.8493735326902911,1.00033995882866,0.2823101738713379,0.469066379600821
478335.0,2647185.0,0.0,1.0399551336347244,0.9292850742314346,1.0118405566155853,0.1811219408570024,1.0002565808949655,1.186338422444426,1.0000394453204269,1.044665284822479,2.666670149564333,0.0,1.198102807372512,0.7503490707331599,0.8493735326902911,1.00033995882866,0.2823101738713379,0.469066379600821
479535.0,2647185.0,0.0,1.0399551336347244,0.9292850742314346,1.0118405566155853,0.1811219408570024,1.0002565808949655,1.186338422444426,1.0000394453204269,1.044665284822479,1.9999973878335735,3.173995232666598,1.198102807372512,0.7503490707331599,0.8493735326902911,1.00033995882866,0.2823101738713379,0.469066379600821
480735.0,2647185.0,0.0,1.0399551336347244,0.8052262877203168,1.0118405566155853,0.6537459580982762,1.0002565808949655,0.8093391753830542,1.0000394453204269,1.044665284822479,2.666670149564333,0.9838591860296272,1.198102807372512,1.3529120537456203,3.643673812226212,1.00033995882866,0.2823101738713379,0.469066379600821
481935.0,2647185.0,0.3333324626123284,1.0399551336347244,0.8052262877203168,1.0118405566155853,0.6537459580982762,1.0002565808949655,1.186338422444426,1.0000394453204269,0.8359572766454578,0.3333328979722623,0.9838591860296272,1.198102807372512,1.3529120537456203,3.643673812226212,1.00033995882866,0.2823101738713379,0.469066379600821
483135.0,2647185.0,0.3333324626123284,1.0399551336347244,1.41919570500929,1.0118405566155853,0.1811219408570024,1.0002565808949655,1.186338422444426,1.0000394453204269,0.8359572766454578,0.3333328979722623,0.9838591860296272,0.7500965606764758,1.3529120537456203,0.8493735326902911,1.00033995882866,0.2823101738713379,0.469066379600821
484335.0,2647185.0,0.3333324626123284,1.0399551336347244,0.9292850742314346,1.0118405566155853,0.6537459580982762,1.0002565808949655,0.8093391753830542,1.0000394453204269,1.044665284822479,2.666670149564333,0.9838591860296272,0.7500965606764758,1.3529120537456203,0.8493735326902911,1.00033995882866,0.2823101738713379,0.469066379600821
485535.0,2647185.0,0.3333324626123284,1.0399551336347244,0.9292850742314346,1.0118405566155853,0.1811219408570024,1.0002565808949655,0.8093391753830542,1.0000394453204269,1.044665284822479,0.3333328979722623,0.9838591860296272,0.0,0.0,0.8493735326902911,1.00033995882866,0.2823101738713379,0.469066379600821
486735.0,2647185.0,0.3333324626123284,1.0399551336347244,0.9292850742314346,1.0118405566155853,3.1494459396812817,1.0002565808949655,0.8093391753830542,1.0000394453204269,1.044665284822479,1.9999973878335735,0.9838591860296272,1.198102807372512,0.7503490707331599,0.8493735326902911,1.00033995882866,0.2823101738713379,0.469066379600821
487935.0,2647185.0,0.3333324626123284,1.0399551336347244,0.9292850742314346,1.0118405566155853,0.1811219408570024,1.0002565808949655,0.8093391753830542,1.0000394453204269,1.044665284822479,2.666670149564333,0.9838591860296272,0.0,0.0,0.8493735326902911,1.00033995882866,0.2823101738713379,0.469066379600821
489135.0,2647185.0,0.3333324626123284,1.0399551336347244,0.9292850742314346,1.0118405566155853,0.1811219408570024,1.0002565808949655,1.186338422444426,1.0000394453204269,1.044665284822479,2.666670149564333,0.9838591860296272,1.198102807372512,0.7503490707331599,0.8493735326902911,1.00033995882866,0.2823101738713379,0.469066379600821
490335.0,2647185.0,0.3333324626123284,1.0399551336347244,0.9292850742314346,1.0118405566155853,0.1811219408570024,1.0002565808949655,0.8093391753830542,1.0000394453204269,1.044665284822479,1.9999973878335735,0.9838591860296272,1.198102807372512,0.7503490707331599,0.8493735326902911,1.00033995882866,1.8953159656210397,0.469066379600821
491535.0,2647185.0,2.6666666666666665,1.0399551336347244,0.9292850742314346,1.0118405566155853,3.1494459396812817,1.0002565808949655,1.186338422444426,1.0000394453204269,1.044665284822479,0.0,0.9838591860296272,0.7500965606764758,1.3529120537456203,0.8493735326902911,1.00033995882866,0.2823101738713379,0.469066379600821
492735.0,2647185.0,2.6666666666666665,1.0399551336347244,0.9292850742314346,1.0118405566155853,0.6537459580982762,1.0002565808949655,0.8093391753830542,1.0000394453204269,1.044665284822479,0.0,0.9838591860296272,1.198102807372512,0.7503490707331599,0.8493735326902911,1.00033995882866,0.2823101738713379,0.469066379600821
493935.0,2647185.0,2.6666666666666665,1.0399551336347244,0.9292850742314346,1.0118405566155853,0.6537459580982762,1.0002565808949655,0.8093391753830542,1.0000394453204269,1.044665284822479,1.9999973878335735,0.9838591860296272,1.198102807372512,0.7503490707331599,3.643673812226212,1.00033995882866,0.2823101738713379,0.469066379600821
495135.0,2647185.0,2.6666666666666665,1.0399551336347244,1.41919570500929,1.0118405566155853,3.1494459396812817,1.0002565808949655,1.186338422444426,1.0000394453204269,1.044665284822479,1.9999973878335735,0.9838591860296272,0.7500965606764758,0.7503490707331599,0.8493735326902911,1.00033995882866,1.8953159656210397,0.469066379600821
496335.0,2647185.0,2.6666666666666665,1.0399551336347244,0.9292850742314346,1.0118405566155853,0.6537459580982762,1.0002565808949655,1.186338422444426,1.0000394453204269,1.044665284822479,2.666670149564333,0.9838591860296272,1.198102807372512,0.7503490707331599,0.8493735326902911,1.00033995882866,0.2823101738713379,0.469066379600821
497535.0,2647185.0,1.0,1.0399551336347244,0.9292850742314346,1.0118405566155853,0.6537459580982762,1.0002565808949655,1.186338422444426,1.0000394453204269,1.044665284822479,2.666670149564333,0.9838591860296272,1.198102807372512,0.7503490707331599,0.8493735326902911,1.00033995882866,0.2823101738713379,0.469066379600821
498735.0,2647185.0,1.0,1.0399551336347244,0.9292850742314346,1.0118405566155853,3.1494459396812817,1.0002565808949655,1.186338422444426,1.0000394453204269,1.044665284822479,1.9999973878335735,0.9838591860296272,0.0,0.0,0.8493735326902911,1.00033995882866,0.2823101738713379,0.469066379600821
499935.0,2647185.0,1.0,0.0,0.8052262877203168,1.0118405566155853,0.1811219408570024,1.0002565808949655,0.8093391753830542,1.0000394453204269,1.044665284822479,2.666670149564333,0.9838591860296272,1.198102807372512,1.3529120537456203,3.643673812226212,1.00033995882866,0.2823101738713379,0.469066379600821
501135.0,2647185.0,1.0,0.0,0.9292850742314346,1.0118405566155853,0.1811219408570024,1.0002565808949655,1.186338422444426,1.0000394453204269,1.044665284822479,2.666670149564333,0.9838591860296272,1.7444769311303143,1.3529120537456203,0.8493735326902911,1.00033995882866,0.2823101738713379,0.469066379600821
502335.0,2647185.0,1.0,0.0,0.9292850742314346,1.0118405566155853,0.6537459580982762,1.0002565808949655,0.8093391753830542,1.0000394453204269,1.044665284822479,2.666670149564333,0.9838591860296272,0.7500965606764758,1.3529120537456203,0.8493735326902911,1.00033995882866,0.2823101738713379,0.469066379600821
503535.0,2647185.0,1.0,0.0,0.9292850742314346,1.0118405566155853,0.1811219408570024,1.0002565808949655,0.8093391753830542,1.0000394453204269,1.044665284822479,0.3333328979722623,0.9838591860296272,1.198102807372512,0.7503490707331599,0.8493735326902911,1.00033995882866,0.2823101738713379,0.469066379600821
504735.0,2647185.0,1.0,0.0,1.41919570500929,1.0118405566155853,0.7386828595768657,1.0002565808949655,1.186338422444426,1.0000394453204269,1.044665284822479,0.3333328979722623,0.9838591860296272,0.7500965606764758,0.7503490707331599,0.8493735326902911,1.00033995882866,0.2823101738713379,0.469066379600821
505935.0,2647185.0,1.0,1.0399551336347244,0.9292850742314346,1.0118405566155853,0.1811219408570024,1.0002565808949655,1.186338422444426,1.0000394453204269,1.044665284822479,0.0,0.9838591860296272,1.198102807372512,0.7503490707331599,0.8493735326902911,1.00033995882866,0.2823101738713379,0.469066379600821
507135.0,2647185.0,1.0,1.0399551336347244,0.9292850742314346,1.0118405566155853,0.1811219408570024,1.0002565808949655,0.8093391753830542,1.0000394453204269,1.044665284822479,0.3333328979722623,3.173995232666598,0.7500965606764758,1.3529120537456203,0.8493735326902911,1.00033995882866,0.2823101738713379,0.469066379600821
508335.0,2647185.0,1.0,1.0399551336347244,0.8052262877203168,1.0118405566155853,3.1494459396812817,1.0002565808949655,0.8093391753830542,1.0000394453204269,1.044665284822479,2.666670149564333,0.0,0.7500965606764758,1.3529120537456203,0.8493735326902911,1.00033995882866,0.2823101738713379,0.469066379600821
509535.0,2647185.0,1.0,1.0399551336347244,0.9292850742314346,1.0118405566155853,0.7386828595768657,1.0002565808949655,1.186338422444426,1.0000394453204269,1.044665284822479,1.9999973878335735,0.0,1.7444769311303143,0.0,0.8493735326902911,1.00033995882866,0.2823101738713379,0.469066379600821
510735.0,2647185.0,1.0,1.0399551336347244,0.9292850742314346,1.0118405566155853,3.1494459396812817,1.0002565808949655,1.186338422444426,1.0000394453204269,1.044665284822479,0.0,1.0253001657841805,1.198102807372512,0.7503490707331599,0.8493735326902911,1.00033995882866,0.2823101738713379,0.469066379600821
511935.0,2647185.0,1.0,1.0399551336347244,1.41919570500929,1.0118405566155853,0.7386828595768657,1.0002565808949655,1.186338422444426,1.0000394453204269,1.044665284822479,0.0,1.0253001657841805,0.0,1.3529120537456203,0.8493735326902911,1.00033995882866,0.2823101738713379,0.469066379600821
513135.0,2647185.0,1.0,1.0399551336347244,1.41919570500929,1.0118405566155853,3.1494459396812817,1.0002565808949655,1.186338422444426,1.0000394453204269,1.044665284822479,0.0,0.0,0.7500965606764758,0.7503490707331599,0.8493735326902911,1.00033995882866,0.2823101738713379,0.469066379600821
514335.0,2647185.0,1.0,1.0399551336347244,0.9292850742314346,1.0118405566155853,0.6537459580982762,1.0002565808949655,1.186338422444426,1.0000394453204269,0.0,0.0,3.173995232666598,0.0,1.3529120537456203,0.8493735326902911,1.00033995882866,0.2823101738713379,0.469066379600821
515535.0,2647185.0,1.0,1.0399551336347244,0.9292850742314346,1.0118405566155853,0.6537459580982762,1.0002565808949655,1.186338422444426,1.0000394453204269,0.0,1.9999973878335735,0.9838591860296272,0.7500965606764758,1.3529120537456203,0.8493735326902911,1.00033995882866,0.2823101738713379,0.469066379600821
516735.0,2647185.0,1.0,1.0399551336347244,0.9292850742314346,1.0118405566155853,0.6537459580982762,1.0002565808949655,0.8093391753830542,1.0000394453204269,0.0,1.9999973878335735,0.9838591860296272,1.198102807372512,0.7503490707331599,0.8493735326902911,1.00033995882866,0.2823101738713379,0.469066379600821
465135.0,2645985.0,0.0,1.0399551336347244,0.8052262877203168,1.0118405566155853,0.6537459580982762,1.0002565808949655,0.8093391753830542,1.0000394453204269,0.8359572766454578,0.3333328979722623,0.9838591860296272,1.198102807372512,1.3529120537456203,3.643673812226212,1.00033995882866,0.2823101738713379,0.469066379600821
466335.0,2645985.0,0.0,1.0399551336347244,0.8052262877203168,1.0118405566155853,3.1494459396812817,1.0002565808949655,1.186338422444426,1.0000394453204269,0.8359572766454578,2.666670149564333,0.9838591860296272,1.198102807372512,1.3529120537456203,0.0,1.00033995882866,0.2823101738713379,0.469066379600821
467535.0,2645985.0,0.0,1.0399551336347244,0.9292850742314346,1.0118405566155853,0.1811219408570024,1.0002565808949655,0.8093391753830542,1.0000394453204269,0.8359572766454578,0.3333328979722623,0.9838591860296272,0.0,0.0,0.8493735326902911,1.00033995882866,0.2823101738713379,0.469066379600821
468735.0,2645985.0,0.0,1.0399551336347244,1.41919570500929,1.0118405566155853,0.1811219408570024,1.0002565808949655,0.8093391753830542,1.0000394453204269,0.8359572766454578,0.3333328979722623,0.9838591860296272,0.7500965606764758,0.7503490707331599,0.8493735326902911,1.00033995882866,0.2823101738713379,0.469066379600821
469935.0,2645985.0,0.0,1.0399551336347244,0.9292850742314346,1.0118405566155853,0.6537459580982762,1.0002565808949655,1.186338422444426,1.0000394453204269,1.044665284822479,0.0,0.9838591860296272,1.198102807372512,0.7503490707331599,0.8493735326902911,1.00033995882866,0.2823101738713379,0.469066379600821
471135.0,2645985.0,0.0,1.0399551336347244,0.9292850742314346,1.0118405566155853,3.1494459396812817,1.0002565808949655,0.8093391753830542,1.0000394453204269,1.044665284822479,0.3333328979722623,0.9838591860296272,1.198102807372512,0.7503490707331599,0.8493735326902911,1.00033995882866,0.2823101738713379,0.469066379600821
472335.0,2645985.0,0.0,1.0399551336347244,0.0,1.0118405566155853,3.1494459396812817,1.0002565808949655,0.8093391753830542,1.0000394453204269,1.044665284822479,2.666670149564333,0.9838591860296272,0.7500965606764758,0.7503490707331599,0.8493735326902911,1.00033995882866,0.2823101738713379,0.469066379600821
473535.0,2645985.0,0.0,1.0399551336347244,1.41919570500929,1.0118405566155853,0.6537459580982762,1.0002565808949655,1.186338422444426,1.0000394453204269,1.044665284822479,2.666670149564333,0.0,0.7500965606764758,0.7503490707331599,0.8493735326902911,1.00033995882866,0.2823101738713379,0.469066379600821
474735.0,2645985.0,0.0,1.0399551336347244,0.8052262877203168,1.0118405566155853,3.1494459396812817,1.0002565808949655,1.186338422444426,1.0000394453204269,1.044665284822479,1.9999973878335735,0.0,1.198102807372512,1.3529120537456203,0.8493735326902911,1.00033995882866,0.2823101738713379,0.469066379600821
475935.0,2645985.0,0.0,1.0399551336347244,0.9292850742314346,1.0118405566155853,0.6537459580982762,1.0002565808949655,0.8093391753830542,1.0000394453204269,1.044665284822479,1.9999973878335735,1.0253001657841805,0.7500965606764758,1.3529120537456203,0.8493735326902911,1.00033995882866,0.2823101738713379,0.469066379600821
477135.0,2645985.0,0.0,1.0399551336347244,0.9292850742314346,1.0118405566155853,3.1494459396812817,1.0002565808949655,0.8093391753830542,1.0000394453204269,1.044665284822479,0.0,1.0253001657841805,1.7444769311303143,1.3529120537456203,0.8493735326902911,1.00033995882866,1.8953159656210397,0.469066379600821
478335.0,2645985.0,0.0,1.0399551336347244,0.9292850742314346,1.0118405566155853,0.7386828595768657,1.0002565808949655,0.8093391753830542,1.0000394453204269,1.044665284822479,1.9999973878335735,0.0,0.7500965606764758,0.7503490707331599,0.8493735326902911,1.00033995882866,0.2823101738713379,0.469066379600821
479535.0,2645985.0,0.0,1.0399551336347244,1.41919570500929,1.0118405566155853,0.1811219408570024,1.0002565808949655,1.186338422444426,1.0000394453204269,1.044665284822479,1.9999973878335735,3.173995232666598,0.7500965606764758,0.7503490707331599,0.8493735326902911,1.00033995882866,0.2823101738713379,0.469066379600821
480735.0,2645985.0,0.3333324626123284,1.0399551336347244,1.41919570500929,1.0118405566155853,0.1811219408570024,1.0002565808949655,0.8093391753830542,1.0000394453204269,1.044665284822479,2.666670149564333,0.9838591860296272,0.7500965606764758,0.7503490707331599,0.8493735326902911,1.00033995882866,0.2823101738713379,0.469066379600821
481935.0,2645985.0,0.3333324626123284,1.0399551336347244,0.9292850742314346,1.0118405566155853,0.7386828595768657,1.0002565808949655,1.186338422444426,1.0000394453204269,0.8359572766454578,2.666670149564333,0.9838591860296272,1.198102807372512,0.7503490707331599,0.8493735326902911,1.00033995882866,0.2823101738713379,0.469066379600821
483135.0,2645985.0,0.3333324626123284,1.0399551336347244,1.41919570500929,1.0118405566155853,0.1811219408570024,1.0002565808949655,0.8093391753830542,1.0000394453204269,0.8359572766454578,2.666670149564333,0.9838591860296272,0.7500965606764758,0.7503490707331599,0.8493735326902911,1.00033995882866,0.2823101738713379,0.469066379600821
484335.0,2645985.0,0.3333324626123284,1.0399551336347244,1.41919570500929,1.0118405566155853,0.1811219408570024,1.0002565808949655,0.8093391753830542,1.0000394453204269,1.044665284822479,0.3333328979722623,0.9838591860296272,0.7500965606764758,0.7503490707331599,0.8493735326902911,1.00033995882866,0.2823101738713379,0.469066379600821
485535.0,2645985.0,0.3333324626123284,1.0399551336347244,1.41919570500929,1.0118405566155853,0.6537459580982762,1.0002565808949655,1.186338422444426,1.0000394453204269,1.044665284822479,0.3333328979722623,0.9838591860296272,0.7500965606764758,0.7503490707331599,0.8493735326902911,1.00033995882866,0.2823101738713379,0.469066379600821
486735.0,2645985.0,0.3333324626123284,1.0399551336347244,1.41919570500929,1.0118405566155853,0.6537459580982762,1.0002565808949655,1.186338422444426,1.0000394453204269,1.044665284822479,1.9999973878335735,0.9838591860296272,1.7444769311303143,0.7503490707331599,0.8493735326902911,1.00033995882866,0.2823101738713379,0.469066379600821
487935.0,2645985.0,0.3333324626123284,1.0399551336347244,1.41919570500929,1.0118405566155853,0.1811219408570024,1.0002565808949655,0.8093391753830542,1.0000394453204269,1.044665284822479,2.666670149564333,0.9838591860296272,0.7500965606764758,0.7503490707331599,0.8493735326902911,1.00033995882866,0.2823101738713379,0.469066379600821
489135.0,2645985.0,0.3333324626123284,1.0399551336347244,0.9292850742314346,1.0118405566155853,0.1811219408570024,1.0002565808949655,0.8093391753830542,1.0000394453204269,1.044665284822479,0.3333328979722623,0.9838591860296272,1.198102807372512,0.7503490707331599,0.8493735326902911,1.00033995882866,0.2823101738713379,0.469066379600821
490335.0,2645985.0,2.6666666666666665,1.0399551336347244,0.9292850742314346,1.0118405566155853,0.1811219408570024,1.0002565808949655,0.8093391753830542,1.0000394453204269,1.044665284822479,2.666670149564333,0.9838591860296272,0.0,0.0,0.8493735326902911,1.00033995882866,0.2823101738713379,0.469066379600821
491535.0,2645985.0,2.6666666666666665,1.0399551336347244,1.41919570500929,1.0118405566155853,0.6537459580982762,1.0002565808949655,1.186338422444426,1.0000394453204269,1.044665284822479,1.9999973878335735,0.9838591860296272,0.0,1.3529120537456203,0.8493735326902911,1.00033995882866,0.2823101738713379,0.469066379600821
492735.0,2645985.0,2.6666666666666665,1.0399551336347244,1.41919570500929,1.0118405566155853,3.1494459396812817,1.0002565808949655,1.186338422444426,1.0000394453204269,1.044665284822479,0.0,0.9838591860296272,0.0,0.0,0.8493735326902911,1.00033995882866,0.2823101738713379,0.469066379600821
493935.0,2645985.0,2.6666666666666665,1.0399551336347244,0.9292850742314346,1.0118405566155853,0.1811219408570024,1.0002565808949655,1.186338422444426,1.0000394453204269,1.044665284822479,1.9999973878335735,0.9838591860296272,0.0,1.3529120537456203,0.8493735326902911,1.00033995882866,0.2823101738713379,0.469066379600821
495135.0,2645985.0,2.6666666666666665,1.0399551336347244,0.9292850742314346,1.0118405566155853,0.1811219408570024,1.0002565808949655,1.186338422444426,1.0000394453204269,1.044665284822479,1.9999973878335735,0.9838591860296272,1.198102807372512,0.7503490707331599,0.8493735326902911,1.00033995882866,0.2823101738713379,0.469066379600821
496335.0,2645985.0,2.6666666666666665,1.0399551336347244,1.41919570500929,1.0118405566155853,3.1494459396812817,1.0002565808949655,0.8093391753830542,1.0000394453204269,1.044665284822479,1.9999973878335735,0.9838591860296272,0.7500965606764758,0.7503490707331599,0.8493735326902911,1.00033995882866,0.2823101738713379,0.469066379600821
497535.0,2645985.0,1.0,1.0399551336347244,0.8052262877203168,1.0118405566155853,0.1811219408570024,1.0002565808949655,0.8093391753830542,1.0000394453204269,1.044665284822479,0.3333328979722623,0.9838591860296272,0.0,0.0,0.8493735326902911,1.00033995882866,0.2823101738713379,0.469066379600821
498735.0,2645985.0,1.0,1.0399551336347244,0.9292850742314346,1.0118405566155853,0.1811219408570024,1.0002565808949655,1.186338422444426,1.0000394453204269,1.044665284822479,2.666670149564333,0.9838591860296272,0.7500965606764758,1.3529120537456203,0.8493735326902911,1.00033995882866,0.2823101738713379,0.469066379600821
499935.0,2645985.0,1.0,0.0,0.9292850742314346,1.0118405566155853,0.1811219408570024,1.0002565808949655,0.8093391753830542,1.0000394453204269,1.044665284822479,2.666670149564333,0.9838591860296272,1.198102807372512,0.7503490707331599,0.8493735326902911,1.00033995882866,0.2823101738713379,0.469066379600821
501135.0,2645985.0,1.0,0.0,0.8052262877203168,1.0118405566155853,0.6537459580982762,1.0002565808949655,1.186338422444426,1.0000394453204269,1.044665284822479,2.666670149564333,0.9838591860296272,1.7444769311303143,0.0,0.8493735326902911,1.00033995882866,0.2823101738713379,0.469066379600821
502335.0,2645985.0,1.0,0.0,0.9292850742314346,1.0118405566155853,0.6537459580982762,1.0002565808949655,0.8093391753830542,1.0000394453204269,1.044665284822479,0.3333328979722623,0.9838591860296272,0.0,0.0,0.8493735326902911,1.00033995882866,0.2823101738713379,0.469066379600821
503535.0,2645985.0,1.0,0.0,0.9292850742314346,1.0118405566155853,3.1494459396812817,1.0002565808949655,0.8093391753830542,1.0000394453204269,1.044665284822479,0.3333328979722623,0.9838591860296272,1.198102807372512,0.7503490707331599,0.8493735326902911,1.00033995882866,0.2823101738713379,0.469066379600821
504735.0,2645985.0,1.0,1.0399551336347244,1.41919570500929,1.0118405566155853,0.6537459580982762,1.0002565808949655,1.186338422444426,1.0000394453204269,1.044665284822479,0.3333328979722623,0.9838591860296272,1.7444769311303143,1.3529120537456203,0.8493735326902911,1.00033995882866,0.2823101738713379,0.469066379600821
505935.0,2645985.0,1.0,1.0399551336347244,0.9292850742314346,1.0118405566155853,0.1811219408570024,1.0002565808949655,1.186338422444426,1.0000394453204269,1.044665284822479,0.3333328979722623,0.9838591860296272,0.7500965606764758,1.3529120537456203,0.8493735326902911,1.00033995882866,0.2823101738713379,0.469066379600821
507135.0,2645985.0,1.0,1.0399551336347244,1.41919570500929,1.0118405566155853,0.6537459580982762,1.0002565808949655,1.186338422444426,1.0000394453204269,1.044665284822479,0.3333328979722623,3.173995232666598,0.7500965606764758,0.7503490707331599,0.8493735326902911,1.00033995882866,0.2823101738713379,0.469066379600821
508335.0,2645985.0,1.0,1.0399551336347244,1.41919570500929,1.0118405566155853,0.6537459580982762,1.0002565808949655,1.186338422444426,1.0000394453204269,1.044665284822479,1.9999973878335735,0.0,1.7444769311303143,1.3529120537456203,0.8493735326902911,1.00033995882866,0.2823101738713379,0.469066379600821
509535.0,2645985.0,1.0,1.0399551336347244,0.9292850742314346,1.0118405566155853,3.1494459396812817,1.0002565808949655,1.186338422444426,1.0000394453204269,1.044665284822479,1.9999973878335735,0.0,1.198102807372512,0.7503490707331599,0.8493735326902911,1.00033995882866,0.2823101738713379,0.469066379600821
510735.0,2645985.0,1.0,1.0399551336347244,0.9292850742314346,1.0118405566155853,0.6537459580982762,1.0002565808949655,1.186338422444426,1.0000394453204269,1.044665284822479,0.0,1.0253001657841805,0.7500965606764758,0.7503490707331599,0.8493735326902911,1.00033995882866,1.8953159656210397,0.469066379600821
511935.0,2645985.0,1.0,1.0399551336347244,0.9292850742314346,1.0118405566155853,3.1494459396812817,1.0002565808949655,0.8093391753830542,1.0000394453204269,1.044665284822479,0.0,0.0,0.7500965606764758,1.3529120537456203,0.8493735326902911,1.00033995882866,40.7927349061228,0.469066379600821
513135.0,2645985.0,1.0,1.0399551336347244,0.9292850742314346,1.0118405566155853,0.0,1.0002565808949655,1.186338422444426,1.0000394453204269,0.0,0.0,0.0,1.198102807372512,0.7503490707331599,3.643673812226212,1.00033995882866,0.2823101738713379,0.469066379600821
514335.0,2645985.0,1.0,1.0399551336347244,0.9292850742314346,1.0118405566155853,0.1811219408570024,1.0002565808949655,1.186338422444426,1.0000394453204269,0.0,1.9999973878335735,3.173995232666598,1.198102807372512,0.7503490707331599,0.8493735326902911,1.00033995882866,0.2823101738713379,0.469066379600821
515535.0,2645985.0,1.0,1.0399551336347244,0.9292850742314346,1.0118405566155853,3.1494459396812817,1.0002565808949655,1.186338422444426,1.0000394453204269,0.0,1.9999973878335735,0.9838591860296272,0.7500965606764758,1.3529120537456203,0.8493735326902911,1.00033995882866,0.2823101738713379,0.469066379600821
516735.0,2645985.0,1.0,1.0399551336347244,0.8052262877203168,1.0118405566155853,0.1811219408570024,1.0002565808949655,0.8093391753830542,1.0000394453204269,0.0,2.666670149564333,0.9838591860296272,1.198102807372512,1.3529120537456203,3.643673812226212,1.00033995882866,0.2823101738713379,0.469066379600821
466335.0,2644785.0,0.0,1.0399551336347244,0.9292850742314346,1.0118405566155853,0.0,1.0002565808949655,1.186338422444426,1.0000394453204269,0.8359572766454578,0.3333328979722623,0.9838591860296272,1.198102807372512,1.3529120537456203,0.8493735326902911,1.00033995882866,0.2823101738713379,0.469066379600821
467535.0,2644785.0,0.0,1.0399551336347244,0.9292850742314346,1.0118405566155853,0.1811219408570024,1.0002565808949655,0.8093391753830542,1.0000394453204269,0.8359572766454578,0.3333328979722623,0.9838591860296272,1.7444769311303143,1.3529120537456203,0.8493735326902911,1.00033995882866,0.2823101738713379,0.469066379600821
468735.0,2644785.0,0.0,1.0399551336347244,0.9292850742314346,1.0118405566155853,0.6537459580982762,1.0002565808949655,0.8093391753830542,1.0000394453204269,1.044665284822479,0.3333328979722623,0.9838591860296272,1.7444769311303143,1.3529120537456203,0.8493735326902911,1.00033995882866,0.2823101738713379,0.469066379600821
469935.0,2644785.0,0.0,1.0399551336347244,1.41919570500929,1.0118405566155853,0.1811219408570024,1.0002565808949655,1.186338422444426,1.0000394453204269,1.044665284822479,0.3333328979722623,0.9838591860296272,1.7444769311303143,1.3529120537456203,0.8493735326902911,1.00033995882866,0.2823101738713379,0.469066379600821
471135.0,2644785.0,0.0,1.0399551336347244,0.9292850742314346,1.0118405566155853,0.6537459580982762,1.0002565808949655,0.8093391753830542,1.0000394453204269,1.044665284822479,0.3333328979722623,0.9838591860296272,0.7500965606764758,1.3529120537456203,0.8493735326902911,1.00033995882866,0.2823101738713379,0.469066379600821
472335.0,2644785.0,0.0,1.0399551336347244,0.9292850742314346,1.0118405566155853,0.1811219408570024,1.0002565808949655,0.8093391753830542,1.0000394453204269,1.044665284822479,0.3333328979722623,0.9838591860296272,0.7500965606764758,1.3529120537456203,0.8493735326902911,1.00033995882866,0.2823101738713379,0.469066379600821
473535.0,2644785.0,0.0,1.0399551336347244,0.8052262877203168,1.0118405566155853,0.7386828595768657,1.0002565808949655,0.8093391753830542,1.0000394453204269,1.044665284822479,1.9999973878335735,0.0,1.198102807372512,1.3529120537456203,0.8493735326902911,1.00033995882866,0.2823101738713379,0.469066379600821
474735.0,2644785.0,0.0,1.0399551336347244,0.9292850742314346,1.0118405566155853,0.1811219408570024,1.0002565808949655,1.186338422444426,1.0000394453204269,1.044665284822479,2.666670149564333,0.0,0.7500965606764758,1.3529120537456203,0.8493735326902911,1.00033995882866,0.2823101738713379,0.469066379600821
475935.0,2644785.0,0.0,1.0399551336347244,0.8052262877203168,1.0118405566155853,0.1811219408570024,1.0002565808949655,0.8093391753830542,1.0000394453204269,1.044665284822479,0.3333328979722623,1.0253001657841805,1.198102807372512,1.3529120537456203,0.0,1.00033995882866,0.2823101738713379,0.469066379600821
477135.0,2644785.0,0.0,1.0399551336347244,1.41919570500929,1.0118405566155853,0.6537459580982762,1.0002565808949655,1.186338422444426,1.0000394453204269,1.044665284822479,1.9999973878335735,1.0253001657841805,0.7500965606764758,1.3529120537456203,0.8493735326902911,1.00033995882866,0.2823101738713379,0.469066379600821
478335.0,2644785.0,0.0,1.0399551336347244,0.8052262877203168,1.0118405566155853,0.1811219408570024,1.0002565808949655,1.186338422444426,1.0000394453204269,1.044665284822479,1.9999973878335735,0.0,1.198102807372512,1.3529120537456203,0.8493735326902911,1.00033995882866,0.2823101738713379,0.469066379600821
479535.0,2644785.0,0.0,1.0399551336347244,0.8052262877203168,1.0118405566155853,0.1811219408570024,1.0002565808949655,1.186338422444426,1.0000394453204269,1.044665284822479,1.9999973878335735,0.0,1.198102807372512,1.3529120537456203,0.8493735326902911,1.00033995882866,0.2823101738713379,0.469066379600821
480735.0,2644785.0,0.3333324626123284,1.0399551336347244,0.8052262877203168,1.0118405566155853,0.1811219408570024,1.0002565808949655,0.8093391753830542,1.0000394453204269,1.044665284822479,0.3333328979722623,0.9838591860296272,1.198102807372512,1.3529120537456203,0.8493735326902911,1.00033995882866,0.2823101738713379,0.469066379600821
481935.0,2644785.0,0.3333324626123284,1.0399551336347244,0.9292850742314346,1.0118405566155853,0.1811219408570024,1.0002565808949655,1.186338422444426,1.0000394453204269,0.8359572766454578,0.3333328979722623,0.9838591860296272,0.0,0.0,0.8493735326902911,1.00033995882866,0.2823101738713379,0.469066379600821
483135.0,2644785.0,0.3333324626123284,1.0399551336347244,1.41919570500929,1.0118405566155853,0.6537459580982762,1.0002565808949655,0.8093391753830542,1.0000394453204269,1.044665284822479,0.3333328979722623,0.9838591860296272,1.198102807372512,0.7503490707331599,0.8493735326902911,1.00033995882866,0.2823101738713379,0.469066379600821
484335.0,2644785.0,0.3333324626123284,1.0399551336347244,1.41919570500929,1.0118405566155853,3.1494459396812817,1.0002565808949655,1.186338422444426,1.0000394453204269,1.044665284822479,0.3333328979722623,0.9838591860296272,0.7500965606764758,0.7503490707331599,0.8493735326902911,1.00033995882866,0.2823101738713379,0.469066379600821
485535.0,2644785.0,0.3333324626123284,1.0399551336347244,0.8052262877203168,1.0118405566155853,0.1811219408570024,1.0002565808949655,0.8093391753830542,1.0000394453204269,1.044665284822479,0.3333328979722623,0.9838591860296272,1.198102807372512,1.3529120537456203,3.643673812226212,1.00033995882866,0.2823101738713379,0.469066379600821
486735.0,2644785.0,0.3333324626123284,1.0399551336347244,0.8052262877203168,1.0118405566155853,0.1811219408570024,1.0002565808949655,0.8093391753830542,1.0000394453204269,1.044665284822479,2.666670149564333,0.9838591860296272,1.198102807372512,1.3529120537456203,0.0,1.00033995882866,0.2823101738713379,0.469066379600821
487935.0,2644785.0,2.6666666666666665,1.0399551336347244,0.8052262877203168,1.0118405566155853,0.1811219408570024,1.0002565808949655,0.8093391753830542,1.0000394453204269,1.044665284822479,2.666670149564333,0.9838591860296272,1.198102807372512,1.3529120537456203,0.8493735326902911,1.00033995882866,0.2823101738713379,0.469066379600821
489135.0,2644785.0,2.6666666666666665,1.0399551336347244,0.9292850742314346,1.0118405566155853,0.6537459580982762,1.0002565808949655,0.8093391753830542,1.0000394453204269,1.044665284822479,2.666670149564333,0.9838591860296272,1.198102807372512,0.7503490707331599,0.8493735326902911,1.00033995882866,0.2823101738713379,0.469066379600821
490335.0,2644785.0,2.6666666666666665,1.0399551336347244,0.9292850742314346,1.0118405566155853,0.1811219408570024,1.0002565808949655,0.8093391753830542,1.0000394453204269,1.044665284822479,0.3333328979722623,0.9838591860296272,1.198102807372512,1.3529120537456203,0.8493735326902911,1.00033995882866,0.2823101738713379,0.469066379600821
491535.0,2644785.0,2.6666666666666665,1.0399551336347244,0.9292850742314346,1.0118405566155853,3.1494459396812817,1.0002565808949655,0.8093391753830542,1.0000394453204269,1.044665284822479,1.9999973878335735,0.9838591860296272,0.7500965606764758,1.3529120537456203,0.8493735326902911,1.00033995882866,0.2823101738713379,0.469066379600821
492735.0,2644785.0,2.6666666666666665,1.0399551336347244,0.8052262877203168,1.0118405566155853,3.1494459396812817,1.0002565808949655,1.186338422444426,1.0000394453204269,1.044665284822479,1.9999973878335735,0.9838591860296272,1.198102807372512,1.3529120537456203,0.8493735326902911,1.00033995882866,0.2823101738713379,0.469066379600821
493935.0,2644785.0,2.6666666666666665,1.0399551336347244,0.8052262877203168,1.0118405566155853,0.1811219408570024,1.0002565808949655,0.8093391753830542,1.0000394453204269,1.044665284822479,2.666670149564333,0.9838591860296272,0.0,0.0,0.8493735326902911,1.00033995882866,0.2823101738713379,0.469066379600821
495135.0,2644785.0,2.6666666666666665,1.0399551336347244,0.9292850742314346,1.0118405566155853,0.1811219408570024,1.0002565808949655,1.186338422444426,1.0000394453204269,1.044665284822479,1.9999973878335735,0.9838591860296272,0.7500965606764758,0.7503490707331599,0.8493735326902911,1.00033995882866,0.2823101738713379,0.469066379600821
496335.0,2644785.0,2.6666666666666665,1.0399551336347244,0.9292850742314346,1.0118405566155853,0.1811219408570024,1.0002565808949655,0.8093391753830542,1.0000394453204269,1.044665284822479,2.666670149564333,0.9838591860296272,1.198102807372512,0.7503490707331599,0.8493735326902911,1.00033995882866,0.2823101738713379,0.469066379600821
497535.0,2644785.0,1.0,1.0399551336347244,0.8052262877203168,1.0118405566155853,0.1811219408570024,1.0002565808949655,1.186338422444426,1.0000394453204269,1.044665284822479,2.666670149564333,0.9838591860296272,0.7500965606764758,1.3529120537456203,0.8493735326902911,1.00033995882866,0.2823101738713379,0.469066379600821
498735.0,2644785.0,1.0,1.0399551336347244,0.8052262877203168,1.0118405566155853,3.1494459396812817,1.0002565808949655,0.8093391753830542,1.0000394453204269,1.044665284822479,2.666670149564333,0.9838591860296272,1.198102807372512,1.3529120537456203,0.8493735326902911,1.00033995882866,0.2823101738713379,0.469066379600821
499935.0,2644785.0,1.0,1.0399551336347244,0.9292850742314346,1.0118405566155853,0.1811219408570024,1.0002565808949655,0.8093391753830542,1.0000394453204269,1.044665284822479,0.3333328979722623,0.9838591860296272,0.7500965606764758,1.3529120537456203,0.8493735326902911,1.00033995882866,0.2823101738713379,0.469066379600821
501135.0,2644785.0,1.0,0.0,0.9292850742314346,1.0118405566155853,0.6537459580982762,1.0002565808949655,1.186338422444426,1.0000394453204269,1.044665284822479,2.666670149564333,0.9838591860296272,0.7500965606764758,1.3529120537456203,0.8493735326902911,1.00033995882866,0.2823101738713379,0.469066379600821
502335.0,2644785.0,1.0,0.0,1.41919570500929,1.0118405566155853,0.6537459580982762,1.0002565808949655,0.8093391753830542,1.0000394453204269,1.044665284822479,2.666670149564333,0.9838591860296272,1.7444769311303143,1.3529120537456203,0.8493735326902911,1.00033995882866,0.2823101738713379,0.469066379600821
503535.0,2644785.0,1.0,0.0,1.41919570500929,1.0118405566155853,0.1811219408570024,1.0002565808949655,1.186338422444426,1.0000394453204269,1.044665284822479,0.3333328979722623,0.9838591860296272,0.7500965606764758,0.7503490707331599,0.8493735326902911,1.00033995882866,0.2823101738713379,0.469066379600821
504735.0,2644785.0,1.0,1.0399551336347244,0.9292850742314346,1.0118405566155853,0.1811219408570024,1.0002565808949655,1.186338422444426,1.0000394453204269,1.044665284822479,0.3333328979722623,0.9838591860296272,1.7444769311303143,1.3529120537456203,0.8493735326902911,1.00033995882866,0.2823101738713379,0.469066379600821
505935.0,2644785.0,1.0,1.0399551336347244,0.9292850742314346,1.0118405566155853,0.6537459580982762,1.0002565808949655,1.186338422444426,1.0000394453204269,1.044665284822479,0.3333328979722623,0.9838591860296272,0.0,0.0,0.8493735326902911,1.00033995882866,0.2823101738713379,0.469066379600821
507135.0,2644785.0,1.0,1.0399551336347244,1.41919570500929,1.0118405566155853,0.1811219408570024,1.0002565808949655,0.8093391753830542,1.0000394453204269,1.044665284822479,2.666670149564333,3.173995232666598,0.7500965606764758,0.7503490707331599,0.8493735326902911,1.00033995882866,0.2823101738713379,0.469066379600821
508335.0,2644785.0,1.0,1.0399551336347244,1.41919570500929,1.0118405566155853,0.6537459580982762,1.0002565808949655,1.186338422444426,1.0000394453204269,1.044665284822479,1.9999973878335735,0.0,0.0,0.0,0.8493735326902911,1.00033995882866,0.2823101738713379,0.469066379600821
509535.0,2644785.0,1.0,1.0399551336347244,0.8052262877203168,1.0118405566155853,3.1494459396812817,1.0002565808949655,1.186338422444426,1.0000394453204269,1.044665284822479,0.0,1.0253001657841805,0.7500965606764758,0.0,0.8493735326902911,1.00033995882866,0.2823101738713379,0.469066379600821
510735.0,2644785.0,1.0,1.0399551336347244,0.8052262877203168,1.0118405566155853,0.1811219408570024,1.0002565808949655,0.8093391753830542,1.0000394453204269,1.044665284822479,1.9999973878335735,1.0253001657841805,0.0,0.0,0.8493735326902911,1.00033995882866,0.2823101738713379,0.469066379600821
511935.0,2644785.0,1.0,1.0399551336347244,0.8052262877203168,1.0118405566155853,0.6537459580982762,1.0002565808949655,1.186338422444426,1.0000394453204269,1.044665284822479,0.0,0.0,1.2466998513365868,1.3529120537456203,0.0,1.00033995882866,0.2823101738713379,0.469066379600821
513135.0,2644785.0,1.0,1.0399551336347244,0.8052262877203168,1.0118405566155853,3.1494459396812817,1.0002565808949655,0.8093391753830542,1.0000394453204269,0.0,0.0,0.0,1.198102807372512,1.3529120537456203,3.643673812226212,1.00033995882866,0.2823101738713379,0.469066379600821
514335.0,2644785.0,1.0,1.0399551336347244,0.9292850742314346,1.0118405566155853,3.1494459396812817,1.0002565808949655,1.186338422444426,1.0000394453204269,0.0,1.9999973878335735,3.173995232666598,1.7444769311303143,1.3529120537456203,0.8493735326902911,1.00033995882866,0.2823101738713379,0.469066379600821
515535.0,2644785.0,1.0,1.0399551336347244,0.9292850742314346,1.0118405566155853,0.1811219408570024,1.0002565808949655,1.186338422444426,1.0000394453204269,0.0,1.9999973878335735,0.9838591860296272,0.7500965606764758,1.3529120537456203,0.8493735326902911,1.00033995882866,0.2823101738713379,0.469066379600821
516735.0,2644785.0,1.0,1.0399551336347244,0.8052262877203168,1.0118405566155853,0.6537459580982762,1.0002565808949655,1.186338422444426,1.0000394453204269,1.044665284822479,1.9999973878335735,0.9838591860296272,1.198102807372512,1.3529120537456203,0.8493735326902911,1.00033995882866,0.2823101738713379,0.469066379600821
466335.0,2643585.0,0.0,1.0399551336347244,0.9292850742314346,1.0118405566155853,0.7386828595768657,1.0002565808949655,1.186338422444426,1.0000394453204269,0.8359572766454578,0.0,0.9838591860296272,0.0,1.3529120537456203,0.8493735326902911,1.00033995882866,0.2823101738713379,0.469066379600821
467535.0,2643585.0,0.0,1.0399551336347244,0.9292850742314346,1.0118405566155853,0.1811219408570024,1.0002565808949655,1.186338422444426,1.0000394453204269,1.044665284822479,0.0,0.9838591860296272,0.7500965606764758,1.3529120537456203,0.8493735326902911,1.00033995882866,0.2823101738713379,0.469066379600821
468735.0,2643585.0,0.0,1.0399551336347244,0.9292850742314346,1.0118405566155853,3.1494459396812817,1.0002565808949655,0.8093391753830542,1.0000394453204269,1.044665284822479,0.3333328979722623,0.9838591860296272,1.198102807372512,0.7503490707331599,0.8493735326902911,1.00033995882866,0.2823101738713379,0.469066379600821
469935.0,2643585.0,0.0,1.0399551336347244,0.8052262877203168,1.0118405566155853,0.6537459580982762,1.0002565808949655,0.8093391753830542,1.0000394453204269,1.044665284822479,2.666670149564333,0.9838591860296272,0.7500965606764758,1.3529120537456203,0.8493735326902911,1.00033995882866,0.2823101738713379,0.469066379600821
471135.0,2643585.0,0.0,1.0399551336347244,0.9292850742314346,1.0118405566155853,0.6537459580982762,1.0002565808949655,1.186338422444426,1.0000394453204269,1.044665284822479,0.3333328979722623,0.9838591860296272,0.7500965606764758,1.3529120537456203,0.8493735326902911,1.00033995882866,0.2823101738713379,0.469066379600821
472335.0,2643585.0,0.0,1.0399551336347244,0.9292850742314346,1.0118405566155853,3.1494459396812817,1.0002565808949655,0.8093391753830542,1.0000394453204269,1.044665284822479,2.666670149564333,0.9838591860296272,1.198102807372512,1.3529120537456203,0.8493735326902911,1.00033995882866,0.2823101738713379,0.469066379600821
473535.0,2643585.0,0.0,1.0399551336347244,0.9292850742314346,1.0118405566155853,0.6537459580982762,1.0002565808949655,1.186338422444426,1.0000394453204269,1.044665284822479,1.9999973878335735,3.173995232666598,1.198102807372512,0.7503490707331599,0.8493735326902911,1.00033995882866,0.2823101738713379,0.469066379600821
474735.0,2643585.0,0.0,1.0399551336347244,0.9292850742314346,1.0118405566155853,0.1811219408570024,1.0002565808949655,0.8093391753830542,1.0000394453204269,1.044665284822479,2.666670149564333,0.0,1.198102807372512,0.7503490707331599,0.8493735326902911,1.00033995882866,0.2823101738713379,0.469066379600821
475935.0,2643585.0,0.0,1.0399551336347244,0.8052262877203168,1.0118405566155853,3.1494459396812817,1.0002565808949655,1.186338422444426,1.0000394453204269,1.044665284822479,2.666670149564333,1.0253001657841805,1.198102807372512,1.3529120537456203,0.8493735326902911,1.00033995882866,0.2823101738713379,0.469066379600821
477135.0,2643585.0,0.0,1.0399551336347244,0.9292850742314346,1.0118405566155853,0.6537459580982762,1.0002565808949655,1.186338422444426,1.0000394453204269,1.044665284822479,2.666670149564333,1.0253001657841805,0.7500965606764758,1.3529120537456203,0.8493735326902911,1.00033995882866,0.2823101738713379,0.469066379600821
478335.0,2643585.0,0.0,1.0399551336347244,1.41919570500929,1.0118405566155853,0.6537459580982762,1.0002565808949655,0.8093391753830542,1.0000394453204269,1.044665284822479,2.666670149564333,0.0,0.7500965606764758,0.7503490707331599,0.8493735326902911,1.00033995882866,0.2823101738713379,0.469066379600821
479535.0,2643585.0,0.3333324626123284,1.0399551336347244,0.8052262877203168,1.0118405566155853,0.1811219408570024,1.0002565808949655,0.8093391753830542,1.0000394453204269,1.044665284822479,2.666670149564333,0.0,0.0,0.0,0.8493735326902911,1.00033995882866,0.2823101738713379,0.469066379600821
480735.0,2643585.0,0.3333324626123284,1.0399551336347244,0.9292850742314346,1.0118405566155853,3.1494459396812817,1.0002565808949655,1.186338422444426,1.0000394453204269,1.044665284822479,0.3333328979722623,0.9838591860296272,1.198102807372512,1.3529120537456203,0.8493735326902911,1.00033995882866,0.2823101738713379,0.469066379600821
481935.0,2643585.0,0.3333324626123284,1.0399551336347244,0.9292850742314346,1.0118405566155853,0.6537459580982762,1.0002565808949655,0.8093391753830542,1.0000394453204269,1.044665284822479,0.3333328979722623,0.9838591860296272,1.198102807372512,0.7503490707331599,0.8493735326902911,1.00033995882866,0.2823101738713379,0.469066379600821
483135.0,2643585.0,0.3333324626123284,1.0399551336347244,0.9292850742314346,1.0118405566155853,3.1494459396812817,1.0002565808949655,1.186338422444426,1.0000394453204269,1.044665284822479,0.3333328979722623,0.9838591860296272,1.198102807372512,0.7503490707331599,0.8493735326902911,1.00033995882866,0.2823101738713379,0.469066379600821
484335.0,2643585.0,0.3333324626123284,1.0399551336347244,0.9292850742314346,1.0118405566155853,0.1811219408570024,1.0002565808949655,1.186338422444426,1.0000394453204269,1.044665284822479,0.0,0.9838591860296272,1.7444769311303143,1.3529120537456203,0.8493735326902911,1.00033995882866,1.8953159656210397,0.469066379600821
485535.0,2643585.0,0.3333324626123284,1.0399551336347244,0.8052262877203168,1.0118405566155853,3.1494459396812817,1.0002565808949655,1.186338422444426,1.0000394453204269,1.044665284822479,0.3333328979722623,0.9838591860296272,0.7500965606764758,1.3529120537456203,0.8493735326902911,1.00033995882866,0.2823101738713379,0.469066379600821
486735.0,2643585.0,2.6666666666666665,1.0399551336347244,0.0,1.0118405566155853,0.1811219408570024,1.0002565808949655,1.186338422444426,1.0000394453204269,1.044665284822479,2.666670149564333,0.9838591860296272,0.7500965606764758,0.7503490707331599,0.8493735326902911,1.00033995882866,0.2823101738713379,0.469066379600821
487935.0,2643585.0,2.6666666666666665,1.0399551336347244,0.9292850742314346,1.0118405566155853,3.1494459396812817,1.0002565808949655,0.8093391753830542,1.0000394453204269,1.044665284822479,2.666670149564333,0.9838591860296272,1.198102807372512,0.7503490707331599,0.8493735326902911,1.00033995882866,0.2823101738713379,0.469066379600821
489135.0,2643585.0,2.6666666666666665,1.0399551336347244,0.8052262877203168,1.0118405566155853,0.6537459580982762,1.0002565808949655,0.8093391753830542,1.0000394453204269,1.044665284822479,2.666670149564333,0.9838591860296272,0.7500965606764758,0.0,0.8493735326902911,1.00033995882866,0.2823101738713379,0.469066379600821
490335.0,2643585.0,2.6666666666666665,1.0399551336347244,1.41919570500929,1.0118405566155853,0.1811219408570024,1.0002565808949655,1.186338422444426,1.0000394453204269,1.044665284822479,0.3333328979722623,0.9838591860296272,1.7444769311303143,1.3529120537456203,0.8493735326902911,1.00033995882866,0.2823101738713379,0.469066379600821
491535.0,2643585.0,2.6666666666666665,1.0399551336347244,0.9292850742314346,1.0118405566155853,0.7386828595768657,1.0002565808949655,1.186338422444426,1.0000394453204269,1.044665284822479,1.9999973878335735,0.9838591860296272,0.7500965606764758,1.3529120537456203,0.8493735326902911,1.00033995882866,0.2823101738713379,0.469066379600821
492735.0,2643585.0,2.6666666666666665,1.0399551336347244,1.41919570500929,1.0118405566155853,0.1811219408570024,1.0002565808949655,1.186338422444426,1.0000394453204269,1.044665284822479,2.666670149564333,0.9838591860296272,0.7500965606764758,1.3529120537456203,0.8493735326902911,1.00033995882866,0.2823101738713379,0.469066379600821
493935.0,2643585.0,2.6666666666666665,1.0399551336347244,0.9292850742314346,1.0118405566155853,0.1811219408570024,1.0002565808949655,0.8093391753830542,1.0000394453204269,1.044665284822479,2.666670149564333,0.9838591860296272,0.0,0.0,0.8493735326902911,1.00033995882866,0.2823101738713379,0.469066379600821
495135.0,2643585.0,2.6666666666666665,1.0399551336347244,0.9292850742314346,1.0118405566155853,3.1494459396812817,1.0002565808949655,0.8093391753830542,1.0000394453204269,1.044665284822479,1.9999973878335735,0.9838591860296272,1.198102807372512,0.7503490707331599,0.8493735326902911,1.00033995882866,0.2823101738713379,0.469066379600821
496335.0,2643585.0,1.0,1.0399551336347244,0.9292850742314346,1.0118405566155853,0.1811219408570024,1.0002565808949655,1.186338422444426,1.0000394453204269,1.044665284822479,2.666670149564333,0.9838591860296272,1.7444769311303143,1.3529120537456203,0.8493735326902911,1.00033995882866,0.2823101738713379,0.469066379600821
497535.0,2643585.0,1.0,0.0,0.8052262877203168,1.0118405566155853,0.1811219408570024,1.0002565808949655,1.186338422444426,1.0000394453204269,1.044665284822479,2.666670149564333,0.9838591860296272,1.2466998513365868,1.3529120537456203,0.0,1.00033995882866,0.2823101738713379,0.469066379600821
498735.0,2643585.0,1.0,0.0,0.8052262877203168,1.0118405566155853,0.1811219408570024,1.0002565808949655,1.186338422444426,1.0000394453204269,1.044665284822479,2.666670149564333,0.9838591860296272,1.198102807372512,1.3529120537456203,0.8493735326902911,1.00033995882866,0.2823101738713379,0.469066379600821
499935.0,2643585.0,1.0,1.0399551336347244,0.9292850742314346,1.0118405566155853,0.6537459580982762,1.0002565808949655,0.8093391753830542,1.0000394453204269,1.044665284822479,2.666670149564333,0.9838591860296272,1.198102807372512,0.7503490707331599,0.8493735326902911,1.00033995882866,0.2823101738713379,0.469066379600821
501135.0,2643585.0,1.0,1.0399551336347244,0.8052262877203168,1.0118405566155853,0.7386828595768657,1.0002565808949655,0.8093391753830542,1.0000394453204269,1.044665284822479,1.9999973878335735,0.9838591860296272,1.7444769311303143,0.0,0.8493735326902911,1.00033995882866,0.2823101738713379,0.469066379600821
502335.0,2643585.0,1.0,1.0399551336347244,0.8052262877203168,1.0118405566155853,0.7386828595768657,1.0002565808949655,0.8093391753830542,1.0000394453204269,1.044665284822479,1.9999973878335735,0.9838591860296272,1.198102807372512,1.3529120537456203,3.643673812226212,1.00033995882866,0.2823101738713379,0.469066379600821
503535.0,2643585.0,1.0,1.0399551336347244,0.9292850742314346,1.0118405566155853,0.6537459580982762,1.0002565808949655,1.186338422444426,1.0000394453204269,1.044665284822479,2.666670149564333,0.9838591860296272,1.198102807372512,0.7503490707331599,0.8493735326902911,1.00033995882866,0.2823101738713379,0.469066379600821
504735.0,2643585.0,1.0,1.0399551336347244,0.9292850742314346,1.0118405566155853,3.1494459396812817,1.0002565808949655,1.186338422444426,1.0000394453204269,1.044665284822479,0.3333328979722623,0.9838591860296272,1.198102807372512,0.7503490707331599,0.8493735326902911,1.00033995882866,0.2823101738713379,0.469066379600821
505935.0,2643585.0,1.0,1.0399551336347244,0.9292850742314346,1.0118405566155853,0.1811219408570024,1.0002565808949655,0.8093391753830542,1.0000394453204269,1.044665284822479,0.3333328979722623,0.9838591860296272,0.7500965606764758,1.3529120537456203,0.8493735326902911,1.00033995882866,0.2823101738713379,0.469066379600821
507135.0,2643585.0,1.0,1.0399551336347244,0.9292850742314346,1.0118405566155853,3.1494459396812817,1.0002565808949655,1.186338422444426,1.0000394453204269,1.044665284822479,0.3333328979722623,0.0,1.198102807372512,0.7503490707331599,0.8493735326902911,1.00033995882866,0.2823101738713379,0.469066379600821
508335.0,2643585.0,1.0,1.0399551336347244,0.9292850742314346,1.0118405566155853,0.6537459580982762,1.0002565808949655,1.186338422444426,1.0000394453204269,1.044665284822479,2.666670149564333,0.0,0.7500965606764758,1.3529120537456203,0.8493735326902911,1.00033995882866,0.2823101738713379,0.469066379600821
509535.0,2643585.0,1.0,1.0399551336347244,0.8052262877203168,1.0118405566155853,0.7386828595768657,1.0002565808949655,0.8093391753830542,1.0000394453204269,1.044665284822479,2.666670149564333,1.0253001657841805,1.198102807372512,1.3529120537456203,0.8493735326902911,1.00033995882866,0.2823101738713379,0.469066379600821
510735.0,2643585.0,1.0,1.0399551336347244,0.9292850742314346,1.0118405566155853,0.1811219408570024,1.0002565808949655,0.8093391753830542,1.0000394453204269,1.044665284822479,2.666670149564333,1.0253001657841805,0.0,1.3529120537456203,0.8493735326902911,1.00033995882866,0.2823101738713379,0.469066379600821
511935.0,2643585.0,1.0,1.0399551336347244,1.41919570500929,1.0118405566155853,0.1811219408570024,1.0002565808949655,1.186338422444426,1.0000394453204269,0.0,1.9999973878335735,0.0,0.0,1.3529120537456203,0.8493735326902911,1.00033995882866,0.2823101738713379,0.469066379600821
513135.0,2643585.0,1.0,1.0399551336347244,0.9292850742314346,1.0118405566155853,0.7386828595768657,1.0002565808949655,0.8093391753830542,1.0000394453204269,0.0,0.0,0.0,1.198102807372512,0.7503490707331599,0.8493735326902911,1.00033995882866,0.2823101738713379,0.469066379600821
514335.0,2643585.0,1.0,1.0399551336347244,0.9292850742314346,1.0118405566155853,0.6537459580982762,1.0002565808949655,1.186338422444426,1.0000394453204269,1.044665284822479,1.9999973878335735,3.173995232666598,0.0,0.0,0.8493735326902911,1.00033995882866,0.2823101738713379,0.469066379600821
515535.0,2643585.0,1.0,1.0399551336347244,0.9292850742314346,1.0118405566155853,0.1811219408570024,1.0002565808949655,0.8093391753830542,1.0000394453204269,1.044665284822479,1.9999973878335735,0.9838591860296272,0.7500965606764758,1.3529120537456203,0.8493735326902911,1.00033995882866,0.2823101738713379,0.469066379600821
463935.0,2642385.0,0.0,1.0399551336347244,0.9292850742314346,1.0118405566155853,0.6537459580982762,1.0002565808949655,1.186338422444426,1.0000394453204269,0.8359572766454578,0.0,0.9838591860296272,0.7500965606764758,1.3529120537456203,0.8493735326902911,1.00033995882866,0.2823101738713379,0.469066379600821
465135.0,2642385.0,0.0,1.0399551336347244,0.8052262877203168,1.0118405566155853,0.6537459580982762,1.0002565808949655,0.8093391753830542,1.0000394453204269,0.8359572766454578,0.0,0.9838591860296272,0.7500965606764758,1.3529120537456203,0.8493735326902911,1.00033995882866,0.2823101738713379,0.469066379600821
466335.0,2642385.0,0.0,1.0399551336347244,0.8052262877203168,1.0118405566155853,0.7386828595768657,1.0002565808949655,1.186338422444426,1.0000394453204269,0.8359572766454578,0.0,0.9838591860296272,1.7444769311303143,0.0,0.8493735326902911,1.00033995882866,0.2823101738713379,0.469066379600821
467535.0,2642385.0,0.0,1.0399551336347244,0.9292850742314346,1.0118405566155853,0.1811219408570024,1.0002565808949655,1.186338422444426,1.0000394453204269,1.044665284822479,0.3333328979722623,0.9838591860296272,1.7444769311303143,1.3529120537456203,0.8493735326902911,1.00033995882866,0.2823101738713379,0.469066379600821
468735.0,2642385.0,0.0,1.0399551336347244,1.41919570500929,1.0118405566155853,0.1811219408570024,1.0002565808949655,1.186338422444426,1.0000394453204269,1.044665284822479,0.3333328979722623,0.9838591860296272,1.7444769311303143,1.3529120537456203,0.8493735326902911,1.00033995882866,0.2823101738713379,0.469066379600821
469935.0,2642385.0,0.0,1.0399551336347244,0.9292850742314346,1.0118405566155853,0.1811219408570024,1.0002565808949655,0.8093391753830542,1.0000394453204269,1.044665284822479,0.3333328979722623,0.9838591860296272,0.7500965606764758,1.3529120537456203,0.8493735326902911,1.00033995882866,0.2823101738713379,0.469066379600821
471135.0,2642385.0,0.0,1.0399551336347244,1.41919570500929,1.0118405566155853,0.6537459580982762,1.0002565808949655,1.186338422444426,1.0000394453204269,1.044665284822479,2.666670149564333,0.9838591860296272,0.7500965606764758,0.7503490707331599,0.8493735326902911,1.00033995882866,0.2823101738713379,0.469066379600821
472335.0,2642385.0,0.0,1.0399551336347244,0.9292850742314346,1.0118405566155853,0.6537459580982762,1.0002565808949655,0.8093391753830542,1.0000394453204269,1.044665284822479,1.9999973878335735,0.9838591860296272,0.7500965606764758,1.3529120537456203,0.8493735326902911,1.00033995882866,0.2823101738713379,0.469066379600821
473535.0,2642385.0,0.0,1.0399551336347244,0.9292850742314346,1.0118405566155853,0.7386828595768657,1.0002565808949655,1.186338422444426,1.0000394453204269,1.044665284822479,0.0,3.173995232666598,0.0,0.0,0.8493735326902911,1.00033995882866,0.2823101738713379,0.469066379600821
474735.0,2642385.0,0.0,1.0399551336347244,0.9292850742314346,1.0118405566155853,0.1811219408570024,1.0002565808949655,1.186338422444426,1.0000394453204269,1.044665284822479,1.9999973878335735,0.0,0.7500965606764758,1.3529120537456203,0.8493735326902911,1.00033995882866,0.2823101738713379,0.469066379600821
475935.0,2642385.0,0.0,1.0399551336347244,0.8052262877203168,1.0118405566155853,0.1811219408570024,1.0002565808949655,1.186338422444426,1.0000394453204269,1.044665284822479,2.666670149564333,1.0253001657841805,1.198102807372512,1.3529120537456203,0.0,1.00033995882866,0.2823101738713379,0.469066379600821
477135.0,2642385.0,0.0,1.0399551336347244,1.41919570500929,1.0118405566155853,0.1811219408570024,1.0002565808949655,1.186338422444426,1.0000394453204269,1.044665284822479,2.666670149564333,1.0253001657841805,0.7500965606764758,0.7503490707331599,0.8493735326902911,1.00033995882866,0.2823101738713379,0.469066379600821
478335.0,2642385.0,0.3333324626123284,1.0399551336347244,0.8052262877203168,1.0118405566155853,0.6537459580982762,1.0002565808949655,1.186338422444426,1.0000394453204269,1.044665284822479,2.666670149564333,0.0,1.198102807372512,1.3529120537456203,3.643673812226212,1.00033995882866,0.2823101738713379,0.469066379600821
479535.0,2642385.0,0.3333324626123284,1.0399551336347244,0.8052262877203168,1.0118405566155853,0.6537459580982762,1.0002565808949655,1.186338422444426,1.0000394453204269,1.044665284822479,1.9999973878335735,0.0,0.7500965606764758,1.3529120537456203,0.8493735326902911,1.00033995882866,0.2823101738713379,0.469066379600821
480735.0,2642385.0,0.3333324626123284,1.0399551336347244,0.9292850742314346,1.0118405566155853,0.1811219408570024,1.0002565808949655,1.186338422444426,1.0000394453204269,1.044665284822479,0.3333328979722623,0.9838591860296272,0.7500965606764758,1.3529120537456203,0.8493735326902911,1.00033995882866,0.2823101738713379,0.469066379600821
481935.0,2642385.0,0.3333324626123284,1.0399551336347244,0.8052262877203168,1.0118405566155853,0.1811219408570024,1.0002565808949655,0.8093391753830542,1.0000394453204269,1.044665284822479,0.0,0.9838591860296272,1.2466998513365868,0.0,0.0,1.00033995882866,0.2823101738713379,0.469066379600821
483135.0,2642385.0,0.3333324626123284,1.0399551336347244,1.41919570500929,1.0118405566155853,0.1811219408570024,1.0002565808949655,0.8093391753830542,1.0000394453204269,1.044665284822479,0.3333328979722623,0.9838591860296272,0.7500965606764758,0.7503490707331599,0.8493735326902911,1.00033995882866,0.2823101738713379,0.469066379600821
484335.0,2642385.0,0.3333324626123284,1.0399551336347244,1.41919570500929,1.0118405566155853,3.1494459396812817,1.0002565808949655,1.186338422444426,1.0000394453204269,1.044665284822479,0.3333328979722623,0.9838591860296272,1.7444769311303143,1.3529120537456203,0.8493735326902911,1.00033995882866,0.2823101738713379,0.469066379600821
485535.0,2642385.0,2.6666666666666665,1.0399551336347244,1.41919570500929,1.0118405566155853,0.6537459580982762,1.0002565808949655,1.186338422444426,1.0000394453204269,1.044665284822479,0.3333328979722623,0.9838591860296272,1.7444769311303143,0.7503490707331599,0.8493735326902911,1.00033995882866,0.2823101738713379,0.469066379600821
486735.0,2642385.0,2.6666666666666665,1.0399551336347244,0.9292850742314346,1.0118405566155853,0.1811219408570024,1.0002565808949655,0.8093391753830542,1.0000394453204269,1.044665284822479,0.3333328979722623,0.9838591860296272,0.0,0.0,0.8493735326902911,1.00033995882866,0.2823101738713379,0.469066379600821
487935.0,2642385.0,2.6666666666666665,1.0399551336347244,1.41919570500929,1.0118405566155853,3.1494459396812817,1.0002565808949655,0.8093391753830542,1.0000394453204269,1.044665284822479,0.3333328979722623,0.9838591860296272,0.7500965606764758,0.7503490707331599,0.8493735326902911,1.00033995882866,0.2823101738713379,0.469066379600821
489135.0,2642385.0,2.6666666666666665,1.0399551336347244,0.9292850742314346,1.0118405566155853,0.1811219408570024,1.0002565808949655,1.186338422444426,1.0000394453204269,1.044665284822479,0.3333328979722623,0.9838591860296272,1.7444769311303143,1.3529120537456203,0.8493735326902911,1.00033995882866,0.2823101738713379,0.469066379600821
490335.0,2642385.0,2.6666666666666665,1.0399551336347244,1.41919570500929,1.0118405566155853,0.1811219408570024,1.0002565808949655,1.186338422444426,1.0000394453204269,1.044665284822479,0.3333328979722623,0.9838591860296272,0.7500965606764758,1.3529120537456203,0.8493735326902911,1.00033995882866,0.2823101738713379,0.469066379600821
491535.0,2642385.0,2.6666666666666665,1.0399551336347244,1.41919570500929,1.0118405566155853,3.1494459396812817,1.0002565808949655,0.8093391753830542,1.0000394453204269,1.044665284822479,1.9999973878335735,0.9838591860296272,0.7500965606764758,0.7503490707331599,0.8493735326902911,1.00033995882866,0.2823101738713379,0.469066379600821
492735.0,2642385.0,2.6666666666666665,1.0399551336347244,1.41919570500929,1.0118405566155853,0.0,1.0002565808949655,0.8093391753830542,1.0000394453204269,1.044665284822479,1.9999973878335735,0.9838591860296272,0.7500965606764758,0.7503490707331599,0.8493735326902911,1.00033995882866,0.2823101738713379,0.469066379600821
493935.0,2642385.0,2.6666666666666665,0.0,0.8052262877203168,1.0118405566155853,0.7386828595768657,1.0002565808949655,0.8093391753830542,1.0000394453204269,1.044665284822479,1.9999973878335735,0.9838591860296272,1.2466998513365868,1.3529120537456203,0.0,1.00033995882866,0.2823101738713379,0.469066379600821
495135.0,2642385.0,2.6666666666666665,1.0399551336347244,0.9292850742314346,1.0118405566155853,3.1494459396812817,1.0002565808949655,0.8093391753830542,1.0000394453204269,1.044665284822479,1.9999973878335735,0.9838591860296272,1.198102807372512,0.7503490707331599,0.8493735326902911,1.00033995882866,0.2823101738713379,0.469066379600821
496335.0,2642385.0,1.0,1.0399551336347244,1.41919570500929,1.0118405566155853,3.1494459396812817,1.0002565808949655,0.8093391753830542,1.0000394453204269,1.044665284822479,1.9999973878335735,0.9838591860296272,0.7500965606764758,0.7503490707331599,0.8493735326902911,1.00033995882866,0.2823101738713379,0.469066379600821
497535.0,2642385.0,1.0,1.0399551336347244,0.8052262877203168,1.0118405566155853,3.1494459396812817,1.0002565808949655,0.8093391753830542,1.0000394453204269,1.044665284822479,2.666670149564333,0.9838591860296272,1.2466998513365868,1.3529120537456203,0.0,1.00033995882866,0.2823101738713379,0.469066379600821
498735.0,2642385.0,1.0,0.0,0.9292850742314346,1.0118405566155853,0.1811219408570024,1.0002565808949655,0.8093391753830542,1.0000394453204269,1.044665284822479,2.666670149564333,0.9838591860296272,1.198102807372512,1.3529120537456203,0.8493735326902911,1.00033995882866,0.2823101738713379,0.469066379600821
499935.0,2642385.0,1.0,1.0399551336347244,0.9292850742314346,1.0118405566155853,0.6537459580982762,1.0002565808949655,0.8093391753830542,1.0000394453204269,1.044665284822479,1.9999973878335735,0.9838591860296272,1.198102807372512,1.3529120537456203,0.8493735326902911,1.00033995882866,0.2823101738713379,0.469066379600821
501135.0,2642385.0,1.0,1.0399551336347244,0.9292850742314346,1.0118405566155853,0.1811219408570024,1.0002565808949655,1.186338422444426,1.0000394453204269,1.044665284822479,1.9999973878335735,0.9838591860296272,0.0,0.0,0.8493735326902911,1.00033995882866,0.2823101738713379,0.469066379600821
502335.0,2642385.0,1.0,1.0399551336347244,0.9292850742314346,1.0118405566155853,3.1494459396812817,1.0002565808949655,1.186338422444426,1.0000394453204269,1.044665284822479,1.9999973878335735,0.9838591860296272,1.198102807372512,1.3529120537456203,0.8493735326902911,1.00033995882866,0.2823101738713379,0.469066379600821
503535.0,2642385.0,1.0,1.0399551336347244,0.9292850742314346,1.0118405566155853,0.6537459580982762,1.0002565808949655,0.8093391753830542,1.0000394453204269,1.044665284822479,2.666670149564333,0.9838591860296272,1.198102807372512,0.7503490707331599,0.8493735326902911,1.00033995882866,0.2823101738713379,0.469066379600821
504735.0,2642385.0,1.0,1.0399551336347244,0.9292850742314346,1.0118405566155853,0.6537459580982762,1.0002565808949655,0.8093391753830542,1.0000394453204269,1.044665284822479,0.3333328979722623,0.9838591860296272,0.7500965606764758,1.3529120537456203,0.8493735326902911,1.00033995882866,0.2823101738713379,0.469066379600821
505935.0,2642385.0,1.0,1.0399551336347244,0.8052262877203168,1.0118405566155853,0.1811219408570024,1.0002565808949655,0.8093391753830542,1.0000394453204269,1.044665284822479,0.3333328979722623,3.173995232666598,0.7500965606764758,1.3529120537456203,0.8493735326902911,1.00033995882866,0.2823101738713379,0.469066379600821
507135.0,2642385.0,1.0,1.0399551336347244,1.41919570500929,1.0118405566155853,0.1811219408570024,1.0002565808949655,1.186338422444426,1.0000394453204269,1.044665284822479,0.0,0.0,0.7500965606764758,0.7503490707331599,0.8493735326902911,1.00033995882866,0.2823101738713379,0.469066379600821
508335.0,2642385.0,1.0,1.0399551336347244,1.41919570500929,1.0118405566155853,0.1811219408570024,1.0002565808949655,0.8093391753830542,1.0000394453204269,1.044665284822479,0.3333328979722623,0.0,1.7444769311303143,0.7503490707331599,0.8493735326902911,1.00033995882866,0.2823101738713379,0.469066379600821
509535.0,2642385.0,1.0,1.0399551336347244,1.41919570500929,1.0118405566155853,0.1811219408570024,1.0002565808949655,0.8093391753830542,1.0000394453204269,1.044665284822479,0.0,1.0253001657841805,0.0,0.0,0.8493735326902911,1.00033995882866,0.2823101738713379,0.469066379600821
510735.0,2642385.0,1.0,1.0399551336347244,1.41919570500929,1.0118405566155853,0.1811219408570024,1.0002565808949655,0.8093391753830542,1.0000394453204269,1.044665284822479,0.0,1.0253001657841805,1.7444769311303143,1.3529120537456203,0.8493735326902911,1.00033995882866,0.2823101738713379,0.469066379600821
511935.0,2642385.0,1.0,1.0399551336347244,1.41919570500929,1.0118405566155853,0.1811219408570024,1.0002565808949655,0.8093391753830542,1.0000394453204269,0.0,2.666670149564333,0.0,0.7500965606764758,0.7503490707331599,0.8493735326902911,1.00033995882866,1.8953159656210397,0.469066379600821
513135.0,2642385.0,1.0,1.0399551336347244,0.0,1.0118405566155853,3.1494459396812817,1.0002565808949655,1.186338422444426,1.0000394453204269,0.0,1.9999973878335735,3.173995232666598,0.7500965606764758,0.7503490707331599,0.8493735326902911,1.00033995882866,0.2823101738713379,0.469066379600821
514335.0,2642385.0,1.0,1.0399551336347244,0.0,1.0118405566155853,3.1494459396812817,1.0002565808949655,0.8093391753830542,1.0000394453204269,1.044665284822479,1.9999973878335735,0.9838591860296272,1.7444769311303143,0.7503490707331599,0.8493735326902911,1.00033995882866,0.2823101738713379,0.469066379600821
515535.0,2642385.0,1.0,0.0,0.9292850742314346,1.0118405566155853,0.1811219408570024,1.0002565808949655,1.186338422444426,1.0000394453204269,1.044665284822479,1.9999973878335735,0.9838591860296272,1.198102807372512,0.7503490707331599,0.8493735326902911,1.00033995882866,0.2823101738713379,0.469066379600821
463935.0,2641185.0,0.0,1.0399551336347244,0.8052262877203168,1.0118405566155853,0.7386828595768657,1.0002565808949655,0.8093391753830542,1.0000394453204269,0.8359572766454578,0.0,0.9838591860296272,0.7500965606764758,0.0,0.8493735326902911,1.00033995882866,0.2823101738713379,0.469066379600821
465135.0,2641185.0,0.0,1.0399551336347244,0.8052262877203168,1.0118405566155853,0.1811219408570024,1.0002565808949655,1.186338422444426,1.0000394453204269,0.8359572766454578,0.0,0.9838591860296272,1.7444769311303143,0.0,0.8493735326902911,1.00033995882866,0.2823101738713379,0.469066379600821
466335.0,2641185.0,0.0,1.0399551336347244,0.9292850742314346,1.0118405566155853,0.6537459580982762,1.0002565808949655,1.186338422444426,1.0000394453204269,0.8359572766454578,0.0,0.9838591860296272,0.7500965606764758,1.3529120537456203,0.8493735326902911,1.00033995882866,0.2823101738713379,0.469066379600821
467535.0,2641185.0,0.0,1.0399551336347244,0.8052262877203168,1.0118405566155853,3.1494459396812817,1.0002565808949655,1.186338422444426,1.0000394453204269,1.044665284822479,0.3333328979722623,0.9838591860296272,1.198102807372512,1.3529120537456203,3.643673812226212,1.00033995882866,0.2823101738713379,0.469066379600821
468735.0,2641185.0,0.0,1.0399551336347244,0.9292850742314346,1.0118405566155853,3.1494459396812817,1.0002565808949655,0.8093391753830542,1.0000394453204269,1.044665284822479,0.3333328979722623,0.9838591860296272,0.0,0.0,0.8493735326902911,1.00033995882866,0.2823101738713379,0.469066379600821
469935.0,2641185.0,0.0,1.0399551336347244,0.9292850742314346,1.0118405566155853,3.1494459396812817,1.0002565808949655,0.8093391753830542,1.0000394453204269,1.044665284822479,0.3333328979722623,0.9838591860296272,1.198102807372512,0.7503490707331599,0.8493735326902911,1.00033995882866,0.2823101738713379,0.469066379600821
471135.0,2641185.0,0.3333324626123284,1.0399551336347244,0.8052262877203168,1.0118405566155853,0.1811219408570024,1.0002565808949655,1.186338422444426,1.0000394453204269,1.044665284822479,0.3333328979722623,0.9838591860296272,1.2466998513365868,1.3529120537456203,0.0,1.00033995882866,0.2823101738713379,0.469066379600821
472335.0,2641185.0,0.3333324626123284,1.0399551336347244,0.9292850742314346,1.0118405566155853,0.1811219408570024,1.0002565808949655,1.186338422444426,1.0000394453204269,1.044665284822479,2.666670149564333,0.9838591860296272,1.7444769311303143,0.0,0.8493735326902911,1.00033995882866,0.2823101738713379,0.469066379600821
473535.0,2641185.0,0.3333324626123284,1.0399551336347244,0.8052262877203168,1.0118405566155853,0.7386828595768657,1.0002565808949655,0.8093391753830542,1.0000394453204269,1.044665284822479,0.0,3.173995232666598,1.198102807372512,0.7503490707331599,3.643673812226212,1.00033995882866,40.7927349061228,0.469066379600821
474735.0,2641185.0,0.3333324626123284,1.0399551336347244,0.9292850742314346,1.0118405566155853,0.1811219408570024,1.0002565808949655,1.186338422444426,1.0000394453204269,1.044665284822479,1.9999973878335735,0.0,0.7500965606764758,1.3529120537456203,0.8493735326902911,1.00033995882866,0.2823101738713379,0.469066379600821
475935.0,2641185.0,0.3333324626123284,1.0399551336347244,0.9292850742314346,1.0118405566155853,3.1494459396812817,1.0002565808949655,0.8093391753830542,1.0000394453204269,1.044665284822479,1.9999973878335735,1.0253001657841805,1.198102807372512,1.3529120537456203,0.8493735326902911,1.00033995882866,0.2823101738713379,0.469066379600821
477135.0,2641185.0,0.3333324626123284,1.0399551336347244,0.9292850742314346,1.0118405566155853,3.1494459396812817,1.0002565808949655,1.186338422444426,1.0000394453204269,1.044665284822479,2.666670149564333,1.0253001657841805,0.7500965606764758,1.3529120537456203,0.8493735326902911,1.00033995882866,0.2823101738713379,0.469066379600821
478335.0,2641185.0,0.3333324626123284,1.0399551336347244,0.9292850742314346,1.0118405566155853,0.6537459580982762,1.0002565808949655,0.8093391753830542,1.0000394453204269,1.044665284822479,2.666670149564333,0.0,0.7500965606764758,1.3529120537456203,0.8493735326902911,1.00033995882866,0.2823101738713379,0.469066379600821
479535.0,2641185.0,0.3333324626123284,1.0399551336347244,0.8052262877203168,1.0118405566155853,3.1494459396812817,1.0002565808949655,0.8093391753830542,1.0000394453204269,1.044665284822479,1.9999973878335735,0.0,1.2466998513365868,1.3529120537456203,0.0,1.00033995882866,0.2823101738713379,0.469066379600821
480735.0,2641185.0,0.3333324626123284,1.0399551336347244,1.41919570500929,1.0118405566155853,0.6537459580982762,1.0002565808949655,1.186338422444426,1.0000394453204269,1.044665284822479,2.666670149564333,0.9838591860296272,0.7500965606764758,0.7503490707331599,0.8493735326902911,1.00033995882866,0.2823101738713379,0.469066379600821
481935.0,2641185.0,0.3333324626123284,1.0399551336347244,0.8052262877203168,1.0118405566155853,3.1494459396812817,1.0002565808949655,0.8093391753830542,1.0000394453204269,1.044665284822479,2.666670149564333,0.9838591860296272,1.2466998513365868,1.3529120537456203,0.0,1.00033995882866,0.2823101738713379,0.469066379600821
483135.0,2641185.0,0.3333324626123284,1.0399551336347244,0.9292850742314346,1.0118405566155853,0.1811219408570024,1.0002565808949655,1.186338422444426,1.0000394453204269,1.044665284822479,0.3333328979722623,0.9838591860296272,1.198102807372512,0.7503490707331599,0.8493735326902911,1.00033995882866,0.2823101738713379,0.469066379600821
484335.0,2641185.0,2.6666666666666665,1.0399551336347244,0.9292850742314346,1.0118405566155853,0.6537459580982762,1.0002565808949655,0.8093391753830542,1.0000394453204269,1.044665284822479,0.3333328979722623,0.9838591860296272,1.7444769311303143,1.3529120537456203,0.8493735326902911,1.00033995882866,0.2823101738713379,0.469066379600821
485535.0,2641185.0,2.6666666666666665,1.0399551336347244,0.9292850742314346,1.0118405566155853,3.1494459396812817,1.0002565808949655,0.8093391753830542,1.0000394453204269,1.044665284822479,0.3333328979722623,0.9838591860296272,1.198102807372512,1.3529120537456203,0.8493735326902911,1.00033995882866,0.2823101738713379,0.469066379600821
486735.0,2641185.0,2.6666666666666665,1.0399551336347244,0.9292850742314346,1.0118405566155853,3.1494459396812817,1.0002565808949655,1.186338422444426,1.0000394453204269,1.044665284822479,0.3333328979722623,0.9838591860296272,1.198102807372512,0.7503490707331599,0.8493735326902911,1.00033995882866,0.2823101738713379,0.469066379600821
487935.0,2641185.0,2.6666666666666665,1.0399551336347244,0.9292850742314346,1.0118405566155853,3.1494459396812817,1.0002565808949655,0.8093391753830542,1.0000394453204269,1.044665284822479,0.3333328979722623,0.9838591860296272,0.7500965606764758,1.3529120537456203,0.8493735326902911,1.00033995882866,1.8953159656210397,0.469066379600821
489135.0,2641185.0,2.6666666666666665,1.0399551336347244,0.8052262877203168,1.0118405566155853,0.1811219408570024,1.0002565808949655,0.8093391753830542,1.0000394453204269,1.044665284822479,0.0,0.9838591860296272,1.198102807372512,1.3529120537456203,3.643673812226212,1.00033995882866,0.2823101738713379,0.469066379600821
490335.0,2641185.0,2.6666666666666665,1.0399551336347244,0.9292850742314346,1.0118405566155853,3.1494459396812817,1.0002565808949655,1.186338422444426,1.0000394453204269,1.044665284822479,0.3333328979722623,0.9838591860296272,0.0,1.3529120537456203,0.8493735326902911,1.00033995882866,0.2823101738713379,0.469066379600821
491535.0,2641185.0,2.6666666666666665,1.0399551336347244,0.9292850742314346,1.0118405566155853,0.7386828595768657,1.0002565808949655,1.186338422444426,1.0000394453204269,1.044665284822479,2.666670149564333,0.9838591860296272,0.7500965606764758,1.3529120537456203,0.8493735326902911,1.00033995882866,0.2823101738713379,0.469066379600821
492735.0,2641185.0,2.6666666666666665,1.0399551336347244,1.41919570500929,1.0118405566155853,0.7386828595768657,1.0002565808949655,1.186338422444426,1.0000394453204269,1.044665284822479,1.9999973878335735,0.9838591860296272,1.7444769311303143,1.3529120537456203,0.8493735326902911,1.00033995882866,1.8953159656210397,0.469066379600821
493935.0,2641185.0,2.6666666666666665,1.0399551336347244,1.41919570500929,1.0118405566155853,0.1811219408570024,1.0002565808949655,0.8093391753830542,1.0000394453204269,1.044665284822479,2.666670149564333,0.9838591860296272,1.7444769311303143,1.3529120537456203,0.8493735326902911,1.00033995882866,0.2823101738713379,0.469066379600821
495135.0,2641185.0,1.0,1.0399551336347244,0.9292850742314346,1.0118405566155853,0.6537459580982762,1.0002565808949655,0.8093391753830542,1.0000394453204269,1.044665284822479,2.666670149564333,0.9838591860296272,1.198102807372512,0.7503490707331599,0.8493735326902911,1.00033995882866,0.2823101738713379,0.469066379600821
496335.0,2641185.0,1.0,1.0399551336347244,0.9292850742314346,1.0118405566155853,0.1811219408570024,1.0002565808949655,0.8093391753830542,1.0000394453204269,1.044665284822479,2.666670149564333,0.9838591860296272,0.7500965606764758,1.3529120537456203,0.8493735326902911,1.00033995882866,0.2823101738713379,0.469066379600821
497535.0,2641185.0,1.0,1.0399551336347244,0.8052262877203168,1.0118405566155853,0.6537459580982762,1.0002565808949655,0.8093391753830542,1.0000394453204269,1.044665284822479,2.666670149564333,0.9838591860296272,1.198102807372512,1.3529120537456203,3.643673812226212,1.00033995882866,0.2823101738713379,0.469066379600821
498735.0,2641185.0,1.0,1.0399551336347244,0.8052262877203168,1.0118405566155853,3.1494459396812817,1.0002565808949655,0.8093391753830542,1.0000394453204269,1.044665284822479,1.9999973878335735,0.9838591860296272,1.2466998513365868,1.3529120537456203,0.0,1.00033995882866,0.2823101738713379,0.469066379600821
499935.0,2641185.0,1.0,1.0399551336347244,0.9292850742314346,1.0118405566155853,0.1811219408570024,1.0002565808949655,1.186338422444426,1.0000394453204269,1.044665284822479,0.3333328979722623,0.9838591860296272,0.7500965606764758,1.3529120537456203,0.8493735326902911,1.00033995882866,0.2823101738713379,0.469066379600821
501135.0,2641185.0,1.0,1.0399551336347244,0.8052262877203168,1.0118405566155853,3.1494459396812817,1.0002565808949655,1.186338422444426,1.0000394453204269,1.044665284822479,2.666670149564333,0.9838591860296272,0.0,0.0,0.8493735326902911,1.00033995882866,0.2823101738713379,0.469066379600821
502335.0,2641185.0,1.0,1.0399551336347244,0.8052262877203168,1.0118405566155853,0.6537459580982762,1.0002565808949655,0.8093391753830542,1.0000394453204269,1.044665284822479,1.9999973878335735,0.9838591860296272,1.2466998513365868,1.3529120537456203,0.0,1.00033995882866,1.8953159656210397,0.469066379600821
503535.0,2641185.0,1.0,1.0399551336347244,0.8052262877203168,1.0118405566155853,0.6537459580982762,1.0002565808949655,0.8093391753830542,1.0000394453204269,1.044665284822479,2.666670149564333,0.9838591860296272,1.198102807372512,1.3529120537456203,3.643673812226212,1.00033995882866,0.2823101738713379,0.469066379600821
504735.0,2641185.0,1.0,1.0399551336347244,0.8052262877203168,1.0118405566155853,0.6537459580982762,1.0002565808949655,0.8093391753830542,1.0000394453204269,1.044665284822479,0.0,0.9838591860296272,1.198102807372512,0.7503490707331599,3.643673812226212,1.00033995882866,0.2823101738713379,0.469066379600821
505935.0,2641185.0,1.0,1.0399551336347244,0.8052262877203168,1.0118405566155853,0.1811219408570024,1.0002565808949655,0.8093391753830542,1.0000394453204269,1.044665284822479,0.0,3.173995232666598,1.2466998513365868,1.3529120537456203,0.0,1.00033995882866,1.8953159656210397,0.469066379600821
507135.0,2641185.0,1.0,1.0399551336347244,0.9292850742314346,1.0118405566155853,3.1494459396812817,1.0002565808949655,0.8093391753830542,1.0000394453204269,1.044665284822479,0.0,0.0,1.198102807372512,0.7503490707331599,0.8493735326902911,1.00033995882866,0.2823101738713379,0.469066379600821
508335.0,2641185.0,1.0,1.0399551336347244,0.9292850742314346,1.0118405566155853,0.7386828595768657,1.0002565808949655,1.186338422444426,1.0000394453204269,1.044665284822479,2.666670149564333,0.0,0.0,0.0,0.8493735326902911,1.00033995882866,0.2823101738713379,0.469066379600821
509535.0,2641185.0,1.0,1.0399551336347244,1.41919570500929,1.0118405566155853,0.7386828595768657,1.0002565808949655,0.8093391753830542,1.0000394453204269,1.044665284822479,0.3333328979722623,1.0253001657841805,0.7500965606764758,0.7503490707331599,0.8493735326902911,1.00033995882866,0.2823101738713379,0.469066379600821
510735.0,2641185.0,1.0,1.0399551336347244,1.41919570500929,1.0118405566155853,0.1811219408570024,1.0002565808949655,1.186338422444426,1.0000394453204269,1.044665284822479,0.0,0.0,0.7500965606764758,1.3529120537456203,0.8493735326902911,1.00033995882866,0.2823101738713379,0.469066379600821
511935.0,2641185.0,1.0,1.0399551336347244,1.41919570500929,1.0118405566155853,0.6537459580982762,1.0002565808949655,0.8093391753830542,1.0000394453204269,1.044665284822479,0.3333328979722623,0.0,0.7500965606764758,0.7503490707331599,0.8493735326902911,1.00033995882866,0.2823101738713379,0.469066379600821
513135.0,2641185.0,1.0,1.0399551336347244,0.0,1.0118405566155853,0.6537459580982762,1.0002565808949655,1.186338422444426,1.0000394453204269,1.044665284822479,2.666670149564333,3.173995232666598,1.7444769311303143,0.7503490707331599,0.8493735326902911,1.00033995882866,0.2823101738713379,0.469066379600821
514335.0,2641185.0,1.0,1.0399551336347244,0.9292850742314346,1.0118405566155853,0.0,1.0002565808949655,1.186338422444426,1.0000394453204269,1.044665284822479,0.0,0.9838591860296272,1.7444769311303143,1.3529120537456203,0.8493735326902911,1.00033995882866,0.2823101738713379,0.469066379600821
515535.0,2641185.0,1.0,0.0,0.8052262877203168,1.0118405566155853,3.1494459396812817,1.0002565808949655,1.186338422444426,1.0000394453204269,1.044665284822479,1.9999973878335735,0.9838591860296272,1.198102807372512,1.3529120537456203,0.8493735326902911,1.00033995882866,0.2823101738713379,0.469066379600821
516735.0,2641185.0,1.0,0.0,1.41919570500929,1.0118405566155853,0.0,1.0002565808949655,1.186338422444426,1.0000394453204269,1.044665284822479,2.666670149564333,0.9838591860296272,0.7500965606764758,1.3529120537456203,0.8493735326902911,1.00033995882866,0.2823101738713379,0.469066379600821
463935.0,2639985.0,0.0,1.0399551336347244,0.9292850742314346,1.0118405566155853,0.0,1.0002565808949655,1.186338422444426,1.0000394453204269,0.8359572766454578,0.0,0.9838591860296272,1.198102807372512,0.7503490707331599,0.8493735326902911,1.00033995882866,0.2823101738713379,0.469066379600821
465135.0,2639985.0,0.0,1.0399551336347244,0.9292850742314346,1.0118405566155853,0.6537459580982762,1.0002565808949655,1.186338422444426,1.0000394453204269,0.8359572766454578,0.3333328979722623,0.9838591860296272,1.198102807372512,0.7503490707331599,0.8493735326902911,1.00033995882866,0.2823101738713379,0.469066379600821
466335.0,2639985.0,0.0,1.0399551336347244,0.9292850742314346,1.0118405566155853,0.6537459580982762,1.0002565808949655,1.186338422444426,1.0000394453204269,1.044665284822479,0.0,0.9838591860296272,1.7444769311303143,1.3529120537456203,0.8493735326902911,1.00033995882866,0.2823101738713379,0.469066379600821
467535.0,2639985.0,0.3333324626123284,1.0399551336347244,1.41919570500929,1.0118405566155853,0.1811219408570024,1.0002565808949655,1.186338422444426,1.0000394453204269,1.044665284822479,0.3333328979722623,0.9838591860296272,1.7444769311303143,1.3529120537456203,0.8493735326902911,1.00033995882866,0.2823101738713379,0.469066379600821
468735.0,2639985.0,0.3333324626123284,1.0399551336347244,0.9292850742314346,1.0118405566155853,0.6537459580982762,1.0002565808949655,1.186338422444426,1.0000394453204269,1.044665284822479,0.3333328979722623,0.9838591860296272,1.198102807372512,0.7503490707331599,0.8493735326902911,1.00033995882866,0.2823101738713379,0.469066379600821
469935.0,2639985.0,0.3333324626123284,1.0399551336347244,1.41919570500929,1.0118405566155853,0.1811219408570024,1.0002565808949655,1.186338422444426,1.0000394453204269,1.044665284822479,0.3333328979722623,0.9838591860296272,0.7500965606764758,1.3529120537456203,0.8493735326902911,1.00033995882866,0.2823101738713379,0.469066379600821
471135.0,2639985.0,0.3333324626123284,1.0399551336347244,0.9292850742314346,1.0118405566155853,0.6537459580982762,1.0002565808949655,1.186338422444426,1.0000394453204269,1.044665284822479,0.3333328979722623,0.9838591860296272,0.7500965606764758,1.3529120537456203,0.8493735326902911,1.00033995882866,0.2823101738713379,0.469066379600821
472335.0,2639985.0,0.3333324626123284,1.0399551336347244,0.9292850742314346,1.0118405566155853,3.1494459396812817,1.0002565808949655,0.8093391753830542,1.0000394453204269,1.044665284822479,2.666670149564333,0.9838591860296272,1.7444769311303143,1.3529120537456203,0.8493735326902911,1.00033995882866,0.2823101738713379,0.469066379600821
473535.0,2639985.0,0.3333324626123284,1.0399551336347244,0.9292850742314346,1.0118405566155853,0.7386828595768657,1.0002565808949655,0.8093391753830542,1.0000394453204269,1.044665284822479,1.9999973878335735,3.173995232666598,1.198102807372512,0.7503490707331599,0.8493735326902911,1.00033995882866,0.2823101738713379,0.469066379600821
474735.0,2639985.0,0.3333324626123284,1.0399551336347244,1.41919570500929,1.0118405566155853,3.1494459396812817,1.0002565808949655,0.8093391753830542,1.0000394453204269,1.044665284822479,1.9999973878335735,0.0,0.7500965606764758,0.7503490707331599,0.8493735326902911,1.00033995882866,0.2823101738713379,0.469066379600821
475935.0,2639985.0,0.3333324626123284,1.0399551336347244,0.9292850742314346,1.0118405566155853,0.6537459580982762,1.0002565808949655,1.186338422444426,1.0000394453204269,1.044665284822479,2.666670149564333,1.0253001657841805,1.7444769311303143,1.3529120537456203,0.8493735326902911,1.00033995882866,0.2823101738713379,0.469066379600821
477135.0,2639985.0,0.3333324626123284,1.0399551336347244,0.8052262877203168,1.0118405566155853,0.6537459580982762,1.0002565808949655,1.186338422444426,1.0000394453204269,1.044665284822479,0.3333328979722623,1.0253001657841805,1.7444769311303143,0.0,0.8493735326902911,1.00033995882866,0.2823101738713379,0.469066379600821
478335.0,2639985.0,0.3333324626123284,1.0399551336347244,0.9292850742314346,1.0118405566155853,0.1811219408570024,1.0002565808949655,0.8093391753830542,1.0000394453204269,1.044665284822479,2.666670149564333,0.0,0.7500965606764758,1.3529120537456203,0.8493735326902911,1.00033995882866,0.2823101738713379,0.469066379600821
479535.0,2639985.0,0.3333324626123284,1.0399551336347244,0.8052262877203168,1.0118405566155853,0.6537459580982762,1.0002565808949655,0.8093391753830542,1.0000394453204269,1.044665284822479,2.666670149564333,0.0,1.198102807372512,1.3529120537456203,0.8493735326902911,1.00033995882866,0.2823101738713379,0.469066379600821
480735.0,2639985.0,0.3333324626123284,1.0399551336347244,1.41919570500929,1.0118405566155853,0.6537459580982762,1.0002565808949655,1.186338422444426,1.0000394453204269,1.044665284822479,1.9999973878335735,0.9838591860296272,0.7500965606764758,0.7503490707331599,0.8493735326902911,1.00033995882866,0.2823101738713379,0.469066379600821
481935.0,2639985.0,0.3333324626123284,1.0399551336347244,0.9292850742314346,1.0118405566155853,0.7386828595768657,1.0002565808949655,0.8093391753830542,1.0000394453204269,1.044665284822479,1.9999973878335735,0.9838591860296272,1.198102807372512,1.3529120537456203,0.8493735326902911,1.00033995882866,0.2823101738713379,0.469066379600821
483135.0,2639985.0,2.6666666666666665,1.0399551336347244,1.41919570500929,1.0118405566155853,0.1811219408570024,1.0002565808949655,1.186338422444426,1.0000394453204269,1.044665284822479,0.3333328979722623,0.9838591860296272,1.7444769311303143,0.7503490707331599,0.8493735326902911,1.00033995882866,0.2823101738713379,0.469066379600821
484335.0,2639985.0,2.6666666666666665,1.0399551336347244,1.41919570500929,1.0118405566155853,3.1494459396812817,1.0002565808949655,0.8093391753830542,1.0000394453204269,1.044665284822479,2.666670149564333,0.9838591860296272,1.7444769311303143,0.7503490707331599,0.8493735326902911,1.00033995882866,0.2823101738713379,0.469066379600821
485535.0,2639985.0,2.6666666666666665,1.0399551336347244,0.8052262877203168,1.0118405566155853,0.1811219408570024,1.0002565808949655,1.186338422444426,1.0000394453204269,1.044665284822479,0.3333328979722623,0.9838591860296272,1.198102807372512,1.3529120537456203,3.643673812226212,1.00033995882866,0.2823101738713379,0.469066379600821
486735.0,2639985.0,2.6666666666666665,1.0399551336347244,1.41919570500929,1.0118405566155853,3.1494459396812817,1.0002565808949655,1.186338422444426,1.0000394453204269,1.044665284822479,0.3333328979722623,0.9838591860296272,1.7444769311303143,1.3529120537456203,0.8493735326902911,1.00033995882866,0.2823101738713379,0.469066379600821
487935.0,2639985.0,2.6666666666666665,1.0399551336347244,0.9292850742314346,1.0118405566155853,3.1494459396812817,1.0002565808949655,0.8093391753830542,1.0000394453204269,1.044665284822479,0.3333328979722623,0.9838591860296272,0.7500965606764758,1.3529120537456203,0.8493735326902911,1.00033995882866,0.2823101738713379,0.469066379600821
489135.0,2639985.0,2.6666666666666665,1.0399551336347244,0.9292850742314346,1.0118405566155853,0.1811219408570024,1.0002565808949655,0.8093391753830542,1.0000394453204269,1.044665284822479,0.0,0.9838591860296272,1.198102807372512,0.7503490707331599,0.8493735326902911,1.00033995882866,0.2823101738713379,0.469066379600821
490335.0,2639985.0,2.6666666666666665,1.0399551336347244,0.9292850742314346,1.0118405566155853,0.1811219408570024,1.0002565808949655,0.8093391753830542,1.0000394453204269,1.044665284822479,0.0,0.9838591860296272,1.198102807372512,0.7503490707331599,0.8493735326902911,1.00033995882866,0.2823101738713379,0.469066379600821
491535.0,2639985.0,2.6666666666666665,1.0399551336347244,1.41919570500929,1.0118405566155853,3.1494459396812817,1.0002565808949655,0.8093391753830542,1.0000394453204269,1.044665284822479,0.3333328979722623,0.9838591860296272,0.7500965606764758,0.7503490707331599,0.8493735326902911,1.00033995882866,0.2823101738713379,0.469066379600821
492735.0,2639985.0,2.6666666666666665,1.0399551336347244,0.8052262877203168,1.0118405566155853,0.0,1.0002565808949655,1.186338422444426,1.0000394453204269,1.044665284822479,2.666670149564333,0.9838591860296272,1.2466998513365868,1.3529120537456203,0.0,1.00033995882866,0.2823101738713379,0.469066379600821
493935.0,2639985.0,2.6666666666666665,1.0399551336347244,0.9292850742314346,1.0118405566155853,0.1811219408570024,1.0002565808949655,0.8093391753830542,1.0000394453204269,1.044665284822479,0.3333328979722623,0.9838591860296272,1.198102807372512,0.7503490707331599,0.8493735326902911,1.00033995882866,0.2823101738713379,0.469066379600821
495135.0,2639985.0,1.0,1.0399551336347244,1.41919570500929,1.0118405566155853,0.1811219408570024,1.0002565808949655,1.186338422444426,1.0000394453204269,1.044665284822479,2.666670149564333,0.9838591860296272,0.7500965606764758,0.7503490707331599,0.8493735326902911,1.00033995882866,0.2823101738713379,0.469066379600821
496335.0,2639985.0,1.0,1.0399551336347244,0.9292850742314346,1.0118405566155853,0.6537459580982762,1.0002565808949655,0.8093391753830542,1.0000394453204269,1.044665284822479,2.666670149564333,0.9838591860296272,0.7500965606764758,0.7503490707331599,0.8493735326902911,1.00033995882866,0.2823101738713379,0.469066379600821
497535.0,2639985.0,1.0,1.0399551336347244,1.41919570500929,1.0118405566155853,0.1811219408570024,1.0002565808949655,1.186338422444426,1.0000394453204269,1.044665284822479,2.666670149564333,0.9838591860296272,1.7444769311303143,1.3529120537456203,0.8493735326902911,1.00033995882866,0.2823101738713379,0.469066379600821
498735.0,2639985.0,1.0,1.0399551336347244,0.9292850742314346,1.0118405566155853,0.6537459580982762,1.0002565808949655,1.186338422444426,1.0000394453204269,1.044665284822479,2.666670149564333,0.9838591860296272,1.198102807372512,1.3529120537456203,0.8493735326902911,1.00033995882866,0.2823101738713379,0.469066379600821
499935.0,2639985.0,1.0,1.0399551336347244,0.9292850742314346,1.0118405566155853,0.6537459580982762,1.0002565808949655,0.8093391753830542,1.0000394453204269,1.044665284822479,0.3333328979722623,0.9838591860296272,1.198102807372512,1.3529120537456203,0.8493735326902911,1.00033995882866,0.2823101738713379,0.469066379600821
501135.0,2639985.0,1.0,1.0399551336347244,0.9292850742314346,1.0118405566155853,0.6537459580982762,1.0002565808949655,1.186338422444426,1.0000394453204269,1.044665284822479,0.3333328979722623,0.9838591860296272,0.0,0.0,0.8493735326902911,1.00033995882866,0.2823101738713379,0.469066379600821
502335.0,2639985.0,1.0,1.0399551336347244,1.41919570500929,1.0118405566155853,0.1811219408570024,1.0002565808949655,0.8093391753830542,1.0000394453204269,1.044665284822479,2.666670149564333,0.9838591860296272,0.7500965606764758,0.7503490707331599,0.8493735326902911,1.00033995882866,0.2823101738713379,0.469066379600821
503535.0,2639985.0,1.0,1.0399551336347244,0.9292850742314346,1.0118405566155853,0.6537459580982762,1.0002565808949655,1.186338422444426,1.0000394453204269,1.044665284822479,2.666670149564333,0.9838591860296272,0.7500965606764758,1.3529120537456203,0.8493735326902911,1.00033995882866,0.2823101738713379,0.469066379600821
504735.0,2639985.0,1.0,1.0399551336347244,1.41919570500929,1.0118405566155853,0.1811219408570024,1.0002565808949655,0.8093391753830542,1.0000394453204269,1.044665284822479,0.3333328979722623,0.9838591860296272,0.7500965606764758,0.7503490707331599,0.8493735326902911,1.00033995882866,0.2823101738713379,0.469066379600821
505935.0,2639985.0,1.0,1.0399551336347244,0.9292850742314346,1.0118405566155853,0.1811219408570024,1.0002565808949655,0.8093391753830542,1.0000394453204269,1.044665284822479,0.0,3.173995232666598,1.198102807372512,0.7503490707331599,0.8493735326902911,1.00033995882866,0.2823101738713379,0.469066379600821
507135.0,2639985.0,1.0,1.0399551336347244,0.0,1.0118405566155853,0.1811219408570024,1.0002565808949655,0.8093391753830542,1.0000394453204269,1.044665284822479,0.0,0.0,1.7444769311303143,0.7503490707331599,0.8493735326902911,1.00033995882866,0.2823101738713379,0.469066379600821
508335.0,2639985.0,1.0,1.0399551336347244,0.0,1.0118405566155853,0.7386828595768657,1.0002565808949655,1.186338422444426,1.0000394453204269,1.044665284822479,0.3333328979722623,1.0253001657841805,1.7444769311303143,0.7503490707331599,0.8493735326902911,1.00033995882866,0.2823101738713379,0.469066379600821
509535.0,2639985.0,1.0,1.0399551336347244,1.41919570500929,1.0118405566155853,0.6537459580982762,1.0002565808949655,1.186338422444426,1.0000394453204269,1.044665284822479,0.0,1.0253001657841805,0.7500965606764758,1.3529120537456203,0.8493735326902911,1.00033995882866,0.2823101738713379,0.469066379600821
510735.0,2639985.0,1.0,1.0399551336347244,0.9292850742314346,1.0118405566155853,0.1811219408570024,1.0002565808949655,0.8093391753830542,1.0000394453204269,1.044665284822479,0.0,0.0,1.198102807372512,0.7503490707331599,0.8493735326902911,1.00033995882866,0.2823101738713379,0.469066379600821
511935.0,2639985.0,1.0,1.0399551336347244,0.9292850742314346,1.0118405566155853,0.6537459580982762,1.0002565808949655,1.186338422444426,1.0000394453204269,1.044665284822479,0.0,0.0,1.198102807372512,0.7503490707331599,0.8493735326902911,1.00033995882866,0.2823101738713379,0.469066379600821
513135.0,2639985.0,1.0,1.0399551336347244,0.0,1.0118405566155853,0.7386828595768657,1.0002565808949655,1.186338422444426,1.0000394453204269,1.044665284822479,2.666670149564333,3.173995232666598,1.7444769311303143,0.7503490707331599,0.8493735326902911,1.00033995882866,0.2823101738713379,0.469066379600821
514335.0,2639985.0,1.0,1.0399551336347244,1.41919570500929,1.0118405566155853,0.1811219408570024,1.0002565808949655,1.186338422444426,1.0000394453204269,1.044665284822479,0.0,0.9838591860296272,0.7500965606764758,0.7503490707331599,0.8493735326902911,1.00033995882866,0.2823101738713379,0.469066379600821
465135.0,2638785.0,0.0,1.0399551336347244,0.8052262877203168,1.0118405566155853,0.7386828595768657,1.0002565808949655,0.8093391753830542,1.0000394453204269,0.8359572766454578,0.3333328979722623,0.9838591860296272,1.2466998513365868,1.3529120537456203,0.0,1.00033995882866,0.2823101738713379,0.469066379600821
466335.0,2638785.0,0.3333324626123284,1.0399551336347244,0.9292850742314346,1.0118405566155853,0.6537459580982762,1.0002565808949655,1.186338422444426,1.0000394453204269,1.044665284822479,0.3333328979722623,0.9838591860296272,0.7500965606764758,1.3529120537456203,0.8493735326902911,1.00033995882866,0.2823101738713379,0.469066379600821
467535.0,2638785.0,0.3333324626123284,1.0399551336347244,0.8052262877203168,1.0118405566155853,0.6537459580982762,1.0002565808949655,0.8093391753830542,1.0000394453204269,0.8359572766454578,2.666670149564333,0.9838591860296272,1.2466998513365868,1.3529120537456203,0.0,1.00033995882866,0.2823101738713379,0.469066379600821
468735.0,2638785.0,0.3333324626123284,1.0399551336347244,1.41919570500929,1.0118405566155853,0.1811219408570024,1.0002565808949655,1.186338422444426,1.0000394453204269,0.8359572766454578,2.666670149564333,0.9838591860296272,0.0,1.3529120537456203,0.8493735326902911,1.00033995882866,0.2823101738713379,0.469066379600821
469935.0,2638785.0,0.3333324626123284,1.0399551336347244,1.41919570500929,1.0118405566155853,0.1811219408570024,1.0002565808949655,1.186338422444426,1.0000394453204269,1.044665284822479,0.3333328979722623,0.9838591860296272,0.7500965606764758,0.7503490707331599,0.8493735326902911,1.00033995882866,0.2823101738713379,0.469066379600821
471135.0,2638785.0,0.3333324626123284,1.0399551336347244,0.9292850742314346,1.0118405566155853,0.1811219408570024,1.0002565808949655,1.186338422444426,1.0000394453204269,1.044665284822479,0.3333328979722623,0.9838591860296272,0.7500965606764758,1.3529120537456203,0.8493735326902911,1.00033995882866,0.2823101738713379,0.469066379600821
472335.0,2638785.0,0.3333324626123284,1.0399551336347244,0.9292850742314346,1.0118405566155853,0.1811219408570024,1.0002565808949655,0.8093391753830542,1.0000394453204269,1.044665284822479,2.666670149564333,0.9838591860296272,0.0,0.0,0.8493735326902911,1.00033995882866,0.2823101738713379,0.469066379600821
473535.0,2638785.0,0.3333324626123284,1.0399551336347244,0.9292850742314346,1.0118405566155853,0.7386828595768657,1.0002565808949655,0.8093391753830542,1.0000394453204269,1.044665284822479,1.9999973878335735,3.173995232666598,1.198102807372512,0.7503490707331599,0.8493735326902911,1.00033995882866,1.8953159656210397,0.469066379600821
474735.0,2638785.0,0.3333324626123284,1.0399551336347244,1.41919570500929,1.0118405566155853,0.1811219408570024,1.0002565808949655,0.8093391753830542,1.0000394453204269,1.044665284822479,1.9999973878335735,0.0,0.7500965606764758,0.7503490707331599,0.8493735326902911,1.00033995882866,0.2823101738713379,0.469066379600821
475935.0,2638785.0,0.3333324626123284,1.0399551336347244,0.9292850742314346,1.0118405566155853,0.1811219408570024,1.0002565808949655,0.8093391753830542,1.0000394453204269,1.044665284822479,0.3333328979722623,1.0253001657841805,1.198102807372512,0.7503490707331599,3.643673812226212,1.00033995882866,0.2823101738713379,0.469066379600821
477135.0,2638785.0,0.3333324626123284,1.0399551336347244,0.9292850742314346,1.0118405566155853,0.1811219408570024,1.0002565808949655,1.186338422444426,1.0000394453204269,1.044665284822479,0.3333328979722623,1.0253001657841805,0.7500965606764758,1.3529120537456203,0.8493735326902911,1.00033995882866,0.2823101738713379,0.469066379600821
478335.0,2638785.0,0.3333324626123284,1.0399551336347244,0.9292850742314346,1.0118405566155853,0.1811219408570024,1.0002565808949655,1.186338422444426,1.0000394453204269,1.044665284822479,0.3333328979722623,0.0,0.7500965606764758,1.3529120537456203,0.8493735326902911,1.00033995882866,0.2823101738713379,0.469066379600821
479535.0,2638785.0,0.3333324626123284,1.0399551336347244,0.8052262877203168,1.0118405566155853,0.1811219408570024,1.0002565808949655,1.186338422444426,1.0000394453204269,1.044665284822479,0.3333328979722623,0.0,1.198102807372512,1.3529120537456203,0.0,1.00033995882866,0.2823101738713379,0.469066379600821
480735.0,2638785.0,0.3333324626123284,1.0399551336347244,0.9292850742314346,1.0118405566155853,0.1811219408570024,1.0002565808949655,0.8093391753830542,1.0000394453204269,1.044665284822479,2.666670149564333,0.9838591860296272,1.198102807372512,0.7503490707331599,0.8493735326902911,1.00033995882866,0.2823101738713379,0.469066379600821
481935.0,2638785.0,2.6666666666666665,1.0399551336347244,0.8052262877203168,1.0118405566155853,0.7386828595768657,1.0002565808949655,0.8093391753830542,1.0000394453204269,1.044665284822479,1.9999973878335735,0.9838591860296272,1.198102807372512,1.3529120537456203,0.0,1.00033995882866,0.2823101738713379,0.469066379600821
483135.0,2638785.0,2.6666666666666665,1.0399551336347244,1.41919570500929,1.0118405566155853,0.1811219408570024,1.0002565808949655,1.186338422444426,1.0000394453204269,1.044665284822479,2.666670149564333,0.9838591860296272,0.7500965606764758,0.7503490707331599,0.8493735326902911,1.00033995882866,0.2823101738713379,0.469066379600821
484335.0,2638785.0,2.6666666666666665,1.0399551336347244,1.41919570500929,1.0118405566155853,0.6537459580982762,1.0002565808949655,0.8093391753830542,1.0000394453204269,1.044665284822479,0.3333328979722623,0.9838591860296272,1.7444769311303143,1.3529120537456203,0.8493735326902911,1.00033995882866,0.2823101738713379,0.469066379600821
485535.0,2638785.0,2.6666666666666665,1.0399551336347244,0.8052262877203168,1.0118405566155853,0.1811219408570024,1.0002565808949655,0.8093391753830542,1.0000394453204269,1.044665284822479,0.3333328979722623,0.9838591860296272,1.7444769311303143,0.0,0.8493735326902911,1.00033995882866,0.2823101738713379,0.469066379600821
486735.0,2638785.0,2.6666666666666665,1.0399551336347244,0.9292850742314346,1.0118405566155853,0.1811219408570024,1.0002565808949655,0.8093391753830542,1.0000394453204269,1.044665284822479,2.666670149564333,0.9838591860296272,0.7500965606764758,1.3529120537456203,0.8493735326902911,1.00033995882866,0.2823101738713379,0.469066379600821
487935.0,2638785.0,2.6666666666666665,1.0399551336347244,0.9292850742314346,1.0118405566155853,0.7386828595768657,1.0002565808949655,0.8093391753830542,1.0000394453204269,1.044665284822479,2.666670149564333,0.9838591860296272,1.198102807372512,0.7503490707331599,0.8493735326902911,1.00033995882866,0.2823101738713379,0.469066379600821
489135.0,2638785.0,2.6666666666666665,1.0399551336347244,0.9292850742314346,1.0118405566155853,3.1494459396812817,1.0002565808949655,0.8093391753830542,1.0000394453204269,1.044665284822479,2.666670149564333,0.9838591860296272,1.198102807372512,0.7503490707331599,0.8493735326902911,1.00033995882866,0.2823101738713379,0.469066379600821
490335.0,2638785.0,2.6666666666666665,1.0399551336347244,0.9292850742314346,1.0118405566155853,0.6537459580982762,1.0002565808949655,0.8093391753830542,1.0000394453204269,1.044665284822479,0.3333328979722623,0.9838591860296272,0.0,0.0,0.8493735326902911,1.00033995882866,0.2823101738713379,0.469066379600821
491535.0,2638785.0,2.6666666666666665,1.0399551336347244,0.9292850742314346,1.0118405566155853,3.1494459396812817,1.0002565808949655,1.186338422444426,1.0000394453204269,1.044665284822479,2.666670149564333,0.9838591860296272,0.7500965606764758,1.3529120537456203,0.8493735326902911,1.00033995882866,0.2823101738713379,0.469066379600821
492735.0,2638785.0,2.6666666666666665,1.0399551336347244,1.41919570500929,0.0,0.7386828595768657,1.0002565808949655,0.8093391753830542,1.0000394453204269,1.044665284822479,2.666670149564333,0.9838591860296272,1.7444769311303143,1.3529120537456203,0.8493735326902911,1.00033995882866,0.2823101738713379,0.469066379600821
493935.0,2638785.0,2.6666666666666665,1.0399551336347244,0.9292850742314346,1.0118405566155853,0.1811219408570024,1.0002565808949655,0.8093391753830542,1.0000394453204269,1.044665284822479,2.666670149564333,0.9838591860296272,0.0,0.0,0.8493735326902911,1.00033995882866,0.2823101738713379,0.469066379600821
495135.0,2638785.0,1.0,1.0399551336347244,1.41919570500929,1.0118405566155853,0.7386828595768657,1.0002565808949655,1.186338422444426,1.0000394453204269,1.044665284822479,2.666670149564333,0.9838591860296272,0.0,1.3529120537456203,0.8493735326902911,1.00033995882866,0.2823101738713379,0.469066379600821
496335.0,2638785.0,1.0,1.0399551336347244,0.9292850742314346,1.0118405566155853,3.1494459396812817,1.0002565808949655,1.186338422444426,1.0000394453204269,1.044665284822479,1.9999973878335735,0.9838591860296272,0.7500965606764758,0.7503490707331599,0.8493735326902911,1.00033995882866,0.2823101738713379,0.469066379600821
497535.0,2638785.0,1.0,1.0399551336347244,0.9292850742314346,1.0118405566155853,3.1494459396812817,1.0002565808949655,0.8093391753830542,1.0000394453204269,1.044665284822479,2.666670149564333,0.9838591860296272,1.198102807372512,1.3529120537456203,0.8493735326902911,1.00033995882866,0.2823101738713379,0.469066379600821
498735.0,2638785.0,1.0,1.0399551336347244,1.41919570500929,1.0118405566155853,3.1494459396812817,1.0002565808949655,1.186338422444426,1.0000394453204269,1.044665284822479,2.666670149564333,0.9838591860296272,0.7500965606764758,0.7503490707331599,0.8493735326902911,1.00033995882866,0.2823101738713379,0.469066379600821
499935.0,2638785.0,1.0,1.0399551336347244,1.41919570500929,1.0118405566155853,0.1811219408570024,1.0002565808949655,0.8093391753830542,1.0000394453204269,1.044665284822479,0.3333328979722623,0.9838591860296272,1.7444769311303143,1.3529120537456203,0.8493735326902911,1.00033995882866,0.2823101738713379,0.469066379600821
501135.0,2638785.0,1.0,1.0399551336347244,0.9292850742314346,1.0118405566155853,0.1811219408570024,1.0002565808949655,1.186338422444426,1.0000394453204269,1.044665284822479,0.0,0.9838591860296272,1.198102807372512,0.7503490707331599,0.8493735326902911,1.00033995882866,0.2823101738713379,0.469066379600821
502335.0,2638785.0,1.0,1.0399551336347244,0.8052262877203168,1.0118405566155853,0.1811219408570024,1.0002565808949655,1.186338422444426,1.0000394453204269,1.044665284822479,0.3333328979722623,0.9838591860296272,0.7500965606764758,1.3529120537456203,0.8493735326902911,1.00033995882866,0.2823101738713379,0.469066379600821
503535.0,2638785.0,1.0,1.0399551336347244,1.41919570500929,1.0118405566155853,0.1811219408570024,1.0002565808949655,1.186338422444426,1.0000394453204269,1.044665284822479,2.666670149564333,0.9838591860296272,0.7500965606764758,0.7503490707331599,0.8493735326902911,1.00033995882866,0.2823101738713379,0.469066379600821
504735.0,2638785.0,1.0,1.0399551336347244,0.9292850742314346,1.0118405566155853,0.6537459580982762,1.0002565808949655,1.186338422444426,1.0000394453204269,1.044665284822479,2.666670149564333,0.9838591860296272,0.7500965606764758,1.3529120537456203,0.8493735326902911,1.00033995882866,0.2823101738713379,0.469066379600821
505935.0,2638785.0,1.0,1.0399551336347244,0.8052262877203168,1.0118405566155853,0.6537459580982762,1.0002565808949655,0.8093391753830542,1.0000394453204269,1.044665284822479,0.0,0.0,1.2466998513365868,1.3529120537456203,0.0,1.00033995882866,0.2823101738713379,0.469066379600821
507135.0,2638785.0,1.0,1.0399551336347244,0.9292850742314346,1.0118405566155853,0.1811219408570024,1.0002565808949655,0.8093391753830542,1.0000394453204269,1.044665284822479,0.0,0.0,0.0,0.0,0.8493735326902911,1.00033995882866,0.2823101738713379,0.469066379600821
508335.0,2638785.0,1.0,1.0399551336347244,0.0,1.0118405566155853,0.7386828595768657,1.0002565808949655,1.186338422444426,1.0000394453204269,1.044665284822479,0.3333328979722623,1.0253001657841805,1.7444769311303143,1.3529120537456203,0.8493735326902911,1.00033995882866,0.2823101738713379,0.469066379600821
509535.0,2638785.0,1.0,1.0399551336347244,0.9292850742314346,1.0118405566155853,3.1494459396812817,1.0002565808949655,1.186338422444426,1.0000394453204269,1.044665284822479,0.0,1.0253001657841805,0.0,0.0,0.8493735326902911,1.00033995882866,0.2823101738713379,0.469066379600821
510735.0,2638785.0,1.0,1.0399551336347244,0.9292850742314346,1.0118405566155853,0.1811219408570024,1.0002565808949655,0.8093391753830542,1.0000394453204269,1.044665284822479,0.0,0.0,0.7500965606764758,1.3529120537456203,0.8493735326902911,1.00033995882866,0.2823101738713379,0.469066379600821
511935.0,2638785.0,1.0,1.0399551336347244,0.8052262877203168,1.0118405566155853,0.1811219408570024,1.0002565808949655,1.186338422444426,1.0000394453204269,1.044665284822479,0.0,0.0,1.7444769311303143,0.0,0.8493735326902911,1.00033995882866,0.2823101738713379,0.469066379600821
513135.0,2638785.0,1.0,1.0399551336347244,0.9292850742314346,1.0118405566155853,0.7386828595768657,1.0002565808949655,1.186338422444426,1.0000394453204269,1.044665284822479,0.3333328979722623,3.173995232666598,0.0,0.0,0.8493735326902911,1.00033995882866,0.2823101738713379,0.469066379600821
514335.0,2638785.0,1.0,1.0399551336347244,0.9292850742314346,1.0118405566155853,0.6537459580982762,1.0002565808949655,1.186338422444426,1.0000394453204269,1.044665284822479,0.0,0.9838591860296272,1.198102807372512,0.7503490707331599,0.8493735326902911,1.00033995882866,0.2823101738713379,0.469066379600821
465135.0,2637585.0,0.0,1.0399551336347244,0.8052262877203168,1.0118405566155853,0.7386828595768657,1.0002565808949655,0.8093391753830542,1.0000394453204269,0.8359572766454578,0.3333328979722623,0.9838591860296272,1.198102807372512,1.3529120537456203,3.643673812226212,1.00033995882866,0.2823101738713379,0.469066379600821
466335.0,2637585.0,0.3333324626123284,1.0399551336347244,0.9292850742314346,1.0118405566155853,0.6537459580982762,1.0002565808949655,1.186338422444426,1.0000394453204269,1.044665284822479,0.3333328979722623,0.9838591860296272,0.7500965606764758,1.3529120537456203,0.8493735326902911,1.00033995882866,0.2823101738713379,0.469066379600821
467535.0,2637585.0,0.3333324626123284,1.0399551336347244,0.8052262877203168,1.0118405566155853,0.1811219408570024,1.0002565808949655,0.8093391753830542,1.0000394453204269,1.044665284822479,2.666670149564333,0.9838591860296272,1.198102807372512,1.3529120537456203,3.643673812226212,1.00033995882866,0.2823101738713379,0.469066379600821
468735.0,2637585.0,0.3333324626123284,1.0399551336347244,1.41919570500929,1.0118405566155853,3.1494459396812817,1.0002565808949655,1.186338422444426,1.0000394453204269,0.8359572766454578,2.666670149564333,0.9838591860296272,0.7500965606764758,0.7503490707331599,0.8493735326902911,1.00033995882866,0.2823101738713379,0.469066379600821
469935.0,2637585.0,0.3333324626123284,1.0399551336347244,0.9292850742314346,1.0118405566155853,0.1811219408570024,1.0002565808949655,0.8093391753830542,1.0000394453204269,1.044665284822479,2.666670149564333,0.9838591860296272,1.198102807372512,0.7503490707331599,0.8493735326902911,1.00033995882866,0.2823101738713379,0.469066379600821
471135.0,2637585.0,0.3333324626123284,1.0399551336347244,0.9292850742314346,1.0118405566155853,3.1494459396812817,1.0002565808949655,0.8093391753830542,1.0000394453204269,1.044665284822479,2.666670149564333,0.9838591860296272,0.7500965606764758,1.3529120537456203,0.8493735326902911,1.00033995882866,0.2823101738713379,0.469066379600821
472335.0,2637585.0,0.3333324626123284,1.0399551336347244,0.0,1.0118405566155853,0.1811219408570024,1.0002565808949655,0.8093391753830542,1.0000394453204269,1.044665284822479,2.666670149564333,0.9838591860296272,0.7500965606764758,0.7503490707331599,0.8493735326902911,1.00033995882866,0.2823101738713379,0.469066379600821
473535.0,2637585.0,0.3333324626123284,1.0399551336347244,1.41919570500929,1.0118405566155853,0.7386828595768657,1.0002565808949655,0.8093391753830542,1.0000394453204269,1.044665284822479,1.9999973878335735,3.173995232666598,0.7500965606764758,0.7503490707331599,0.8493735326902911,1.00033995882866,0.2823101738713379,0.469066379600821
474735.0,2637585.0,0.3333324626123284,1.0399551336347244,0.8052262877203168,1.0118405566155853,0.6537459580982762,1.0002565808949655,1.186338422444426,1.0000394453204269,1.044665284822479,0.3333328979722623,0.0,1.198102807372512,1.3529120537456203,0.8493735326902911,1.00033995882866,0.2823101738713379,0.469066379600821
475935.0,2637585.0,0.3333324626123284,1.0399551336347244,0.9292850742314346,1.0118405566155853,0.1811219408570024,1.0002565808949655,0.8093391753830542,1.0000394453204269,1.044665284822479,0.3333328979722623,1.0253001657841805,0.7500965606764758,0.7503490707331599,0.8493735326902911,1.00033995882866,0.2823101738713379,0.469066379600821
477135.0,2637585.0,0.3333324626123284,1.0399551336347244,0.9292850742314346,1.0118405566155853,0.1811219408570024,1.0002565808949655,1.186338422444426,1.0000394453204269,1.044665284822479,0.3333328979722623,1.0253001657841805,1.198102807372512,1.3529120537456203,0.8493735326902911,1.00033995882866,0.2823101738713379,0.469066379600821
478335.0,2637585.0,0.3333324626123284,1.0399551336347244,0.9292850742314346,1.0118405566155853,0.1811219408570024,1.0002565808949655,1.186338422444426,1.0000394453204269,1.044665284822479,0.0,0.0,1.7444769311303143,0.0,0.8493735326902911,1.00033995882866,0.2823101738713379,0.469066379600821
479535.0,2637585.0,0.3333324626123284,1.0399551336347244,0.9292850742314346,1.0118405566155853,0.1811219408570024,1.0002565808949655,0.8093391753830542,1.0000394453204269,1.044665284822479,0.3333328979722623,0.0,1.198102807372512,0.7503490707331599,0.8493735326902911,1.00033995882866,0.2823101738713379,0.469066379600821
480735.0,2637585.0,0.3333324626123284,1.0399551336347244,1.41919570500929,1.0118405566155853,0.6537459580982762,1.0002565808949655,1.186338422444426,1.0000394453204269,1.044665284822479,1.9999973878335735,0.9838591860296272,0.7500965606764758,0.7503490707331599,0.8493735326902911,1.00033995882866,0.2823101738713379,0.469066379600821
481935.0,2637585.0,2.6666666666666665,1.0399551336347244,0.9292850742314346,1.0118405566155853,0.6537459580982762,1.0002565808949655,0.8093391753830542,1.0000394453204269,1.044665284822479,2.666670149564333,0.9838591860296272,0.7500965606764758,1.3529120537456203,0.8493735326902911,1.00033995882866,0.2823101738713379,0.469066379600821
483135.0,2637585.0,2.6666666666666665,1.0399551336347244,1.41919570500929,1.0118405566155853,0.6537459580982762,1.0002565808949655,1.186338422444426,1.0000394453204269,1.044665284822479,2.666670149564333,0.9838591860296272,0.0,1.3529120537456203,0.8493735326902911,1.00033995882866,0.2823101738713379,0.469066379600821
484335.0,2637585.0,2.6666666666666665,1.0399551336347244,0.9292850742314346,1.0118405566155853,0.1811219408570024,1.0002565808949655,0.8093391753830542,1.0000394453204269,1.044665284822479,2.666670149564333,0.9838591860296272,0.7500965606764758,1.3529120537456203,0.8493735326902911,1.00033995882866,0.2823101738713379,0.469066379600821
485535.0,2637585.0,2.6666666666666665,1.0399551336347244,0.8052262877203168,1.0118405566155853,0.1811219408570024,1.0002565808949655,0.8093391753830542,1.0000394453204269,1.044665284822479,0.3333328979722623,0.9838591860296272,0.0,0.0,0.8493735326902911,1.00033995882866,0.2823101738713379,0.469066379600821
486735.0,2637585.0,2.6666666666666665,1.0399551336347244,1.41919570500929,1.0118405566155853,0.7386828595768657,1.0002565808949655,1.186338422444426,1.0000394453204269,1.044665284822479,1.9999973878335735,0.9838591860296272,1.7444769311303143,0.7503490707331599,0.8493735326902911,1.00033995882866,0.2823101738713379,0.469066379600821
487935.0,2637585.0,2.6666666666666665,1.0399551336347244,1.41919570500929,1.0118405566155853,0.6537459580982762,1.0002565808949655,1.186338422444426,1.0000394453204269,1.044665284822479,2.666670149564333,0.9838591860296272,0.7500965606764758,0.7503490707331599,0.8493735326902911,1.00033995882866,0.2823101738713379,0.469066379600821
489135.0,2637585.0,2.6666666666666665,1.0399551336347244,0.8052262877203168,1.0118405566155853,0.1811219408570024,1.0002565808949655,0.8093391753830542,1.0000394453204269,1.044665284822479,0.3333328979722623,0.9838591860296272,1.198102807372512,0.7503490707331599,3.643673812226212,1.00033995882866,0.2823101738713379,0.469066379600821
490335.0,2637585.0,2.6666666666666665,1.0399551336347244,0.9292850742314346,1.0118405566155853,0.6537459580982762,1.0002565808949655,0.8093391753830542,1.0000394453204269,1.044665284822479,2.666670149564333,0.9838591860296272,1.198102807372512,0.7503490707331599,0.8493735326902911,1.00033995882866,0.2823101738713379,0.469066379600821
491535.0,2637585.0,2.6666666666666665,1.0399551336347244,0.9292850742314346,1.0118405566155853,0.6537459580982762,1.0002565808949655,0.8093391753830542,1.0000394453204269,1.044665284822479,2.666670149564333,0.9838591860296272,1.198102807372512,0.7503490707331599,0.8493735326902911,1.00033995882866,0.2823101738713379,0.469066379600821
492735.0,2637585.0,2.6666666666666665,1.0399551336347244,0.8052262877203168,0.0,0.0,1.0002565808949655,0.8093391753830542,1.0000394453204269,1.044665284822479,1.9999973878335735,0.9838591860296272,1.2466998513365868,1.3529120537456203,0.0,1.00033995882866,0.2823101738713379,0.469066379600821
493935.0,2637585.0,2.6666666666666665,1.0399551336347244,0.9292850742314346,1.0118405566155853,0.6537459580982762,1.0002565808949655,0.8093391753830542,1.0000394453204269,1.044665284822479,2.666670149564333,0.9838591860296272,1.198102807372512,0.7503490707331599,0.8493735326902911,1.00033995882866,0.2823101738713379,0.469066379600821
495135.0,2637585.0,1.0,1.0399551336347244,0.9292850742314346,1.0118405566155853,0.1811219408570024,1.0002565808949655,0.8093391753830542,1.0000394453204269,1.044665284822479,0.3333328979722623,0.9838591860296272,0.7500965606764758,1.3529120537456203,0.8493735326902911,1.00033995882866,0.2823101738713379,0.469066379600821
496335.0,2637585.0,1.0,1.0399551336347244,0.9292850742314346,1.0118405566155853,0.1811219408570024,1.0002565808949655,1.186338422444426,1.0000394453204269,1.044665284822479,0.3333328979722623,0.9838591860296272,0.7500965606764758,1.3529120537456203,0.8493735326902911,1.00033995882866,0.2823101738713379,0.469066379600821
497535.0,2637585.0,1.0,1.0399551336347244,0.9292850742314346,1.0118405566155853,0.1811219408570024,1.0002565808949655,0.8093391753830542,1.0000394453204269,1.044665284822479,0.3333328979722623,0.9838591860296272,0.0,0.0,0.8493735326902911,1.00033995882866,0.2823101738713379,0.469066379600821
498735.0,2637585.0,1.0,1.0399551336347244,0.9292850742314346,1.0118405566155853,0.6537459580982762,1.0002565808949655,1.186338422444426,1.0000394453204269,1.044665284822479,0.3333328979722623,0.9838591860296272,1.198102807372512,0.7503490707331599,0.8493735326902911,1.00033995882866,0.2823101738713379,0.469066379600821
499935.0,2637585.0,1.0,1.0399551336347244,0.8052262877203168,1.0118405566155853,0.6537459580982762,1.0002565808949655,0.8093391753830542,1.0000394453204269,1.044665284822479,0.3333328979722623,0.9838591860296272,1.198102807372512,1.3529120537456203,0.8493735326902911,1.00033995882866,0.2823101738713379,0.469066379600821
501135.0,2637585.0,1.0,1.0399551336347244,0.9292850742314346,1.0118405566155853,0.6537459580982762,1.0002565808949655,1.186338422444426,1.0000394453204269,1.044665284822479,0.3333328979722623,0.9838591860296272,1.7444769311303143,1.3529120537456203,0.8493735326902911,1.00033995882866,0.2823101738713379,0.469066379600821
502335.0,2637585.0,1.0,1.0399551336347244,0.8052262877203168,1.0118405566155853,0.1811219408570024,1.0002565808949655,1.186338422444426,1.0000394453204269,1.044665284822479,0.3333328979722623,0.9838591860296272,1.2466998513365868,1.3529120537456203,0.0,1.00033995882866,0.2823101738713379,0.469066379600821
503535.0,2637585.0,1.0,1.0399551336347244,0.9292850742314346,1.0118405566155853,0.7386828595768657,1.0002565808949655,0.8093391753830542,1.0000394453204269,1.044665284822479,0.3333328979722623,0.9838591860296272,1.198102807372512,0.7503490707331599,0.8493735326902911,1.00033995882866,0.2823101738713379,0.469066379600821
504735.0,2637585.0,1.0,1.0399551336347244,1.41919570500929,1.0118405566155853,0.7386828595768657,1.0002565808949655,1.186338422444426,1.0000394453204269,1.044665284822479,2.666670149564333,3.173995232666598,0.7500965606764758,0.7503490707331599,0.8493735326902911,1.00033995882866,40.7927349061228,0.469066379600821
505935.0,2637585.0,1.0,1.0399551336347244,1.41919570500929,1.0118405566155853,0.7386828595768657,1.0002565808949655,0.8093391753830542,1.0000394453204269,1.044665284822479,0.3333328979722623,0.0,0.7500965606764758,0.7503490707331599,0.8493735326902911,1.00033995882866,0.2823101738713379,0.469066379600821
507135.0,2637585.0,1.0,1.0399551336347244,1.41919570500929,1.0118405566155853,0.1811219408570024,1.0002565808949655,1.186338422444426,1.0000394453204269,1.044665284822479,0.0,0.0,1.7444769311303143,1.3529120537456203,0.8493735326902911,1.00033995882866,0.2823101738713379,0.469066379600821
508335.0,2637585.0,1.0,1.0399551336347244,0.0,1.0118405566155853,3.1494459396812817,1.0002565808949655,1.186338422444426,1.0000394453204269,1.044665284822479,0.0,1.0253001657841805,0.0,1.3529120537456203,0.8493735326902911,1.00033995882866,0.2823101738713379,0.469066379600821
509535.0,2637585.0,1.0,1.0399551336347244,1.41919570500929,1.0118405566155853,3.1494459396812817,1.0002565808949655,1.186338422444426,1.0000394453204269,1.044665284822479,0.3333328979722623,1.0253001657841805,1.7444769311303143,1.3529120537456203,0.8493735326902911,1.00033995882866,0.2823101738713379,0.469066379600821
510735.0,2637585.0,1.0,1.0399551336347244,0.9292850742314346,1.0118405566155853,3.1494459396812817,1.0002565808949655,1.186338422444426,1.0000394453204269,1.044665284822479,0.3333328979722623,0.0,0.7500965606764758,1.3529120537456203,0.8493735326902911,1.00033995882866,0.2823101738713379,0.469066379600821
511935.0,2637585.0,1.0,1.0399551336347244,0.9292850742314346,1.0118405566155853,0.1811219408570024,1.0002565808949655,1.186338422444426,1.0000394453204269,1.044665284822479,0.3333328979722623,3.173995232666598,1.7444769311303143,1.3529120537456203,0.8493735326902911,1.00033995882866,0.2823101738713379,0.469066379600821
513135.0,2637585.0,1.0,1.0399551336347244,0.8052262877203168,1.0118405566155853,0.1811219408570024,1.0002565808949655,0.8093391753830542,1.0000394453204269,1.044665284822479,0.3333328979722623,0.9838591860296272,1.2466998513365868,1.3529120537456203,0.0,1.00033995882866,0.2823101738713379,0.469066379600821
514335.0,2637585.0,1.0,1.0399551336347244,1.41919570500929,1.0118405566155853,0.6537459580982762,1.0002565808949655,1.186338422444426,1.0000394453204269,1.044665284822479,2.666670149564333,0.9838591860296272,0.7500965606764758,0.7503490707331599,0.8493735326902911,1.00033995882866,0.2823101738713379,0.469066379600821
466335.0,2636385.0,0.3333324626123284,1.0399551336347244,0.9292850742314346,1.0118405566155853,0.6537459580982762,1.0002565808949655,1.186338422444426,1.0000394453204269,1.044665284822479,0.3333328979722623,0.9838591860296272,0.0,0.0,0.8493735326902911,1.00033995882866,0.2823101738713379,0.469066379600821
467535.0,2636385.0,0.3333324626123284,1.0399551336347244,0.8052262877203168,1.0118405566155853,0.1811219408570024,1.0002565808949655,1.186338422444426,1.0000394453204269,1.044665284822479,0.3333328979722623,0.9838591860296272,1.198102807372512,1.3529120537456203,0.8493735326902911,1.00033995882866,0.2823101738713379,0.469066379600821
468735.0,2636385.0,0.3333324626123284,1.0399551336347244,0.8052262877203168,1.0118405566155853,0.6537459580982762,1.0002565808949655,0.8093391753830542,1.0000394453204269,0.8359572766454578,2.666670149564333,0.9838591860296272,1.7444769311303143,0.0,0.8493735326902911,1.00033995882866,0.2823101738713379,0.469066379600821
469935.0,2636385.0,0.3333324626123284,1.0399551336347244,0.9292850742314346,1.0118405566155853,0.7386828595768657,1.0002565808949655,1.186338422444426,1.0000394453204269,0.8359572766454578,1.9999973878335735,0.9838591860296272,1.7444769311303143,1.3529120537456203,0.8493735326902911,1.00033995882866,0.2823101738713379,0.469066379600821
471135.0,2636385.0,0.3333324626123284,1.0399551336347244,0.9292850742314346,1.0118405566155853,3.1494459396812817,1.0002565808949655,0.8093391753830542,1.0000394453204269,0.8359572766454578,1.9999973878335735,0.9838591860296272,1.7444769311303143,1.3529120537456203,0.8493735326902911,1.00033995882866,0.2823101738713379,0.469066379600821
472335.0,2636385.0,0.3333324626123284,1.0399551336347244,0.9292850742314346,1.0118405566155853,0.1811219408570024,1.0002565808949655,0.8093391753830542,1.0000394453204269,1.044665284822479,1.9999973878335735,0.9838591860296272,0.7500965606764758,1.3529120537456203,0.8493735326902911,1.00033995882866,0.2823101738713379,0.469066379600821
473535.0,2636385.0,0.3333324626123284,1.0399551336347244,1.41919570500929,1.0118405566155853,3.1494459396812817,1.0002565808949655,1.186338422444426,1.0000394453204269,1.044665284822479,1.9999973878335735,3.173995232666598,0.7500965606764758,0.7503490707331599,0.8493735326902911,1.00033995882866,0.2823101738713379,0.469066379600821
474735.0,2636385.0,0.3333324626123284,1.0399551336347244,0.9292850742314346,1.0118405566155853,3.1494459396812817,1.0002565808949655,1.186338422444426,1.0000394453204269,1.044665284822479,2.666670149564333,0.0,1.198102807372512,0.7503490707331599,3.643673812226212,1.00033995882866,0.2823101738713379,0.469066379600821
475935.0,2636385.0,0.3333324626123284,1.0399551336347244,0.9292850742314346,1.0118405566155853,0.7386828595768657,1.0002565808949655,1.186338422444426,1.0000394453204269,1.044665284822479,2.666670149564333,1.0253001657841805,1.7444769311303143,1.3529120537456203,0.8493735326902911,1.00033995882866,0.2823101738713379,0.469066379600821
477135.0,2636385.0,0.3333324626123284,1.0399551336347244,0.9292850742314346,1.0118405566155853,0.1811219408570024,1.0002565808949655,1.186338422444426,1.0000394453204269,1.044665284822479,2.666670149564333,1.0253001657841805,0.7500965606764758,1.3529120537456203,0.8493735326902911,1.00033995882866,0.2823101738713379,0.469066379600821
478335.0,2636385.0,0.3333324626123284,1.0399551336347244,0.9292850742314346,1.0118405566155853,0.6537459580982762,1.0002565808949655,0.8093391753830542,1.0000394453204269,1.044665284822479,0.3333328979722623,0.0,1.198102807372512,0.7503490707331599,0.8493735326902911,1.00033995882866,0.2823101738713379,0.469066379600821
479535.0,2636385.0,0.3333324626123284,1.0399551336347244,0.9292850742314346,1.0118405566155853,0.1811219408570024,1.0002565808949655,1.186338422444426,1.0000394453204269,1.044665284822479,2.666670149564333,0.0,0.7500965606764758,1.3529120537456203,0.8493735326902911,1.00033995882866,0.2823101738713379,0.469066379600821
480735.0,2636385.0,2.6666666666666665,1.0399551336347244,1.41919570500929,1.0118405566155853,0.1811219408570024,1.0002565808949655,1.186338422444426,1.0000394453204269,1.044665284822479,2.666670149564333,0.9838591860296272,0.7500965606764758,1.3529120537456203,0.8493735326902911,1.00033995882866,0.2823101738713379,0.469066379600821
481935.0,2636385.0,2.6666666666666665,1.0399551336347244,0.9292850742314346,1.0118405566155853,0.6537459580982762,1.0002565808949655,0.8093391753830542,1.0000394453204269,1.044665284822479,0.3333328979722623,0.9838591860296272,1.198102807372512,0.7503490707331599,3.643673812226212,1.00033995882866,0.2823101738713379,0.469066379600821
483135.0,2636385.0,2.6666666666666665,1.0399551336347244,1.41919570500929,1.0118405566155853,0.6537459580982762,1.0002565808949655,1.186338422444426,1.0000394453204269,1.044665284822479,1.9999973878335735,0.9838591860296272,1.7444769311303143,1.3529120537456203,0.8493735326902911,1.00033995882866,0.2823101738713379,0.469066379600821
484335.0,2636385.0,2.6666666666666665,1.0399551336347244,1.41919570500929,1.0118405566155853,0.1811219408570024,1.0002565808949655,1.186338422444426,1.0000394453204269,1.044665284822479,2.666670149564333,0.9838591860296272,0.7500965606764758,0.7503490707331599,0.8493735326902911,1.00033995882866,0.2823101738713379,0.469066379600821
485535.0,2636385.0,2.6666666666666665,1.0399551336347244,0.9292850742314346,1.0118405566155853,0.1811219408570024,1.0002565808949655,1.186338422444426,1.0000394453204269,1.044665284822479,1.9999973878335735,0.9838591860296272,1.198102807372512,0.7503490707331599,0.8493735326902911,1.00033995882866,0.2823101738713379,0.469066379600821
486735.0,2636385.0,2.6666666666666665,1.0399551336347244,0.8052262877203168,1.0118405566155853,0.7386828595768657,1.0002565808949655,0.8093391753830542,1.0000394453204269,1.044665284822479,1.9999973878335735,0.9838591860296272,1.198102807372512,1.3529120537456203,3.643673812226212,1.00033995882866,0.2823101738713379,0.469066379600821
487935.0,2636385.0,2.6666666666666665,1.0399551336347244,0.0,1.0118405566155853,0.1811219408570024,1.0002565808949655,1.186338422444426,1.0000394453204269,1.044665284822479,2.666670149564333,0.9838591860296272,1.7444769311303143,0.7503490707331599,0.8493735326902911,1.00033995882866,0.2823101738713379,0.469066379600821
489135.0,2636385.0,2.6666666666666665,1.0399551336347244,1.41919570500929,1.0118405566155853,0.1811219408570024,1.0002565808949655,0.8093391753830542,1.0000394453204269,1.044665284822479,2.666670149564333,0.9838591860296272,0.7500965606764758,0.7503490707331599,0.8493735326902911,1.00033995882866,0.2823101738713379,0.469066379600821
490335.0,2636385.0,2.6666666666666665,1.0399551336347244,1.41919570500929,1.0118405566155853,0.6537459580982762,1.0002565808949655,0.8093391753830542,1.0000394453204269,1.044665284822479,2.666670149564333,0.9838591860296272,0.7500965606764758,0.7503490707331599,0.8493735326902911,1.00033995882866,0.2823101738713379,0.469066379600821
491535.0,2636385.0,2.6666666666666665,1.0399551336347244,0.8052262877203168,1.0118405566155853,0.6537459580982762,1.0002565808949655,0.8093391753830542,1.0000394453204269,1.044665284822479,2.666670149564333,0.9838591860296272,0.7500965606764758,1.3529120537456203,0.8493735326902911,1.00033995882866,0.2823101738713379,0.469066379600821
492735.0,2636385.0,2.6666666666666665,1.0399551336347244,0.9292850742314346,0.0,0.0,1.0002565808949655,1.186338422444426,1.0000394453204269,1.044665284822479,2.666670149564333,0.9838591860296272,0.7500965606764758,1.3529120537456203,0.8493735326902911,1.00033995882866,0.2823101738713379,0.469066379600821
493935.0,2636385.0,2.6666666666666665,1.0399551336347244,1.41919570500929,1.0118405566155853,0.6537459580982762,1.0002565808949655,0.8093391753830542,1.0000394453204269,1.044665284822479,2.666670149564333,0.9838591860296272,0.7500965606764758,0.7503490707331599,0.8493735326902911,1.00033995882866,0.2823101738713379,0.469066379600821
495135.0,2636385.0,1.0,1.0399551336347244,0.9292850742314346,1.0118405566155853,3.1494459396812817,1.0002565808949655,0.8093391753830542,1.0000394453204269,1.044665284822479,2.666670149564333,0.9838591860296272,1.198102807372512,0.7503490707331599,0.8493735326902911,1.00033995882866,0.2823101738713379,0.469066379600821
496335.0,2636385.0,1.0,1.0399551336347244,0.9292850742314346,1.0118405566155853,0.6537459580982762,1.0002565808949655,0.8093391753830542,1.0000394453204269,1.044665284822479,0.0,0.9838591860296272,1.198102807372512,0.7503490707331599,0.8493735326902911,1.00033995882866,0.2823101738713379,0.469066379600821
497535.0,2636385.0,1.0,1.0399551336347244,0.9292850742314346,1.0118405566155853,0.6537459580982762,1.0002565808949655,0.8093391753830542,1.0000394453204269,1.044665284822479,0.3333328979722623,0.9838591860296272,0.7500965606764758,1.3529120537456203,0.8493735326902911,1.00033995882866,0.2823101738713379,0.469066379600821
498735.0,2636385.0,1.0,1.0399551336347244,0.9292850742314346,1.0118405566155853,0.7386828595768657,1.0002565808949655,0.8093391753830542,1.0000394453204269,1.044665284822479,0.3333328979722623,0.9838591860296272,1.198102807372512,0.7503490707331599,0.8493735326902911,1.00033995882866,0.2823101738713379,0.469066379600821
499935.0,2636385.0,1.0,1.0399551336347244,1.41919570500929,1.0118405566155853,0.6537459580982762,1.0002565808949655,0.8093391753830542,1.0000394453204269,1.044665284822479,0.0,0.9838591860296272,0.7500965606764758,0.7503490707331599,0.8493735326902911,1.00033995882866,0.2823101738713379,0.469066379600821
501135.0,2636385.0,1.0,1.0399551336347244,0.9292850742314346,1.0118405566155853,0.6537459580982762,1.0002565808949655,1.186338422444426,1.0000394453204269,1.044665284822479,0.0,0.9838591860296272,0.0,0.0,0.8493735326902911,1.00033995882866,0.2823101738713379,0.469066379600821
502335.0,2636385.0,1.0,1.0399551336347244,0.8052262877203168,1.0118405566155853,0.7386828595768657,1.0002565808949655,0.8093391753830542,1.0000394453204269,1.044665284822479,0.0,0.9838591860296272,1.198102807372512,0.7503490707331599,3.643673812226212,1.00033995882866,0.2823101738713379,0.469066379600821
503535.0,2636385.0,1.0,1.0399551336347244,0.9292850742314346,1.0118405566155853,0.6537459580982762,1.0002565808949655,0.8093391753830542,1.0000394453204269,1.044665284822479,0.0,0.9838591860296272,1.198102807372512,0.7503490707331599,0.8493735326902911,1.00033995882866,0.2823101738713379,0.469066379600821
504735.0,2636385.0,1.0,1.0399551336347244,0.9292850742314346,1.0118405566155853,0.6537459580982762,1.0002565808949655,1.186338422444426,1.0000394453204269,1.044665284822479,0.3333328979722623,3.173995232666598,1.198102807372512,0.7503490707331599,0.8493735326902911,1.00033995882866,1.8953159656210397,0.469066379600821
505935.0,2636385.0,1.0,1.0399551336347244,0.9292850742314346,1.0118405566155853,0.7386828595768657,1.0002565808949655,1.186338422444426,1.0000394453204269,1.044665284822479,0.3333328979722623,0.0,0.7500965606764758,1.3529120537456203,0.8493735326902911,1.00033995882866,0.2823101738713379,0.469066379600821
507135.0,2636385.0,1.0,1.0399551336347244,1.41919570500929,1.0118405566155853,0.1811219408570024,1.0002565808949655,1.186338422444426,1.0000394453204269,1.044665284822479,0.0,0.0,0.7500965606764758,0.7503490707331599,0.8493735326902911,1.00033995882866,0.2823101738713379,0.469066379600821
508335.0,2636385.0,1.0,1.0399551336347244,1.41919570500929,1.0118405566155853,0.6537459580982762,1.0002565808949655,1.186338422444426,1.0000394453204269,1.044665284822479,0.0,1.0253001657841805,1.7444769311303143,1.3529120537456203,0.8493735326902911,1.00033995882866,0.2823101738713379,0.469066379600821
509535.0,2636385.0,1.0,1.0399551336347244,0.8052262877203168,0.0,0.0,1.0002565808949655,0.8093391753830542,1.0000394453204269,1.044665284822479,1.9999973878335735,0.0,1.198102807372512,1.3529120537456203,0.0,1.00033995882866,0.2823101738713379,0.469066379600821
510735.0,2636385.0,1.0,1.0399551336347244,0.0,1.0118405566155853,0.6537459580982762,1.0002565808949655,1.186338422444426,1.0000394453204269,1.044665284822479,2.666670149564333,0.0,1.7444769311303143,0.7503490707331599,0.8493735326902911,1.00033995882866,0.2823101738713379,0.469066379600821
511935.0,2636385.0,1.0,1.0399551336347244,0.0,1.0118405566155853,3.1494459396812817,1.0002565808949655,1.186338422444426,1.0000394453204269,1.044665284822479,2.666670149564333,3.173995232666598,0.0,1.3529120537456203,0.8493735326902911,1.00033995882866,0.2823101738713379,0.469066379600821
513135.0,2636385.0,1.0,1.0399551336347244,0.0,1.0118405566155853,3.1494459396812817,1.0002565808949655,0.8093391753830542,1.0000394453204269,1.044665284822479,2.666670149564333,0.9838591860296272,0.7500965606764758,0.7503490707331599,0.8493735326902911,1.00033995882866,0.2823101738713379,0.469066379600821
514335.0,2636385.0,1.0,1.0399551336347244,0.9292850742314346,1.0118405566155853,0.6537459580982762,1.0002565808949655,0.8093391753830542,1.0000394453204269,1.044665284822479,2.666670149564333,0.9838591860296272,1.7444769311303143,1.3529120537456203,0.8493735326902911,1.00033995882866,0.2823101738713379,0.469066379600821
465135.0,2635185.0,0.3333324626123284,1.0399551336347244,0.8052262877203168,1.0118405566155853,0.6537459580982762,1.0002565808949655,0.8093391753830542,1.0000394453204269,0.8359572766454578,0.0,0.9838591860296272,1.198102807372512,1.3529120537456203,3.643673812226212,1.00033995882866,0.2823101738713379,0.469066379600821
466335.0,2635185.0,0.3333324626123284,1.0399551336347244,0.8052262877203168,1.0118405566155853,0.1811219408570024,1.0002565808949655,0.8093391753830542,1.0000394453204269,0.8359572766454578,0.3333328979722623,0.9838591860296272,1.2466998513365868,1.3529120537456203,0.0,1.00033995882866,0.2823101738713379,0.469066379600821
467535.0,2635185.0,0.3333324626123284,1.0399551336347244,0.9292850742314346,1.0118405566155853,0.6537459580982762,1.0002565808949655,1.186338422444426,1.0000394453204269,0.8359572766454578,0.3333328979722623,0.9838591860296272,0.7500965606764758,1.3529120537456203,0.8493735326902911,1.00033995882866,0.2823101738713379,0.469066379600821
468735.0,2635185.0,0.3333324626123284,1.0399551336347244,0.9292850742314346,1.0118405566155853,0.6537459580982762,1.0002565808949655,0.8093391753830542,1.0000394453204269,0.8359572766454578,0.3333328979722623,0.9838591860296272,0.0,0.0,0.8493735326902911,1.00033995882866,0.2823101738713379,0.469066379600821
469935.0,2635185.0,0.3333324626123284,1.0399551336347244,1.41919570500929,1.0118405566155853,0.6537459580982762,1.0002565808949655,0.8093391753830542,1.0000394453204269,0.8359572766454578,2.666670149564333,0.9838591860296272,0.7500965606764758,1.3529120537456203,0.8493735326902911,1.00033995882866,0.2823101738713379,0.469066379600821
471135.0,2635185.0,0.3333324626123284,1.0399551336347244,1.41919570500929,1.0118405566155853,0.1811219408570024,1.0002565808949655,1.186338422444426,1.0000394453204269,0.8359572766454578,1.9999973878335735,0.9838591860296272,1.7444769311303143,1.3529120537456203,0.8493735326902911,1.00033995882866,0.2823101738713379,0.469066379600821
472335.0,2635185.0,0.3333324626123284,1.0399551336347244,0.0,1.0118405566155853,0.1811219408570024,1.0002565808949655,0.8093391753830542,1.0000394453204269,1.044665284822479,2.666670149564333,0.9838591860296272,0.7500965606764758,0.7503490707331599,0.8493735326902911,1.00033995882866,0.2823101738713379,0.469066379600821
473535.0,2635185.0,0.3333324626123284,1.0399551336347244,0.9292850742314346,1.0118405566155853,0.7386828595768657,1.0002565808949655,0.8093391753830542,1.0000394453204269,1.044665284822479,1.9999973878335735,3.173995232666598,1.198102807372512,0.7503490707331599,0.8493735326902911,1.00033995882866,40.7927349061228,0.469066379600821
474735.0,2635185.0,0.3333324626123284,1.0399551336347244,0.8052262877203168,1.0118405566155853,0.6537459580982762,1.0002565808949655,0.8093391753830542,1.0000394453204269,1.044665284822479,1.9999973878335735,0.0,1.198102807372512,1.3529120537456203,3.643673812226212,1.00033995882866,1.8953159656210397,0.469066379600821
475935.0,2635185.0,0.3333324626123284,1.0399551336347244,1.41919570500929,1.0118405566155853,0.1811219408570024,1.0002565808949655,1.186338422444426,1.0000394453204269,1.044665284822479,2.666670149564333,1.0253001657841805,1.7444769311303143,1.3529120537456203,0.8493735326902911,1.00033995882866,0.2823101738713379,0.469066379600821
477135.0,2635185.0,0.3333324626123284,1.0399551336347244,0.9292850742314346,1.0118405566155853,0.1811219408570024,1.0002565808949655,0.8093391753830542,1.0000394453204269,1.044665284822479,2.666670149564333,1.0253001657841805,1.198102807372512,0.7503490707331599,0.8493735326902911,1.00033995882866,0.2823101738713379,0.469066379600821
478335.0,2635185.0,0.3333324626123284,1.0399551336347244,0.9292850742314346,1.0118405566155853,0.1811219408570024,1.0002565808949655,1.186338422444426,1.0000394453204269,1.044665284822479,0.3333328979722623,0.0,1.7444769311303143,1.3529120537456203,0.8493735326902911,1.00033995882866,0.2823101738713379,0.469066379600821
479535.0,2635185.0,0.3333324626123284,1.0399551336347244,0.8052262877203168,1.0118405566155853,3.1494459396812817,1.0002565808949655,0.8093391753830542,1.0000394453204269,1.044665284822479,2.666670149564333,0.0,1.2466998513365868,1.3529120537456203,0.0,1.00033995882866,0.2823101738713379,0.469066379600821
480735.0,2635185.0,2.6666666666666665,1.0399551336347244,0.8052262877203168,1.0118405566155853,0.1811219408570024,1.0002565808949655,0.8093391753830542,1.0000394453204269,1.044665284822479,0.3333328979722623,0.9838591860296272,0.0,0.0,0.8493735326902911,1.00033995882866,0.2823101738713379,0.469066379600821
481935.0,2635185.0,2.6666666666666665,1.0399551336347244,0.9292850742314346,1.0118405566155853,0.6537459580982762,1.0002565808949655,1.186338422444426,1.0000394453204269,1.044665284822479,0.3333328979722623,0.9838591860296272,1.198102807372512,1.3529120537456203,0.8493735326902911,1.00033995882866,0.2823101738713379,0.469066379600821
483135.0,2635185.0,2.6666666666666665,1.0399551336347244,0.8052262877203168,1.0118405566155853,0.6537459580982762,1.0002565808949655,0.8093391753830542,1.0000394453204269,1.044665284822479,2.666670149564333,0.9838591860296272,1.2466998513365868,1.3529120537456203,0.0,1.00033995882866,0.2823101738713379,0.469066379600821
484335.0,2635185.0,2.6666666666666665,1.0399551336347244,0.8052262877203168,1.0118405566155853,0.1811219408570024,1.0002565808949655,0.8093391753830542,1.0000394453204269,1.044665284822479,2.666670149564333,0.9838591860296272,1.2466998513365868,1.3529120537456203,0.0,1.00033995882866,0.2823101738713379,0.469066379600821
485535.0,2635185.0,2.6666666666666665,1.0399551336347244,0.9292850742314346,1.0118405566155853,0.1811219408570024,1.0002565808949655,0.8093391753830542,1.0000394453204269,1.044665284822479,1.9999973878335735,0.9838591860296272,1.198102807372512,0.7503490707331599,0.8493735326902911,1.00033995882866,0.2823101738713379,0.469066379600821
486735.0,2635185.0,2.6666666666666665,0.0,1.41919570500929,1.0118405566155853,0.7386828595768657,1.0002565808949655,1.186338422444426,1.0000394453204269,1.044665284822479,1.9999973878335735,0.9838591860296272,1.7444769311303143,1.3529120537456203,0.8493735326902911,1.00033995882866,0.2823101738713379,0.469066379600821
487935.0,2635185.0,2.6666666666666665,0.0,0.9292850742314346,1.0118405566155853,0.1811219408570024,1.0002565808949655,0.8093391753830542,1.0000394453204269,1.044665284822479,2.666670149564333,0.9838591860296272,1.7444769311303143,1.3529120537456203,0.8493735326902911,1.00033995882866,0.2823101738713379,0.469066379600821
489135.0,2635185.0,2.6666666666666665,0.0,0.8052262877203168,1.0118405566155853,0.6537459580982762,1.0002565808949655,0.8093391753830542,1.0000394453204269,1.044665284822479,2.666670149564333,0.9838591860296272,1.2466998513365868,1.3529120537456203,0.8493735326902911,1.00033995882866,0.2823101738713379,0.469066379600821
490335.0,2635185.0,2.6666666666666665,0.0,0.9292850742314346,1.0118405566155853,0.1811219408570024,1.0002565808949655,1.186338422444426,1.0000394453204269,1.044665284822479,2.666670149564333,0.9838591860296272,1.198102807372512,0.7503490707331599,0.8493735326902911,1.00033995882866,0.2823101738713379,0.469066379600821
491535.0,2635185.0,2.6666666666666665,0.0,0.9292850742314346,1.0118405566155853,0.6537459580982762,1.0002565808949655,1.186338422444426,1.0000394453204269,1.044665284822479,0.3333328979722623,0.9838591860296272,1.198102807372512,0.7503490707331599,0.8493735326902911,1.00033995882866,0.2823101738713379,0.469066379600821
492735.0,2635185.0,2.6666666666666665,1.0399551336347244,0.9292850742314346,0.0,0.7386828595768657,1.0002565808949655,0.8093391753830542,1.0000394453204269,1.044665284822479,1.9999973878335735,0.9838591860296272,1.198102807372512,0.7503490707331599,0.8493735326902911,1.00033995882866,0.2823101738713379,0.469066379600821
493935.0,2635185.0,1.0,1.0399551336347244,0.9292850742314346,0.0,3.1494459396812817,1.0002565808949655,1.186338422444426,1.0000394453204269,1.044665284822479,1.9999973878335735,0.9838591860296272,0.0,0.0,0.8493735326902911,1.00033995882866,0.2823101738713379,0.469066379600821
495135.0,2635185.0,1.0,1.0399551336347244,0.9292850742314346,1.0118405566155853,0.1811219408570024,1.0002565808949655,1.186338422444426,1.0000394453204269,1.044665284822479,0.3333328979722623,0.9838591860296272,0.0,0.0,0.8493735326902911,1.00033995882866,0.2823101738713379,0.469066379600821
496335.0,2635185.0,1.0,1.0399551336347244,0.8052262877203168,1.0118405566155853,0.1811219408570024,1.0002565808949655,1.186338422444426,1.0000394453204269,1.044665284822479,0.0,0.9838591860296272,0.0,0.0,0.8493735326902911,1.00033995882866,0.2823101738713379,0.469066379600821
497535.0,2635185.0,1.0,1.0399551336347244,0.9292850742314346,1.0118405566155853,0.7386828595768657,1.0002565808949655,0.8093391753830542,1.0000394453204269,1.044665284822479,0.3333328979722623,0.9838591860296272,1.198102807372512,0.7503490707331599,0.8493735326902911,1.00033995882866,0.2823101738713379,0.469066379600821
498735.0,2635185.0,1.0,1.0399551336347244,0.9292850742314346,1.0118405566155853,0.1811219408570024,1.0002565808949655,1.186338422444426,1.0000394453204269,1.044665284822479,0.0,0.9838591860296272,0.7500965606764758,1.3529120537456203,0.8493735326902911,1.00033995882866,0.2823101738713379,0.469066379600821
499935.0,2635185.0,1.0,1.0399551336347244,0.9292850742314346,1.0118405566155853,0.6537459580982762,1.0002565808949655,1.186338422444426,1.0000394453204269,1.044665284822479,0.0,0.9838591860296272,0.7500965606764758,1.3529120537456203,0.8493735326902911,1.00033995882866,0.2823101738713379,0.469066379600821
501135.0,2635185.0,1.0,1.0399551336347244,0.9292850742314346,1.0118405566155853,0.1811219408570024,1.0002565808949655,1.186338422444426,1.0000394453204269,1.044665284822479,0.0,0.9838591860296272,0.7500965606764758,1.3529120537456203,0.8493735326902911,1.00033995882866,0.2823101738713379,0.469066379600821
502335.0,2635185.0,1.0,1.0399551336347244,0.8052262877203168,1.0118405566155853,0.6537459580982762,1.0002565808949655,1.186338422444426,1.0000394453204269,1.044665284822479,0.0,0.9838591860296272,1.198102807372512,1.3529120537456203,3.643673812226212,1.00033995882866,0.2823101738713379,0.469066379600821
503535.0,2635185.0,1.0,1.0399551336347244,0.9292850742314346,1.0118405566155853,0.1811219408570024,1.0002565808949655,0.8093391753830542,1.0000394453204269,1.044665284822479,0.0,0.9838591860296272,1.198102807372512,0.7503490707331599,0.8493735326902911,1.00033995882866,1.8953159656210397,0.469066379600821
504735.0,2635185.0,1.0,1.0399551336347244,0.9292850742314346,1.0118405566155853,0.1811219408570024,1.0002565808949655,0.8093391753830542,1.0000394453204269,1.044665284822479,0.0,3.173995232666598,0.0,0.0,0.8493735326902911,1.00033995882866,0.2823101738713379,0.469066379600821
505935.0,2635185.0,1.0,1.0399551336347244,0.9292850742314346,1.0118405566155853,0.6537459580982762,1.0002565808949655,0.8093391753830542,1.0000394453204269,1.044665284822479,0.0,0.0,0.0,0.0,0.8493735326902911,1.00033995882866,1.8953159656210397,0.469066379600821
507135.0,2635185.0,1.0,1.0399551336347244,0.9292850742314346,1.0118405566155853,0.6537459580982762,1.0002565808949655,1.186338422444426,1.0000394453204269,1.044665284822479,0.0,1.0253001657841805,1.198102807372512,0.7503490707331599,0.8493735326902911,1.00033995882866,0.2823101738713379,0.469066379600821
508335.0,2635185.0,1.0,1.0399551336347244,1.41919570500929,1.0118405566155853,3.1494459396812817,1.0002565808949655,1.186338422444426,1.0000394453204269,1.044665284822479,0.0,1.0253001657841805,1.7444769311303143,1.3529120537456203,0.8493735326902911,1.00033995882866,0.2823101738713379,0.469066379600821
509535.0,2635185.0,1.0,1.0399551336347244,0.8052262877203168,0.0,0.7386828595768657,1.0002565808949655,1.186338422444426,1.0000394453204269,1.044665284822479,2.666670149564333,0.0,0.7500965606764758,1.3529120537456203,0.8493735326902911,1.00033995882866,0.2823101738713379,0.469066379600821
510735.0,2635185.0,1.0,1.0399551336347244,0.8052262877203168,1.0118405566155853,0.1811219408570024,1.0002565808949655,0.8093391753830542,1.0000394453204269,1.044665284822479,2.666670149564333,0.0,1.2466998513365868,1.3529120537456203,0.0,1.00033995882866,0.2823101738713379,0.469066379600821
511935.0,2635185.0,1.0,1.0399551336347244,0.9292850742314346,1.0118405566155853,0.1811219408570024,1.0002565808949655,1.186338422444426,1.0000394453204269,1.044665284822479,2.666670149564333,3.173995232666598,1.198102807372512,0.7503490707331599,0.8493735326902911,1.00033995882866,0.2823101738713379,0.469066379600821
513135.0,2635185.0,1.0,1.0399551336347244,1.41919570500929,1.0118405566155853,0.1811219408570024,1.0002565808949655,1.186338422444426,1.0000394453204269,1.044665284822479,0.3333328979722623,0.9838591860296272,0.7500965606764758,1.3529120537456203,0.8493735326902911,1.00033995882866,0.2823101738713379,0.469066379600821
465135.0,2633985.0,0.3333324626123284,1.0399551336347244,0.8052262877203168,1.0118405566155853,0.6537459580982762,1.0002565808949655,1.186338422444426,1.0000394453204269,0.8359572766454578,0.3333328979722623,0.9838591860296272,0.7500965606764758,1.3529120537456203,0.8493735326902911,1.00033995882866,0.2823101738713379,0.469066379600821
466335.0,2633985.0,0.3333324626123284,1.0399551336347244,0.8052262877203168,1.0118405566155853,0.1811219408570024,1.0002565808949655,1.186338422444426,1.0000394453204269,0.8359572766454578,0.3333328979722623,0.9838591860296272,0.7500965606764758,1.3529120537456203,0.8493735326902911,1.00033995882866,0.2823101738713379,0.469066379600821
467535.0,2633985.0,0.3333324626123284,1.0399551336347244,0.9292850742314346,1.0118405566155853,0.6537459580982762,1.0002565808949655,1.186338422444426,1.0000394453204269,0.8359572766454578,0.0,0.9838591860296272,0.7500965606764758,1.3529120537456203,0.8493735326902911,1.00033995882866,0.2823101738713379,0.469066379600821
468735.0,2633985.0,0.3333324626123284,1.0399551336347244,0.9292850742314346,1.0118405566155853,0.1811219408570024,1.0002565808949655,1.186338422444426,1.0000394453204269,0.8359572766454578,0.3333328979722623,0.9838591860296272,1.198102807372512,1.3529120537456203,0.8493735326902911,1.00033995882866,0.2823101738713379,0.469066379600821
469935.0,2633985.0,0.3333324626123284,1.0399551336347244,0.8052262877203168,1.0118405566155853,0.1811219408570024,1.0002565808949655,0.8093391753830542,1.0000394453204269,0.8359572766454578,2.666670149564333,0.9838591860296272,0.0,0.0,0.8493735326902911,1.00033995882866,0.2823101738713379,0.469066379600821
471135.0,2633985.0,0.3333324626123284,1.0399551336347244,1.41919570500929,1.0118405566155853,3.1494459396812817,1.0002565808949655,1.186338422444426,1.0000394453204269,0.8359572766454578,1.9999973878335735,0.9838591860296272,0.7500965606764758,0.7503490707331599,0.8493735326902911,1.00033995882866,0.2823101738713379,0.469066379600821
472335.0,2633985.0,0.3333324626123284,1.0399551336347244,1.41919570500929,1.0118405566155853,3.1494459396812817,1.0002565808949655,1.186338422444426,1.0000394453204269,1.044665284822479,2.666670149564333,0.9838591860296272,1.7444769311303143,1.3529120537456203,0.8493735326902911,1.00033995882866,0.2823101738713379,0.469066379600821
473535.0,2633985.0,0.3333324626123284,1.0399551336347244,0.9292850742314346,1.0118405566155853,3.1494459396812817,1.0002565808949655,1.186338422444426,1.0000394453204269,1.044665284822479,2.666670149564333,3.173995232666598,0.7500965606764758,1.3529120537456203,0.8493735326902911,1.00033995882866,1.8953159656210397,0.469066379600821
474735.0,2633985.0,0.3333324626123284,1.0399551336347244,0.9292850742314346,1.0118405566155853,0.1811219408570024,1.0002565808949655,1.186338422444426,1.0000394453204269,1.044665284822479,2.666670149564333,0.0,1.198102807372512,1.3529120537456203,0.8493735326902911,1.00033995882866,0.2823101738713379,0.469066379600821
475935.0,2633985.0,0.3333324626123284,1.0399551336347244,0.9292850742314346,1.0118405566155853,0.7386828595768657,1.0002565808949655,0.8093391753830542,1.0000394453204269,1.044665284822479,0.0,1.0253001657841805,1.198102807372512,0.7503490707331599,0.8493735326902911,1.00033995882866,0.2823101738713379,0.469066379600821
477135.0,2633985.0,0.3333324626123284,1.0399551336347244,0.8052262877203168,1.0118405566155853,0.1811219408570024,1.0002565808949655,1.186338422444426,1.0000394453204269,1.044665284822479,1.9999973878335735,1.0253001657841805,0.7500965606764758,1.3529120537456203,0.8493735326902911,1.00033995882866,0.2823101738713379,0.469066379600821
478335.0,2633985.0,0.3333324626123284,1.0399551336347244,0.9292850742314346,1.0118405566155853,0.1811219408570024,1.0002565808949655,1.186338422444426,1.0000394453204269,1.044665284822479,0.3333328979722623,0.0,1.198102807372512,0.7503490707331599,3.643673812226212,1.00033995882866,0.2823101738713379,0.469066379600821
479535.0,2633985.0,2.6666666666666665,1.0399551336347244,0.8052262877203168,1.0118405566155853,3.1494459396812817,1.0002565808949655,1.186338422444426,1.0000394453204269,1.044665284822479,2.666670149564333,0.0,1.198102807372512,1.3529120537456203,3.643673812226212,1.00033995882866,0.2823101738713379,0.469066379600821
480735.0,2633985.0,2.6666666666666665,1.0399551336347244,0.9292850742314346,1.0118405566155853,0.1811219408570024,1.0002565808949655,0.8093391753830542,1.0000394453204269,1.044665284822479,0.3333328979722623,0.9838591860296272,1.198102807372512,0.7503490707331599,0.8493735326902911,1.00033995882866,0.2823101738713379,0.469066379600821
481935.0,2633985.0,2.6666666666666665,1.0399551336347244,0.9292850742314346,1.0118405566155853,0.6537459580982762,1.0002565808949655,1.186338422444426,1.0000394453204269,1.044665284822479,0.3333328979722623,0.9838591860296272,1.7444769311303143,1.3529120537456203,0.8493735326902911,1.00033995882866,0.2823101738713379,0.469066379600821
483135.0,2633985.0,2.6666666666666665,1.0399551336347244,1.41919570500929,1.0118405566155853,3.1494459396812817,1.0002565808949655,1.186338422444426,1.0000394453204269,1.044665284822479,0.3333328979722623,0.9838591860296272,0.7500965606764758,1.3529120537456203,0.8493735326902911,1.00033995882866,0.2823101738713379,0.469066379600821
484335.0,2633985.0,2.6666666666666665,1.0399551336347244,0.9292850742314346,1.0118405566155853,0.1811219408570024,1.0002565808949655,1.186338422444426,1.0000394453204269,1.044665284822479,0.3333328979722623,0.9838591860296272,1.7444769311303143,1.3529120537456203,0.8493735326902911,1.00033995882866,0.2823101738713379,0.469066379600821
485535.0,2633985.0,2.6666666666666665,0.0,0.8052262877203168,1.0118405566155853,0.6537459580982762,1.0002565808949655,0.8093391753830542,1.0000394453204269,1.044665284822479,2.666670149564333,0.9838591860296272,1.7444769311303143,0.0,0.8493735326902911,1.00033995882866,0.2823101738713379,0.469066379600821
486735.0,2633985.0,2.6666666666666665,0.0,1.41919570500929,1.0118405566155853,0.6537459580982762,1.0002565808949655,1.186338422444426,1.0000394453204269,1.044665284822479,1.9999973878335735,0.9838591860296272,1.7444769311303143,1.3529120537456203,0.8493735326902911,1.00033995882866,0.2823101738713379,0.469066379600821
487935.0,2633985.0,2.6666666666666665,0.0,0.9292850742314346,1.0118405566155853,0.1811219408570024,1.0002565808949655,0.8093391753830542,1.0000394453204269,1.044665284822479,2.666670149564333,0.9838591860296272,1.198102807372512,0.7503490707331599,0.8493735326902911,1.00033995882866,0.2823101738713379,0.469066379600821
489135.0,2633985.0,2.6666666666666665,0.0,1.41919570500929,1.0118405566155853,0.7386828595768657,1.0002565808949655,0.8093391753830542,1.0000394453204269,1.044665284822479,2.666670149564333,0.9838591860296272,0.7500965606764758,1.3529120537456203,0.8493735326902911,1.00033995882866,0.2823101738713379,0.469066379600821
490335.0,2633985.0,2.6666666666666665,0.0,0.9292850742314346,1.0118405566155853,0.1811219408570024,1.0002565808949655,1.186338422444426,1.0000394453204269,1.044665284822479,0.3333328979722623,0.9838591860296272,1.198102807372512,0.7503490707331599,0.8493735326902911,1.00033995882866,0.2823101738713379,0.469066379600821
491535.0,2633985.0,2.6666666666666665,0.0,0.9292850742314346,1.0118405566155853,0.1811219408570024,1.0002565808949655,1.186338422444426,1.0000394453204269,1.044665284822479,0.3333328979722623,0.9838591860296272,1.198102807372512,0.7503490707331599,0.8493735326902911,1.00033995882866,0.2823101738713379,0.469066379600821
492735.0,2633985.0,1.0,1.0399551336347244,1.41919570500929,1.0118405566155853,3.1494459396812817,1.0002565808949655,1.186338422444426,1.0000394453204269,1.044665284822479,2.666670149564333,0.9838591860296272,1.7444769311303143,1.3529120537456203,0.8493735326902911,1.00033995882866,0.2823101738713379,0.469066379600821
493935.0,2633985.0,1.0,1.0399551336347244,0.9292850742314346,0.0,0.7386828595768657,1.0002565808949655,1.186338422444426,1.0000394453204269,1.044665284822479,1.9999973878335735,0.9838591860296272,1.198102807372512,0.7503490707331599,0.8493735326902911,1.00033995882866,0.2823101738713379,0.469066379600821
495135.0,2633985.0,1.0,1.0399551336347244,0.9292850742314346,1.0118405566155853,0.1811219408570024,1.0002565808949655,1.186338422444426,1.0000394453204269,1.044665284822479,2.666670149564333,0.9838591860296272,0.7500965606764758,1.3529120537456203,0.8493735326902911,1.00033995882866,0.2823101738713379,0.469066379600821
496335.0,2633985.0,1.0,1.0399551336347244,0.8052262877203168,1.0118405566155853,3.1494459396812817,1.0002565808949655,0.8093391753830542,1.0000394453204269,1.044665284822479,2.666670149564333,0.9838591860296272,1.2466998513365868,1.3529120537456203,0.0,1.00033995882866,40.7927349061228,0.469066379600821
497535.0,2633985.0,1.0,1.0399551336347244,0.9292850742314346,1.0118405566155853,3.1494459396812817,1.0002565808949655,1.186338422444426,1.0000394453204269,1.044665284822479,0.3333328979722623,0.9838591860296272,1.198102807372512,0.7503490707331599,0.8493735326902911,1.00033995882866,0.2823101738713379,0.469066379600821
498735.0,2633985.0,1.0,1.0399551336347244,1.41919570500929,1.0118405566155853,3.1494459396812817,1.0002565808949655,1.186338422444426,1.0000394453204269,1.044665284822479,0.0,0.9838591860296272,0.0,1.3529120537456203,0.8493735326902911,1.00033995882866,1.8953159656210397,0.469066379600821
499935.0,2633985.0,1.0,1.0399551336347244,0.9292850742314346,1.0118405566155853,0.1811219408570024,1.0002565808949655,1.186338422444426,1.0000394453204269,1.044665284822479,0.0,0.9838591860296272,1.198102807372512,0.7503490707331599,0.8493735326902911,1.00033995882866,0.2823101738713379,0.469066379600821
501135.0,2633985.0,1.0,1.0399551336347244,0.9292850742314346,1.0118405566155853,0.1811219408570024,1.0002565808949655,1.186338422444426,1.0000394453204269,1.044665284822479,0.0,0.9838591860296272,0.0,1.3529120537456203,0.8493735326902911,1.00033995882866,0.2823101738713379,0.469066379600821
502335.0,2633985.0,1.0,1.0399551336347244,0.9292850742314346,1.0118405566155853,0.1811219408570024,1.0002565808949655,0.8093391753830542,1.0000394453204269,1.044665284822479,0.0,0.9838591860296272,0.0,0.0,0.8493735326902911,1.00033995882866,0.2823101738713379,0.469066379600821
503535.0,2633985.0,1.0,1.0399551336347244,0.9292850742314346,1.0118405566155853,0.6537459580982762,1.0002565808949655,1.186338422444426,1.0000394453204269,1.044665284822479,0.0,0.9838591860296272,0.0,0.0,0.8493735326902911,1.00033995882866,0.2823101738713379,0.469066379600821
504735.0,2633985.0,1.0,1.0399551336347244,0.9292850742314346,1.0118405566155853,0.1811219408570024,1.0002565808949655,0.8093391753830542,1.0000394453204269,1.044665284822479,0.0,0.0,1.198102807372512,0.7503490707331599,3.643673812226212,1.00033995882866,0.2823101738713379,0.469066379600821
505935.0,2633985.0,1.0,1.0399551336347244,0.9292850742314346,1.0118405566155853,0.1811219408570024,1.0002565808949655,1.186338422444426,1.0000394453204269,1.044665284822479,0.0,0.0,1.198102807372512,0.7503490707331599,0.8493735326902911,1.00033995882866,0.2823101738713379,0.469066379600821
507135.0,2633985.0,1.0,1.0399551336347244,1.41919570500929,1.0118405566155853,3.1494459396812817,1.0002565808949655,1.186338422444426,1.0000394453204269,1.044665284822479,0.0,1.0253001657841805,0.7500965606764758,1.3529120537456203,0.8493735326902911,1.00033995882866,0.2823101738713379,0.469066379600821
508335.0,2633985.0,1.0,1.0399551336347244,1.41919570500929,1.0118405566155853,3.1494459396812817,1.0002565808949655,1.186338422444426,1.0000394453204269,1.044665284822479,0.3333328979722623,1.0253001657841805,0.7500965606764758,0.7503490707331599,0.8493735326902911,1.00033995882866,0.2823101738713379,0.469066379600821
509535.0,2633985.0,1.0,1.0399551336347244,0.9292850742314346,0.0,0.0,1.0002565808949655,0.8093391753830542,1.0000394453204269,1.044665284822479,2.666670149564333,0.0,0.7500965606764758,1.3529120537456203,0.8493735326902911,1.00033995882866,0.2823101738713379,0.469066379600821
510735.0,2633985.0,1.0,1.0399551336347244,0.8052262877203168,1.0118405566155853,0.6537459580982762,1.0002565808949655,1.186338422444426,1.0000394453204269,1.044665284822479,2.666670149564333,0.0,1.2466998513365868,1.3529120537456203,0.0,1.00033995882866,0.2823101738713379,0.469066379600821
462735.0,2632785.0,0.3333324626123284,1.0399551336347244,0.9292850742314346,1.0118405566155853,3.1494459396812817,1.0002565808949655,1.186338422444426,1.0000394453204269,1.044665284822479,0.0,0.9838591860296272,1.198102807372512,0.7503490707331599,0.8493735326902911,1.00033995882866,0.2823101738713379,0.469066379600821
463935.0,2632785.0,0.3333324626123284,1.0399551336347244,0.8052262877203168,1.0118405566155853,0.1811219408570024,1.0002565808949655,0.8093391753830542,1.0000394453204269,0.8359572766454578,0.0,0.9838591860296272,1.2466998513365868,1.3529120537456203,0.0,1.00033995882866,0.2823101738713379,0.469066379600821
465135.0,2632785.0,0.3333324626123284,1.0399551336347244,0.8052262877203168,1.0118405566155853,0.6537459580982762,1.0002565808949655,1.186338422444426,1.0000394453204269,0.8359572766454578,0.3333328979722623,0.9838591860296272,0.7500965606764758,1.3529120537456203,0.8493735326902911,1.00033995882866,0.2823101738713379,0.469066379600821
466335.0,2632785.0,0.3333324626123284,1.0399551336347244,0.9292850742314346,1.0118405566155853,0.1811219408570024,1.0002565808949655,1.186338422444426,1.0000394453204269,0.8359572766454578,0.0,0.9838591860296272,1.7444769311303143,1.3529120537456203,0.8493735326902911,1.00033995882866,0.2823101738713379,0.469066379600821
467535.0,2632785.0,0.3333324626123284,1.0399551336347244,0.9292850742314346,1.0118405566155853,0.1811219408570024,1.0002565808949655,0.8093391753830542,1.0000394453204269,0.8359572766454578,0.0,0.9838591860296272,0.7500965606764758,1.3529120537456203,0.8493735326902911,1.00033995882866,0.2823101738713379,0.469066379600821
468735.0,2632785.0,0.3333324626123284,1.0399551336347244,0.9292850742314346,1.0118405566155853,3.1494459396812817,1.0002565808949655,0.8093391753830542,1.0000394453204269,0.8359572766454578,2.666670149564333,0.9838591860296272,1.198102807372512,0.7503490707331599,3.643673812226212,1.00033995882866,0.2823101738713379,0.469066379600821
469935.0,2632785.0,0.3333324626123284,1.0399551336347244,0.9292850742314346,1.0118405566155853,3.1494459396812817,1.0002565808949655,0.8093391753830542,1.0000394453204269,0.8359572766454578,1.9999973878335735,0.9838591860296272,1.198102807372512,0.7503490707331599,0.8493735326902911,1.00033995882866,0.2823101738713379,0.469066379600821
471135.0,2632785.0,0.3333324626123284,1.0399551336347244,0.9292850742314346,1.0118405566155853,0.6537459580982762,1.0002565808949655,1.186338422444426,1.0000394453204269,0.8359572766454578,1.9999973878335735,0.9838591860296272,1.198102807372512,1.3529120537456203,0.8493735326902911,1.00033995882866,0.2823101738713379,0.469066379600821
472335.0,2632785.0,0.3333324626123284,1.0399551336347244,0.9292850742314346,1.0118405566155853,3.1494459396812817,1.0002565808949655,0.8093391753830542,1.0000394453204269,1.044665284822479,1.9999973878335735,0.9838591860296272,1.198102807372512,0.7503490707331599,0.8493735326902911,1.00033995882866,0.2823101738713379,0.469066379600821
473535.0,2632785.0,0.3333324626123284,1.0399551336347244,1.41919570500929,1.0118405566155853,0.1811219408570024,1.0002565808949655,0.8093391753830542,1.0000394453204269,1.044665284822479,2.666670149564333,3.173995232666598,0.7500965606764758,0.7503490707331599,0.8493735326902911,1.00033995882866,0.2823101738713379,0.469066379600821
474735.0,2632785.0,0.3333324626123284,1.0399551336347244,0.8052262877203168,1.0118405566155853,3.1494459396812817,1.0002565808949655,1.186338422444426,1.0000394453204269,1.044665284822479,1.9999973878335735,0.0,1.198102807372512,1.3529120537456203,3.643673812226212,1.00033995882866,0.2823101738713379,0.469066379600821
475935.0,2632785.0,0.3333324626123284,1.0399551336347244,1.41919570500929,1.0118405566155853,0.6537459580982762,1.0002565808949655,1.186338422444426,1.0000394453204269,1.044665284822479,1.9999973878335735,1.0253001657841805,0.7500965606764758,0.7503490707331599,0.8493735326902911,1.00033995882866,0.2823101738713379,0.469066379600821
477135.0,2632785.0,0.3333324626123284,1.0399551336347244,0.9292850742314346,1.0118405566155853,0.6537459580982762,1.0002565808949655,0.8093391753830542,1.0000394453204269,1.044665284822479,2.666670149564333,1.0253001657841805,1.198102807372512,0.7503490707331599,0.8493735326902911,1.00033995882866,0.2823101738713379,0.469066379600821
478335.0,2632785.0,0.3333324626123284,1.0399551336347244,0.9292850742314346,1.0118405566155853,0.6537459580982762,1.0002565808949655,0.8093391753830542,1.0000394453204269,1.044665284822479,1.9999973878335735,0.0,1.198102807372512,0.7503490707331599,3.643673812226212,1.00033995882866,0.2823101738713379,0.469066379600821
479535.0,2632785.0,2.6666666666666665,1.0399551336347244,0.9292850742314346,1.0118405566155853,0.6537459580982762,1.0002565808949655,0.8093391753830542,1.0000394453204269,1.044665284822479,2.666670149564333,0.0,1.198102807372512,0.7503490707331599,0.8493735326902911,1.00033995882866,0.2823101738713379,0.469066379600821
480735.0,2632785.0,2.6666666666666665,1.0399551336347244,0.9292850742314346,1.0118405566155853,0.6537459580982762,1.0002565808949655,1.186338422444426,1.0000394453204269,1.044665284822479,0.3333328979722623,0.9838591860296272,0.7500965606764758,1.3529120537456203,0.8493735326902911,1.00033995882866,0.2823101738713379,0.469066379600821
481935.0,2632785.0,2.6666666666666665,1.0399551336347244,1.41919570500929,1.0118405566155853,0.1811219408570024,1.0002565808949655,0.8093391753830542,1.0000394453204269,1.044665284822479,0.3333328979722623,0.9838591860296272,0.7500965606764758,1.3529120537456203,0.8493735326902911,1.00033995882866,0.2823101738713379,0.469066379600821
483135.0,2632785.0,2.6666666666666665,1.0399551336347244,0.8052262877203168,1.0118405566155853,3.1494459396812817,1.0002565808949655,0.8093391753830542,1.0000394453204269,1.044665284822479,0.3333328979722623,0.9838591860296272,1.2466998513365868,1.3529120537456203,0.0,1.00033995882866,0.2823101738713379,0.469066379600821
484335.0,2632785.0,2.6666666666666665,0.0,0.9292850742314346,1.0118405566155853,0.1811219408570024,1.0002565808949655,1.186338422444426,1.0000394453204269,1.044665284822479,0.3333328979722623,0.9838591860296272,1.198102807372512,0.7503490707331599,0.8493735326902911,1.00033995882866,0.2823101738713379,0.469066379600821
485535.0,2632785.0,2.6666666666666665,0.0,1.41919570500929,1.0118405566155853,0.1811219408570024,1.0002565808949655,0.8093391753830542,1.0000394453204269,1.044665284822479,2.666670149564333,0.9838591860296272,0.7500965606764758,0.7503490707331599,0.8493735326902911,1.00033995882866,0.2823101738713379,0.469066379600821
486735.0,2632785.0,2.6666666666666665,0.0,1.41919570500929,1.0118405566155853,0.1811219408570024,1.0002565808949655,0.8093391753830542,1.0000394453204269,1.044665284822479,1.9999973878335735,0.9838591860296272,0.7500965606764758,0.7503490707331599,0.8493735326902911,1.00033995882866,0.2823101738713379,0.469066379600821
487935.0,2632785.0,2.6666666666666665,0.0,1.41919570500929,1.0118405566155853,0.1811219408570024,1.0002565808949655,1.186338422444426,1.0000394453204269,1.044665284822479,2.666670149564333,0.9838591860296272,1.7444769311303143,0.7503490707331599,0.8493735326902911,1.00033995882866,0.2823101738713379,0.469066379600821
489135.0,2632785.0,1.0,0.0,0.8052262877203168,1.0118405566155853,0.6537459580982762,1.0002565808949655,0.8093391753830542,1.0000394453204269,1.044665284822479,2.666670149564333,0.9838591860296272,1.198102807372512,1.3529120537456203,0.8493735326902911,1.00033995882866,0.2823101738713379,0.469066379600821
490335.0,2632785.0,1.0,0.0,1.41919570500929,1.0118405566155853,0.6537459580982762,1.0002565808949655,0.8093391753830542,1.0000394453204269,1.044665284822479,0.3333328979722623,0.9838591860296272,0.7500965606764758,0.7503490707331599,0.8493735326902911,1.00033995882866,0.2823101738713379,0.469066379600821
491535.0,2632785.0,1.0,0.0,0.8052262877203168,1.0118405566155853,0.1811219408570024,1.0002565808949655,0.8093391753830542,1.0000394453204269,1.044665284822479,0.3333328979722623,0.9838591860296272,0.0,0.0,0.8493735326902911,1.00033995882866,0.2823101738713379,0.469066379600821
492735.0,2632785.0,1.0,0.0,0.9292850742314346,1.0118405566155853,0.1811219408570024,1.0002565808949655,0.8093391753830542,1.0000394453204269,1.044665284822479,1.9999973878335735,0.9838591860296272,0.7500965606764758,1.3529120537456203,0.8493735326902911,1.00033995882866,0.2823101738713379,0.469066379600821
493935.0,2632785.0,1.0,1.0399551336347244,0.8052262877203168,0.0,0.7386828595768657,1.0002565808949655,1.186338422444426,1.0000394453204269,1.044665284822479,0.0,0.9838591860296272,0.0,0.0,0.8493735326902911,1.00033995882866,0.2823101738713379,0.469066379600821
495135.0,2632785.0,1.0,1.0399551336347244,0.9292850742314346,1.0118405566155853,3.1494459396812817,1.0002565808949655,0.8093391753830542,1.0000394453204269,1.044665284822479,1.9999973878335735,0.9838591860296272,0.0,0.0,0.8493735326902911,1.00033995882866,0.2823101738713379,0.469066379600821
496335.0,2632785.0,1.0,1.0399551336347244,0.9292850742314346,1.0118405566155853,0.6537459580982762,1.0002565808949655,1.186338422444426,1.0000394453204269,1.044665284822479,2.666670149564333,0.9838591860296272,0.0,0.0,0.8493735326902911,1.00033995882866,0.2823101738713379,0.469066379600821
497535.0,2632785.0,1.0,1.0399551336347244,0.9292850742314346,1.0118405566155853,0.6537459580982762,1.0002565808949655,0.8093391753830542,1.0000394453204269,1.044665284822479,0.3333328979722623,0.9838591860296272,1.198102807372512,0.7503490707331599,0.8493735326902911,1.00033995882866,0.2823101738713379,0.469066379600821
498735.0,2632785.0,1.0,1.0399551336347244,0.9292850742314346,1.0118405566155853,0.6537459580982762,1.0002565808949655,1.186338422444426,1.0000394453204269,1.044665284822479,0.0,0.9838591860296272,1.198102807372512,1.3529120537456203,0.8493735326902911,1.00033995882866,0.2823101738713379,0.469066379600821
499935.0,2632785.0,1.0,1.0399551336347244,1.41919570500929,1.0118405566155853,0.6537459580982762,1.0002565808949655,1.186338422444426,1.0000394453204269,1.044665284822479,0.0,0.9838591860296272,1.7444769311303143,0.7503490707331599,0.8493735326902911,1.00033995882866,0.2823101738713379,0.469066379600821
501135.0,2632785.0,1.0,1.0399551336347244,0.8052262877203168,1.0118405566155853,0.1811219408570024,1.0002565808949655,1.186338422444426,1.0000394453204269,1.044665284822479,0.0,0.9838591860296272,1.198102807372512,1.3529120537456203,0.8493735326902911,1.00033995882866,0.2823101738713379,0.469066379600821
502335.0,2632785.0,1.0,1.0399551336347244,0.9292850742314346,1.0118405566155853,3.1494459396812817,1.0002565808949655,0.8093391753830542,1.0000394453204269,1.044665284822479,0.0,0.9838591860296272,0.7500965606764758,1.3529120537456203,0.8493735326902911,1.00033995882866,0.2823101738713379,0.469066379600821
503535.0,2632785.0,1.0,1.0399551336347244,0.9292850742314346,1.0118405566155853,3.1494459396812817,1.0002565808949655,0.8093391753830542,1.0000394453204269,1.044665284822479,0.0,3.173995232666598,1.198102807372512,0.7503490707331599,0.8493735326902911,1.00033995882866,0.2823101738713379,0.469066379600821
504735.0,2632785.0,1.0,1.0399551336347244,0.8052262877203168,1.0118405566155853,0.6537459580982762,1.0002565808949655,0.8093391753830542,1.0000394453204269,1.044665284822479,0.0,0.0,0.0,0.0,0.8493735326902911,1.00033995882866,0.2823101738713379,0.469066379600821
505935.0,2632785.0,1.0,1.0399551336347244,0.9292850742314346,1.0118405566155853,0.1811219408570024,1.0002565808949655,0.8093391753830542,1.0000394453204269,1.044665284822479,0.0,0.0,1.7444769311303143,1.3529120537456203,0.8493735326902911,1.00033995882866,0.2823101738713379,0.469066379600821
507135.0,2632785.0,1.0,1.0399551336347244,0.9292850742314346,1.0118405566155853,0.6537459580982762,1.0002565808949655,0.8093391753830542,1.0000394453204269,1.044665284822479,0.0,1.0253001657841805,1.198102807372512,0.7503490707331599,0.8493735326902911,1.00033995882866,1.8953159656210397,0.469066379600821
508335.0,2632785.0,1.0,1.0399551336347244,0.9292850742314346,1.0118405566155853,3.1494459396812817,1.0002565808949655,1.186338422444426,1.0000394453204269,1.044665284822479,2.666670149564333,1.0253001657841805,0.7500965606764758,1.3529120537456203,0.8493735326902911,1.00033995882866,0.2823101738713379,0.469066379600821
509535.0,2632785.0,1.0,1.0399551336347244,1.41919570500929,1.0118405566155853,0.7386828595768657,1.0002565808949655,1.186338422444426,1.0000394453204269,1.044665284822479,1.9999973878335735,0.0,0.7500965606764758,0.7503490707331599,0.8493735326902911,1.00033995882866,0.2823101738713379,0.469066379600821
463935.0,2631585.0,0.3333324626123284,1.0399551336347244,0.8052262877203168,1.0118405566155853,3.1494459396812817,1.0002565808949655,0.8093391753830542,1.0000394453204269,1.044665284822479,0.0,0.9838591860296272,1.198102807372512,1.3529120537456203,0.8493735326902911,1.00033995882866,0.2823101738713379,0.469066379600821
465135.0,2631585.0,0.3333324626123284,1.0399551336347244,0.8052262877203168,1.0118405566155853,3.1494459396812817,1.0002565808949655,0.8093391753830542,1.0000394453204269,0.8359572766454578,0.0,0.9838591860296272,0.7500965606764758,0.0,0.8493735326902911,1.00033995882866,0.2823101738713379,0.469066379600821
466335.0,2631585.0,0.3333324626123284,1.0399551336347244,0.9292850742314346,1.0118405566155853,0.1811219408570024,1.0002565808949655,1.186338422444426,1.0000394453204269,0.8359572766454578,0.3333328979722623,0.9838591860296272,0.0,1.3529120537456203,0.8493735326902911,1.00033995882866,0.2823101738713379,0.469066379600821
467535.0,2631585.0,0.3333324626123284,1.0399551336347244,0.9292850742314346,1.0118405566155853,3.1494459396812817,1.0002565808949655,0.8093391753830542,1.0000394453204269,0.8359572766454578,0.3333328979722623,0.9838591860296272,1.198102807372512,0.7503490707331599,0.8493735326902911,1.00033995882866,0.2823101738713379,0.469066379600821
468735.0,2631585.0,0.3333324626123284,1.0399551336347244,0.9292850742314346,1.0118405566155853,0.6537459580982762,1.0002565808949655,0.8093391753830542,1.0000394453204269,0.8359572766454578,0.3333328979722623,0.9838591860296272,1.198102807372512,0.7503490707331599,0.8493735326902911,1.00033995882866,0.2823101738713379,0.469066379600821
469935.0,2631585.0,0.3333324626123284,1.0399551336347244,0.8052262877203168,1.0118405566155853,0.1811219408570024,1.0002565808949655,0.8093391753830542,1.0000394453204269,0.8359572766454578,1.9999973878335735,0.9838591860296272,1.198102807372512,1.3529120537456203,0.8493735326902911,1.00033995882866,0.2823101738713379,0.469066379600821
471135.0,2631585.0,0.3333324626123284,1.0399551336347244,0.9292850742314346,1.0118405566155853,0.1811219408570024,1.0002565808949655,1.186338422444426,1.0000394453204269,0.8359572766454578,1.9999973878335735,0.9838591860296272,1.198102807372512,0.7503490707331599,0.8493735326902911,1.00033995882866,0.2823101738713379,0.469066379600821
472335.0,2631585.0,0.3333324626123284,1.0399551336347244,0.9292850742314346,1.0118405566155853,0.0,1.0002565808949655,0.8093391753830542,1.0000394453204269,1.044665284822479,0.0,0.9838591860296272,1.198102807372512,0.7503490707331599,0.8493735326902911,1.00033995882866,40.7927349061228,0.469066379600821
473535.0,2631585.0,0.3333324626123284,1.0399551336347244,0.9292850742314346,1.0118405566155853,0.6537459580982762,1.0002565808949655,1.186338422444426,1.0000394453204269,1.044665284822479,2.666670149564333,3.173995232666598,0.7500965606764758,1.3529120537456203,0.8493735326902911,1.00033995882866,0.2823101738713379,0.469066379600821
474735.0,2631585.0,0.3333324626123284,1.0399551336347244,0.9292850742314346,1.0118405566155853,0.1811219408570024,1.0002565808949655,1.186338422444426,1.0000394453204269,1.044665284822479,1.9999973878335735,0.0,0.7500965606764758,1.3529120537456203,0.8493735326902911,1.00033995882866,0.2823101738713379,0.469066379600821
475935.0,2631585.0,0.3333324626123284,1.0399551336347244,1.41919570500929,1.0118405566155853,0.1811219408570024,1.0002565808949655,0.8093391753830542,1.0000394453204269,1.044665284822479,1.9999973878335735,1.0253001657841805,0.7500965606764758,0.7503490707331599,0.8493735326902911,1.00033995882866,0.2823101738713379,0.469066379600821
477135.0,2631585.0,0.3333324626123284,1.0399551336347244,0.9292850742314346,1.0118405566155853,3.1494459396812817,1.0002565808949655,0.8093391753830542,1.0000394453204269,1.044665284822479,2.666670149564333,1.0253001657841805,0.7500965606764758,1.3529120537456203,0.8493735326902911,1.00033995882866,0.2823101738713379,0.469066379600821
478335.0,2631585.0,0.3333324626123284,1.0399551336347244,1.41919570500929,1.0118405566155853,3.1494459396812817,1.0002565808949655,1.186338422444426,1.0000394453204269,1.044665284822479,2.666670149564333,0.0,0.7500965606764758,0.7503490707331599,0.8493735326902911,1.00033995882866,0.2823101738713379,0.469066379600821
479535.0,2631585.0,2.6666666666666665,1.0399551336347244,0.9292850742314346,1.0118405566155853,0.1811219408570024,1.0002565808949655,1.186338422444426,1.0000394453204269,1.044665284822479,0.3333328979722623,0.0,0.7500965606764758,1.3529120537456203,0.8493735326902911,1.00033995882866,0.2823101738713379,0.469066379600821
480735.0,2631585.0,2.6666666666666665,1.0399551336347244,1.41919570500929,1.0118405566155853,0.6537459580982762,1.0002565808949655,0.8093391753830542,1.0000394453204269,1.044665284822479,2.666670149564333,3.173995232666598,1.198102807372512,0.7503490707331599,0.8493735326902911,1.00033995882866,0.2823101738713379,0.469066379600821
481935.0,2631585.0,2.6666666666666665,1.0399551336347244,0.9292850742314346,1.0118405566155853,0.6537459580982762,1.0002565808949655,0.8093391753830542,1.0000394453204269,1.044665284822479,2.666670149564333,0.9838591860296272,1.198102807372512,0.7503490707331599,0.8493735326902911,1.00033995882866,0.2823101738713379,0.469066379600821
483135.0,2631585.0,2.6666666666666665,0.0,0.8052262877203168,1.0118405566155853,3.1494459396812817,1.0002565808949655,0.8093391753830542,1.0000394453204269,1.044665284822479,0.3333328979722623,0.9838591860296272,1.2466998513365868,1.3529120537456203,0.0,1.00033995882866,0.2823101738713379,0.469066379600821
484335.0,2631585.0,1.0,0.0,1.41919570500929,1.0118405566155853,0.6537459580982762,1.0002565808949655,1.186338422444426,1.0000394453204269,1.044665284822479,0.3333328979722623,0.9838591860296272,0.7500965606764758,0.7503490707331599,0.8493735326902911,1.00033995882866,0.2823101738713379,0.469066379600821
485535.0,2631585.0,1.0,0.0,0.8052262877203168,1.0118405566155853,0.1811219408570024,1.0002565808949655,0.8093391753830542,1.0000394453204269,1.044665284822479,0.3333328979722623,0.9838591860296272,1.198102807372512,1.3529120537456203,3.643673812226212,1.00033995882866,0.2823101738713379,0.469066379600821
486735.0,2631585.0,1.0,0.0,0.9292850742314346,1.0118405566155853,0.7386828595768657,1.0002565808949655,0.8093391753830542,1.0000394453204269,1.044665284822479,1.9999973878335735,0.9838591860296272,1.198102807372512,0.7503490707331599,0.8493735326902911,1.00033995882866,0.2823101738713379,0.469066379600821
487935.0,2631585.0,1.0,0.0,0.9292850742314346,1.0118405566155853,0.6537459580982762,1.0002565808949655,1.186338422444426,1.0000394453204269,1.044665284822479,1.9999973878335735,0.9838591860296272,0.7500965606764758,1.3529120537456203,0.8493735326902911,1.00033995882866,0.2823101738713379,0.469066379600821
489135.0,2631585.0,1.0,0.0,0.8052262877203168,1.0118405566155853,0.1811219408570024,1.0002565808949655,0.8093391753830542,1.0000394453204269,1.044665284822479,0.3333328979722623,0.9838591860296272,0.0,0.0,0.8493735326902911,1.00033995882866,0.2823101738713379,0.469066379600821
490335.0,2631585.0,1.0,0.0,1.41919570500929,1.0118405566155853,0.1811219408570024,1.0002565808949655,1.186338422444426,1.0000394453204269,1.044665284822479,2.666670149564333,0.9838591860296272,0.0,1.3529120537456203,0.8493735326902911,1.00033995882866,0.2823101738713379,0.469066379600821
491535.0,2631585.0,1.0,0.0,0.9292850742314346,1.0118405566155853,3.1494459396812817,1.0002565808949655,1.186338422444426,1.0000394453204269,1.044665284822479,1.9999973878335735,0.9838591860296272,0.7500965606764758,1.3529120537456203,0.8493735326902911,1.00033995882866,1.8953159656210397,0.469066379600821
492735.0,2631585.0,1.0,0.0,0.9292850742314346,1.0118405566155853,0.6537459580982762,1.0002565808949655,1.186338422444426,1.0000394453204269,1.044665284822479,0.0,0.9838591860296272,0.0,0.0,0.8493735326902911,1.00033995882866,1.8953159656210397,0.469066379600821
493935.0,2631585.0,1.0,1.0399551336347244,0.8052262877203168,0.0,0.0,1.0002565808949655,0.8093391753830542,1.0000394453204269,1.044665284822479,0.0,0.9838591860296272,1.198102807372512,0.7503490707331599,3.643673812226212,1.00033995882866,0.2823101738713379,0.469066379600821
495135.0,2631585.0,1.0,1.0399551336347244,0.9292850742314346,0.0,3.1494459396812817,1.0002565808949655,1.186338422444426,1.0000394453204269,1.044665284822479,1.9999973878335735,0.9838591860296272,1.7444769311303143,1.3529120537456203,0.8493735326902911,1.00033995882866,0.2823101738713379,0.469066379600821
496335.0,2631585.0,1.0,1.0399551336347244,0.9292850742314346,1.0118405566155853,0.6537459580982762,1.0002565808949655,1.186338422444426,1.0000394453204269,1.044665284822479,2.666670149564333,0.9838591860296272,0.7500965606764758,1.3529120537456203,0.8493735326902911,1.00033995882866,0.2823101738713379,0.469066379600821
497535.0,2631585.0,1.0,1.0399551336347244,0.8052262877203168,1.0118405566155853,0.1811219408570024,1.0002565808949655,0.8093391753830542,1.0000394453204269,1.044665284822479,0.0,0.9838591860296272,1.198102807372512,1.3529120537456203,0.0,1.00033995882866,0.2823101738713379,0.469066379600821
498735.0,2631585.0,1.0,1.0399551336347244,0.9292850742314346,1.0118405566155853,0.1811219408570024,1.0002565808949655,1.186338422444426,1.0000394453204269,1.044665284822479,0.3333328979722623,0.9838591860296272,0.7500965606764758,1.3529120537456203,0.8493735326902911,1.00033995882866,1.8953159656210397,0.469066379600821
499935.0,2631585.0,1.0,1.0399551336347244,0.8052262877203168,1.0118405566155853,3.1494459396812817,1.0002565808949655,0.8093391753830542,1.0000394453204269,1.044665284822479,0.0,0.9838591860296272,1.198102807372512,1.3529120537456203,3.643673812226212,1.00033995882866,0.2823101738713379,0.469066379600821
501135.0,2631585.0,1.0,1.0399551336347244,0.9292850742314346,1.0118405566155853,0.1811219408570024,1.0002565808949655,0.8093391753830542,1.0000394453204269,1.044665284822479,0.0,0.9838591860296272,1.198102807372512,0.7503490707331599,0.8493735326902911,1.00033995882866,0.2823101738713379,0.469066379600821
502335.0,2631585.0,1.0,1.0399551336347244,0.9292850742314346,1.0118405566155853,0.1811219408570024,1.0002565808949655,0.8093391753830542,1.0000394453204269,1.044665284822479,0.0,0.9838591860296272,0.7500965606764758,1.3529120537456203,0.8493735326902911,1.00033995882866,0.2823101738713379,0.469066379600821
503535.0,2631585.0,1.0,1.0399551336347244,0.9292850742314346,1.0118405566155853,0.1811219408570024,1.0002565808949655,1.186338422444426,1.0000394453204269,1.044665284822479,0.0,3.173995232666598,1.7444769311303143,1.3529120537456203,0.8493735326902911,1.00033995882866,0.2823101738713379,0.469066379600821
504735.0,2631585.0,1.0,1.0399551336347244,1.41919570500929,1.0118405566155853,0.6537459580982762,1.0002565808949655,0.8093391753830542,1.0000394453204269,1.044665284822479,0.0,0.0,0.7500965606764758,0.7503490707331599,0.8493735326902911,1.00033995882866,0.2823101738713379,0.469066379600821
505935.0,2631585.0,1.0,1.0399551336347244,1.41919570500929,1.0118405566155853,0.1811219408570024,1.0002565808949655,1.186338422444426,1.0000394453204269,1.044665284822479,0.0,0.0,1.7444769311303143,1.3529120537456203,0.8493735326902911,1.00033995882866,0.2823101738713379,0.469066379600821
507135.0,2631585.0,1.0,1.0399551336347244,1.41919570500929,1.0118405566155853,3.1494459396812817,1.0002565808949655,1.186338422444426,1.0000394453204269,1.044665284822479,0.0,1.0253001657841805,0.0,1.3529120537456203,0.8493735326902911,1.00033995882866,0.2823101738713379,0.469066379600821
463935.0,2630385.0,0.3333324626123284,1.0399551336347244,0.8052262877203168,1.0118405566155853,0.1811219408570024,1.0002565808949655,0.8093391753830542,1.0000394453204269,1.044665284822479,0.0,0.9838591860296272,1.2466998513365868,1.3529120537456203,0.0,1.00033995882866,0.2823101738713379,0.469066379600821
465135.0,2630385.0,0.3333324626123284,1.0399551336347244,0.8052262877203168,1.0118405566155853,0.1811219408570024,1.0002565808949655,1.186338422444426,1.0000394453204269,1.044665284822479,0.0,0.9838591860296272,1.198102807372512,1.3529120537456203,0.8493735326902911,1.00033995882866,0.2823101738713379,0.469066379600821
466335.0,2630385.0,0.3333324626123284,1.0399551336347244,0.9292850742314346,1.0118405566155853,0.6537459580982762,1.0002565808949655,0.8093391753830542,1.0000394453204269,0.8359572766454578,0.3333328979722623,0.9838591860296272,1.198102807372512,1.3529120537456203,0.8493735326902911,1.00033995882866,0.2823101738713379,0.469066379600821
467535.0,2630385.0,0.3333324626123284,1.0399551336347244,1.41919570500929,1.0118405566155853,0.1811219408570024,1.0002565808949655,1.186338422444426,1.0000394453204269,0.8359572766454578,0.0,0.9838591860296272,1.7444769311303143,0.7503490707331599,0.8493735326902911,1.00033995882866,0.2823101738713379,0.469066379600821
468735.0,2630385.0,0.3333324626123284,1.0399551336347244,0.9292850742314346,1.0118405566155853,3.1494459396812817,1.0002565808949655,0.8093391753830542,1.0000394453204269,0.8359572766454578,0.3333328979722623,0.9838591860296272,1.198102807372512,0.7503490707331599,0.8493735326902911,1.00033995882866,0.2823101738713379,0.469066379600821
469935.0,2630385.0,0.3333324626123284,1.0399551336347244,0.9292850742314346,1.0118405566155853,0.1811219408570024,1.0002565808949655,1.186338422444426,1.0000394453204269,0.8359572766454578,2.666670149564333,0.9838591860296272,1.198102807372512,1.3529120537456203,0.8493735326902911,1.00033995882866,0.2823101738713379,0.469066379600821
471135.0,2630385.0,0.3333324626123284,1.0399551336347244,0.0,1.0118405566155853,0.6537459580982762,1.0002565808949655,1.186338422444426,1.0000394453204269,0.8359572766454578,2.666670149564333,0.9838591860296272,0.7500965606764758,0.7503490707331599,0.8493735326902911,1.00033995882866,0.2823101738713379,0.469066379600821
472335.0,2630385.0,0.3333324626123284,1.0399551336347244,1.41919570500929,1.0118405566155853,0.7386828595768657,1.0002565808949655,1.186338422444426,1.0000394453204269,1.044665284822479,0.0,0.9838591860296272,1.198102807372512,0.7503490707331599,0.8493735326902911,1.00033995882866,40.7927349061228,75.02812402006899
473535.0,2630385.0,0.3333324626123284,1.0399551336347244,0.8052262877203168,1.0118405566155853,0.1811219408570024,1.0002565808949655,1.186338422444426,1.0000394453204269,1.044665284822479,1.9999973878335735,3.173995232666598,1.198102807372512,1.3529120537456203,0.0,1.00033995882866,0.2823101738713379,0.469066379600821
474735.0,2630385.0,0.3333324626123284,1.0399551336347244,0.8052262877203168,1.0118405566155853,0.1811219408570024,1.0002565808949655,0.8093391753830542,1.0000394453204269,1.044665284822479,1.9999973878335735,0.0,1.7444769311303143,0.0,0.8493735326902911,1.00033995882866,0.2823101738713379,0.469066379600821
475935.0,2630385.0,0.3333324626123284,1.0399551336347244,0.9292850742314346,1.0118405566155853,0.7386828595768657,1.0002565808949655,0.8093391753830542,1.0000394453204269,1.044665284822479,1.9999973878335735,1.0253001657841805,1.198102807372512,0.7503490707331599,0.8493735326902911,1.00033995882866,0.2823101738713379,0.469066379600821
477135.0,2630385.0,0.3333324626123284,1.0399551336347244,1.41919570500929,1.0118405566155853,0.1811219408570024,1.0002565808949655,1.186338422444426,1.0000394453204269,1.044665284822479,0.3333328979722623,1.0253001657841805,0.7500965606764758,0.7503490707331599,0.8493735326902911,1.00033995882866,0.2823101738713379,0.469066379600821
478335.0,2630385.0,2.6666666666666665,1.0399551336347244,1.41919570500929,1.0118405566155853,0.1811219408570024,1.0002565808949655,1.186338422444426,1.0000394453204269,1.044665284822479,0.3333328979722623,0.0,0.7500965606764758,1.3529120537456203,0.8493735326902911,1.00033995882866,0.2823101738713379,0.469066379600821
479535.0,2630385.0,2.6666666666666665,1.0399551336347244,0.9292850742314346,1.0118405566155853,0.1811219408570024,1.0002565808949655,0.8093391753830542,1.0000394453204269,1.044665284822479,2.666670149564333,0.0,1.198102807372512,0.7503490707331599,0.8493735326902911,1.00033995882866,0.2823101738713379,0.469066379600821
480735.0,2630385.0,2.6666666666666665,1.0399551336347244,1.41919570500929,1.0118405566155853,0.1811219408570024,1.0002565808949655,0.8093391753830542,1.0000394453204269,1.044665284822479,0.3333328979722623,3.173995232666598,0.7500965606764758,0.7503490707331599,0.8493735326902911,1.00033995882866,0.2823101738713379,0.469066379600821
481935.0,2630385.0,1.0,1.0399551336347244,0.8052262877203168,1.0118405566155853,0.1811219408570024,1.0002565808949655,0.8093391753830542,1.0000394453204269,1.044665284822479,0.3333328979722623,0.9838591860296272,0.0,0.0,0.8493735326902911,1.00033995882866,0.2823101738713379,0.469066379600821
483135.0,2630385.0,1.0,0.0,0.9292850742314346,1.0118405566155853,0.1811219408570024,1.0002565808949655,0.8093391753830542,1.0000394453204269,1.044665284822479,0.3333328979722623,0.9838591860296272,1.198102807372512,0.7503490707331599,0.8493735326902911,1.00033995882866,0.2823101738713379,0.469066379600821
484335.0,2630385.0,1.0,0.0,1.41919570500929,1.0118405566155853,0.7386828595768657,1.0002565808949655,1.186338422444426,1.0000394453204269,1.044665284822479,0.3333328979722623,0.9838591860296272,1.7444769311303143,1.3529120537456203,0.8493735326902911,1.00033995882866,0.2823101738713379,0.469066379600821
485535.0,2630385.0,1.0,0.0,0.8052262877203168,1.0118405566155853,0.1811219408570024,1.0002565808949655,0.8093391753830542,1.0000394453204269,1.044665284822479,2.666670149564333,0.9838591860296272,0.7500965606764758,1.3529120537456203,0.8493735326902911,1.00033995882866,0.2823101738713379,0.469066379600821
486735.0,2630385.0,1.0,0.0,0.9292850742314346,1.0118405566155853,0.7386828595768657,1.0002565808949655,1.186338422444426,1.0000394453204269,1.044665284822479,1.9999973878335735,0.9838591860296272,0.7500965606764758,1.3529120537456203,0.8493735326902911,1.00033995882866,0.2823101738713379,0.469066379600821
487935.0,2630385.0,1.0,0.0,0.9292850742314346,1.0118405566155853,0.1811219408570024,1.0002565808949655,0.8093391753830542,1.0000394453204269,1.044665284822479,2.666670149564333,0.9838591860296272,1.198102807372512,0.7503490707331599,0.8493735326902911,1.00033995882866,0.2823101738713379,0.469066379600821
489135.0,2630385.0,1.0,0.0,0.9292850742314346,1.0118405566155853,0.1811219408570024,1.0002565808949655,0.8093391753830542,1.0000394453204269,1.044665284822479,2.666670149564333,0.9838591860296272,0.7500965606764758,1.3529120537456203,0.8493735326902911,1.00033995882866,0.2823101738713379,0.469066379600821
490335.0,2630385.0,1.0,0.0,1.41919570500929,1.0118405566155853,3.1494459396812817,1.0002565808949655,1.186338422444426,1.0000394453204269,1.044665284822479,2.666670149564333,0.9838591860296272,0.0,0.0,0.8493735326902911,1.00033995882866,0.2823101738713379,0.469066379600821
491535.0,2630385.0,1.0,0.0,0.9292850742314346,1.0118405566155853,0.6537459580982762,1.0002565808949655,0.8093391753830542,1.0000394453204269,1.044665284822479,1.9999973878335735,0.9838591860296272,1.198102807372512,0.7503490707331599,0.8493735326902911,1.00033995882866,0.2823101738713379,0.469066379600821
492735.0,2630385.0,1.0,1.0399551336347244,0.9292850742314346,1.0118405566155853,0.1811219408570024,1.0002565808949655,1.186338422444426,1.0000394453204269,1.044665284822479,2.666670149564333,0.9838591860296272,0.7500965606764758,0.7503490707331599,0.8493735326902911,1.00033995882866,0.2823101738713379,0.469066379600821
493935.0,2630385.0,1.0,1.0399551336347244,0.9292850742314346,1.0118405566155853,0.1811219408570024,1.0002565808949655,1.186338422444426,1.0000394453204269,1.044665284822479,1.9999973878335735,0.9838591860296272,1.198102807372512,0.7503490707331599,0.8493735326902911,1.00033995882866,0.2823101738713379,0.469066379600821
495135.0,2630385.0,1.0,1.0399551336347244,1.41919570500929,1.0118405566155853,0.7386828595768657,1.0002565808949655,0.8093391753830542,1.0000394453204269,1.044665284822479,2.666670149564333,0.9838591860296272,0.7500965606764758,0.7503490707331599,0.8493735326902911,1.00033995882866,1.8953159656210397,0.469066379600821
496335.0,2630385.0,1.0,1.0399551336347244,1.41919570500929,1.0118405566155853,0.1811219408570024,1.0002565808949655,1.186338422444426,1.0000394453204269,1.044665284822479,0.3333328979722623,0.9838591860296272,1.7444769311303143,1.3529120537456203,0.8493735326902911,1.00033995882866,0.2823101738713379,0.469066379600821
497535.0,2630385.0,1.0,1.0399551336347244,0.9292850742314346,1.0118405566155853,3.1494459396812817,1.0002565808949655,1.186338422444426,1.0000394453204269,1.044665284822479,0.3333328979722623,0.9838591860296272,0.7500965606764758,1.3529120537456203,0.8493735326902911,1.00033995882866,0.2823101738713379,0.469066379600821
498735.0,2630385.0,1.0,1.0399551336347244,0.8052262877203168,1.0118405566155853,0.7386828595768657,1.0002565808949655,0.8093391753830542,1.0000394453204269,1.044665284822479,0.3333328979722623,0.9838591860296272,1.2466998513365868,1.3529120537456203,0.0,1.00033995882866,1.8953159656210397,0.469066379600821
499935.0,2630385.0,1.0,1.0399551336347244,0.9292850742314346,1.0118405566155853,0.6537459580982762,1.0002565808949655,1.186338422444426,1.0000394453204269,1.044665284822479,0.3333328979722623,0.9838591860296272,0.7500965606764758,1.3529120537456203,0.8493735326902911,1.00033995882866,0.2823101738713379,0.469066379600821
501135.0,2630385.0,1.0,1.0399551336347244,0.8052262877203168,1.0118405566155853,0.6537459580982762,1.0002565808949655,0.8093391753830542,1.0000394453204269,1.044665284822479,0.3333328979722623,0.9838591860296272,1.198102807372512,0.7503490707331599,3.643673812226212,1.00033995882866,0.2823101738713379,0.469066379600821
502335.0,2630385.0,1.0,1.0399551336347244,0.8052262877203168,1.0118405566155853,0.1811219408570024,1.0002565808949655,0.8093391753830542,1.0000394453204269,1.044665284822479,0.0,0.9838591860296272,0.0,0.0,0.8493735326902911,1.00033995882866,0.2823101738713379,0.469066379600821
463935.0,2629185.0,0.3333324626123284,1.0399551336347244,0.9292850742314346,1.0118405566155853,0.1811219408570024,1.0002565808949655,1.186338422444426,1.0000394453204269,1.044665284822479,0.0,0.9838591860296272,1.198102807372512,1.3529120537456203,0.8493735326902911,1.00033995882866,0.2823101738713379,0.469066379600821
465135.0,2629185.0,0.3333324626123284,1.0399551336347244,0.8052262877203168,1.0118405566155853,0.6537459580982762,1.0002565808949655,0.8093391753830542,1.0000394453204269,0.8359572766454578,0.0,0.9838591860296272,1.2466998513365868,1.3529120537456203,0.0,1.00033995882866,0.2823101738713379,0.469066379600821
466335.0,2629185.0,0.3333324626123284,1.0399551336347244,0.8052262877203168,1.0118405566155853,0.0,1.0002565808949655,1.186338422444426,1.0000394453204269,0.8359572766454578,0.0,0.9838591860296272,1.7444769311303143,0.0,0.8493735326902911,1.00033995882866,0.2823101738713379,0.469066379600821
467535.0,2629185.0,0.3333324626123284,1.0399551336347244,0.8052262877203168,1.0118405566155853,0.6537459580982762,1.0002565808949655,1.186338422444426,1.0000394453204269,0.8359572766454578,2.666670149564333,0.9838591860296272,1.198102807372512,0.7503490707331599,3.643673812226212,1.00033995882866,0.2823101738713379,0.469066379600821
468735.0,2629185.0,0.3333324626123284,1.0399551336347244,0.9292850742314346,1.0118405566155853,0.6537459580982762,1.0002565808949655,0.8093391753830542,1.0000394453204269,0.8359572766454578,2.666670149564333,0.9838591860296272,1.198102807372512,0.7503490707331599,0.8493735326902911,1.00033995882866,0.2823101738713379,0.469066379600821
469935.0,2629185.0,2.6666666666666665,1.0399551336347244,0.9292850742314346,1.0118405566155853,0.6537459580982762,1.0002565808949655,0.8093391753830542,1.0000394453204269,0.8359572766454578,2.666670149564333,0.9838591860296272,1.198102807372512,0.7503490707331599,0.8493735326902911,1.00033995882866,0.2823101738713379,0.469066379600821
471135.0,2629185.0,2.6666666666666665,1.0399551336347244,1.41919570500929,1.0118405566155853,0.1811219408570024,1.0002565808949655,1.186338422444426,1.0000394453204269,1.044665284822479,0.3333328979722623,0.9838591860296272,0.7500965606764758,0.7503490707331599,0.8493735326902911,1.00033995882866,0.2823101738713379,0.469066379600821
472335.0,2629185.0,2.6666666666666665,1.0399551336347244,0.9292850742314346,1.0118405566155853,3.1494459396812817,1.0002565808949655,1.186338422444426,1.0000394453204269,1.044665284822479,0.0,0.9838591860296272,0.7500965606764758,1.3529120537456203,0.8493735326902911,1.00033995882866,40.7927349061228,0.469066379600821
473535.0,2629185.0,2.6666666666666665,1.0399551336347244,0.9292850742314346,1.0118405566155853,3.1494459396812817,1.0002565808949655,1.186338422444426,1.0000394453204269,1.044665284822479,0.0,3.173995232666598,1.198102807372512,1.3529120537456203,0.8493735326902911,1.00033995882866,0.2823101738713379,0.469066379600821
474735.0,2629185.0,0.3333324626123284,1.0399551336347244,0.9292850742314346,1.0118405566155853,0.1811219408570024,1.0002565808949655,0.8093391753830542,1.0000394453204269,1.044665284822479,1.9999973878335735,0.0,0.7500965606764758,1.3529120537456203,0.8493735326902911,1.00033995882866,0.2823101738713379,0.469066379600821
475935.0,2629185.0,0.3333324626123284,1.0399551336347244,1.41919570500929,1.0118405566155853,3.1494459396812817,1.0002565808949655,0.8093391753830542,1.0000394453204269,1.044665284822479,1.9999973878335735,1.0253001657841805,0.0,1.3529120537456203,0.8493735326902911,1.00033995882866,0.2823101738713379,0.469066379600821
477135.0,2629185.0,0.3333324626123284,1.0399551336347244,0.9292850742314346,1.0118405566155853,0.1811219408570024,1.0002565808949655,1.186338422444426,1.0000394453204269,1.044665284822479,0.3333328979722623,1.0253001657841805,1.198102807372512,0.7503490707331599,0.8493735326902911,1.00033995882866,0.2823101738713379,0.469066379600821
478335.0,2629185.0,2.6666666666666665,1.0399551336347244,0.8052262877203168,1.0118405566155853,0.1811219408570024,1.0002565808949655,0.8093391753830542,1.0000394453204269,1.044665284822479,0.3333328979722623,0.0,1.198102807372512,0.7503490707331599,3.643673812226212,1.00033995882866,0.2823101738713379,0.469066379600821
479535.0,2629185.0,2.6666666666666665,1.0399551336347244,1.41919570500929,1.0118405566155853,0.1811219408570024,1.0002565808949655,0.8093391753830542,1.0000394453204269,1.044665284822479,2.666670149564333,0.0,1.7444769311303143,1.3529120537456203,0.8493735326902911,1.00033995882866,0.2823101738713379,0.469066379600821
480735.0,2629185.0,2.6666666666666665,1.0399551336347244,0.8052262877203168,1.0118405566155853,0.1811219408570024,1.0002565808949655,0.8093391753830542,1.0000394453204269,1.044665284822479,0.3333328979722623,3.173995232666598,0.0,0.0,0.8493735326902911,1.00033995882866,0.2823101738713379,0.469066379600821
481935.0,2629185.0,1.0,0.0,0.9292850742314346,1.0118405566155853,0.6537459580982762,1.0002565808949655,0.8093391753830542,1.0000394453204269,1.044665284822479,0.3333328979722623,0.9838591860296272,0.7500965606764758,0.7503490707331599,0.8493735326902911,1.00033995882866,0.2823101738713379,0.469066379600821
483135.0,2629185.0,1.0,0.0,1.41919570500929,1.0118405566155853,0.1811219408570024,1.0002565808949655,0.8093391753830542,1.0000394453204269,1.044665284822479,0.0,0.9838591860296272,0.7500965606764758,0.7503490707331599,0.8493735326902911,1.00033995882866,0.2823101738713379,0.469066379600821
484335.0,2629185.0,1.0,0.0,0.9292850742314346,1.0118405566155853,3.1494459396812817,1.0002565808949655,0.8093391753830542,1.0000394453204269,1.044665284822479,0.3333328979722623,0.9838591860296272,1.198102807372512,0.7503490707331599,0.8493735326902911,1.00033995882866,0.2823101738713379,0.469066379600821
485535.0,2629185.0,1.0,0.0,0.9292850742314346,1.0118405566155853,0.6537459580982762,1.0002565808949655,1.186338422444426,1.0000394453204269,1.044665284822479,2.666670149564333,0.9838591860296272,0.0,0.0,0.8493735326902911,1.00033995882866,0.2823101738713379,0.469066379600821
486735.0,2629185.0,1.0,0.0,1.41919570500929,1.0118405566155853,3.1494459396812817,1.0002565808949655,0.8093391753830542,1.0000394453204269,1.044665284822479,1.9999973878335735,0.9838591860296272,0.7500965606764758,0.7503490707331599,0.8493735326902911,1.00033995882866,0.2823101738713379,0.469066379600821
487935.0,2629185.0,1.0,0.0,0.9292850742314346,1.0118405566155853,0.1811219408570024,1.0002565808949655,1.186338422444426,1.0000394453204269,1.044665284822479,2.666670149564333,0.9838591860296272,0.7500965606764758,1.3529120537456203,0.8493735326902911,1.00033995882866,0.2823101738713379,0.469066379600821
489135.0,2629185.0,1.0,0.0,0.9292850742314346,1.0118405566155853,0.1811219408570024,1.0002565808949655,0.8093391753830542,1.0000394453204269,1.044665284822479,0.3333328979722623,0.9838591860296272,0.0,0.0,0.8493735326902911,1.00033995882866,0.2823101738713379,0.469066379600821
490335.0,2629185.0,1.0,0.0,0.9292850742314346,1.0118405566155853,0.7386828595768657,1.0002565808949655,1.186338422444426,1.0000394453204269,1.044665284822479,2.666670149564333,0.9838591860296272,1.198102807372512,0.7503490707331599,0.8493735326902911,1.00033995882866,0.2823101738713379,0.469066379600821
491535.0,2629185.0,1.0,0.0,0.9292850742314346,1.0118405566155853,0.1811219408570024,1.0002565808949655,0.8093391753830542,1.0000394453204269,1.044665284822479,0.3333328979722623,0.9838591860296272,0.7500965606764758,1.3529120537456203,0.8493735326902911,1.00033995882866,0.2823101738713379,0.469066379600821
492735.0,2629185.0,1.0,1.0399551336347244,0.8052262877203168,1.0118405566155853,0.6537459580982762,1.0002565808949655,1.186338422444426,1.0000394453204269,1.044665284822479,0.3333328979722623,0.9838591860296272,0.7500965606764758,1.3529120537456203,0.8493735326902911,1.00033995882866,0.2823101738713379,0.469066379600821
493935.0,2629185.0,1.0,1.0399551336347244,0.9292850742314346,1.0118405566155853,3.1494459396812817,1.0002565808949655,1.186338422444426,1.0000394453204269,1.044665284822479,2.666670149564333,0.9838591860296272,1.198102807372512,0.7503490707331599,3.643673812226212,1.00033995882866,0.2823101738713379,0.469066379600821
495135.0,2629185.0,1.0,1.0399551336347244,1.41919570500929,1.0118405566155853,3.1494459396812817,1.0002565808949655,1.186338422444426,1.0000394453204269,1.044665284822479,2.666670149564333,0.9838591860296272,0.7500965606764758,0.7503490707331599,0.8493735326902911,1.00033995882866,0.2823101738713379,0.469066379600821
496335.0,2629185.0,1.0,1.0399551336347244,0.9292850742314346,1.0118405566155853,0.1811219408570024,1.0002565808949655,0.8093391753830542,1.0000394453204269,1.044665284822479,0.3333328979722623,0.9838591860296272,1.7444769311303143,1.3529120537456203,0.8493735326902911,1.00033995882866,0.2823101738713379,0.469066379600821
497535.0,2629185.0,1.0,1.0399551336347244,0.9292850742314346,1.0118405566155853,0.1811219408570024,1.0002565808949655,0.8093391753830542,1.0000394453204269,1.044665284822479,0.0,0.9838591860296272,1.198102807372512,0.7503490707331599,0.8493735326902911,1.00033995882866,0.2823101738713379,0.469066379600821
498735.0,2629185.0,1.0,1.0399551336347244,0.9292850742314346,1.0118405566155853,0.6537459580982762,1.0002565808949655,0.8093391753830542,1.0000394453204269,1.044665284822479,0.3333328979722623,0.9838591860296272,0.7500965606764758,0.7503490707331599,0.8493735326902911,1.00033995882866,0.2823101738713379,0.469066379600821
499935.0,2629185.0,1.0,1.0399551336347244,1.41919570500929,1.0118405566155853,0.1811219408570024,1.0002565808949655,1.186338422444426,1.0000394453204269,1.044665284822479,0.3333328979722623,0.9838591860296272,0.7500965606764758,0.7503490707331599,0.8493735326902911,1.00033995882866,0.2823101738713379,0.469066379600821
501135.0,2629185.0,1.0,1.0399551336347244,0.9292850742314346,1.0118405566155853,0.1811219408570024,1.0002565808949655,0.8093391753830542,1.0000394453204269,1.044665284822479,0.0,0.9838591860296272,1.198102807372512,0.7503490707331599,0.8493735326902911,1.00033995882866,0.2823101738713379,0.469066379600821
502335.0,2629185.0,1.0,1.0399551336347244,0.9292850742314346,1.0118405566155853,0.1811219408570024,1.0002565808949655,1.186338422444426,1.0000394453204269,1.044665284822479,0.0,0.9838591860296272,0.7500965606764758,1.3529120537456203,0.8493735326902911,1.00033995882866,0.2823101738713379,0.469066379600821
462735.0,2627985.0,0.3333324626123284,1.0399551336347244,0.8052262877203168,1.0118405566155853,0.7386828595768657,1.0002565808949655,0.8093391753830542,1.0000394453204269,1.044665284822479,0.0,0.9838591860296272,1.2466998513365868,1.3529120537456203,0.0,1.00033995882866,0.2823101738713379,0.469066379600821
463935.0,2627985.0,0.3333324626123284,1.0399551336347244,0.8052262877203168,1.0118405566155853,0.1811219408570024,1.0002565808949655,1.186338422444426,1.0000394453204269,1.044665284822479,0.0,0.9838591860296272,0.0,0.0,0.8493735326902911,1.00033995882866,0.2823101738713379,0.469066379600821
465135.0,2627985.0,0.3333324626123284,1.0399551336347244,0.8052262877203168,1.0118405566155853,0.6537459580982762,1.0002565808949655,1.186338422444426,1.0000394453204269,0.8359572766454578,0.0,0.9838591860296272,1.198102807372512,1.3529120537456203,0.8493735326902911,1.00033995882866,0.2823101738713379,0.469066379600821
466335.0,2627985.0,0.3333324626123284,1.0399551336347244,0.8052262877203168,1.0118405566155853,0.0,1.0002565808949655,1.186338422444426,1.0000394453204269,0.8359572766454578,0.3333328979722623,0.9838591860296272,1.198102807372512,0.7503490707331599,3.643673812226212,1.00033995882866,0.2823101738713379,0.469066379600821
467535.0,2627985.0,2.6666666666666665,1.0399551336347244,0.9292850742314346,1.0118405566155853,0.6537459580982762,1.0002565808949655,1.186338422444426,1.0000394453204269,0.8359572766454578,0.3333328979722623,0.9838591860296272,1.198102807372512,0.7503490707331599,0.8493735326902911,1.00033995882866,40.7927349061228,0.469066379600821
468735.0,2627985.0,2.6666666666666665,1.0399551336347244,1.41919570500929,1.0118405566155853,0.6537459580982762,1.0002565808949655,0.8093391753830542,1.0000394453204269,0.8359572766454578,2.666670149564333,0.9838591860296272,1.198102807372512,0.7503490707331599,0.8493735326902911,1.00033995882866,0.2823101738713379,0.469066379600821
469935.0,2627985.0,2.6666666666666665,1.0399551336347244,0.9292850742314346,1.0118405566155853,0.6537459580982762,1.0002565808949655,0.8093391753830542,1.0000394453204269,0.8359572766454578,2.666670149564333,0.9838591860296272,0.0,0.0,0.8493735326902911,1.00033995882866,0.2823101738713379,0.469066379600821
471135.0,2627985.0,2.6666666666666665,1.0399551336347244,0.9292850742314346,1.0118405566155853,0.1811219408570024,1.0002565808949655,0.8093391753830542,1.0000394453204269,1.044665284822479,0.3333328979722623,0.9838591860296272,0.7500965606764758,1.3529120537456203,0.8493735326902911,1.00033995882866,0.2823101738713379,0.469066379600821
472335.0,2627985.0,2.6666666666666665,1.0399551336347244,0.9292850742314346,1.0118405566155853,0.6537459580982762,1.0002565808949655,1.186338422444426,1.0000394453204269,1.044665284822479,1.9999973878335735,0.9838591860296272,0.7500965606764758,1.3529120537456203,0.8493735326902911,1.00033995882866,40.7927349061228,0.469066379600821
473535.0,2627985.0,2.6666666666666665,1.0399551336347244,0.8052262877203168,1.0118405566155853,0.7386828595768657,1.0002565808949655,1.186338422444426,1.0000394453204269,1.044665284822479,0.0,3.173995232666598,0.7500965606764758,0.0,0.8493735326902911,1.00033995882866,40.7927349061228,0.469066379600821
474735.0,2627985.0,2.6666666666666665,1.0399551336347244,0.8052262877203168,1.0118405566155853,0.1811219408570024,1.0002565808949655,1.186338422444426,1.0000394453204269,1.044665284822479,1.9999973878335735,0.0,1.198102807372512,1.3529120537456203,3.643673812226212,1.00033995882866,0.2823101738713379,0.469066379600821
475935.0,2627985.0,2.6666666666666665,1.0399551336347244,1.41919570500929,1.0118405566155853,0.6537459580982762,1.0002565808949655,1.186338422444426,1.0000394453204269,1.044665284822479,2.666670149564333,1.0253001657841805,0.7500965606764758,0.7503490707331599,0.8493735326902911,1.00033995882866,0.2823101738713379,0.469066379600821
477135.0,2627985.0,2.6666666666666665,1.0399551336347244,0.9292850742314346,1.0118405566155853,0.1811219408570024,1.0002565808949655,0.8093391753830542,1.0000394453204269,1.044665284822479,0.3333328979722623,1.0253001657841805,0.7500965606764758,0.7503490707331599,0.8493735326902911,1.00033995882866,0.2823101738713379,0.469066379600821
478335.0,2627985.0,2.6666666666666665,1.0399551336347244,0.9292850742314346,1.0118405566155853,0.6537459580982762,1.0002565808949655,0.8093391753830542,1.0000394453204269,1.044665284822479,0.3333328979722623,0.0,1.198102807372512,1.3529120537456203,0.8493735326902911,1.00033995882866,0.2823101738713379,0.469066379600821
479535.0,2627985.0,2.6666666666666665,1.0399551336347244,0.9292850742314346,1.0118405566155853,0.6537459580982762,1.0002565808949655,0.8093391753830542,1.0000394453204269,1.044665284822479,2.666670149564333,0.0,1.198102807372512,0.7503490707331599,0.8493735326902911,1.00033995882866,0.2823101738713379,0.469066379600821
480735.0,2627985.0,2.6666666666666665,1.0399551336347244,0.9292850742314346,1.0118405566155853,0.1811219408570024,1.0002565808949655,1.186338422444426,1.0000394453204269,1.044665284822479,2.666670149564333,3.173995232666598,1.7444769311303143,1.3529120537456203,0.8493735326902911,1.00033995882866,0.2823101738713379,0.469066379600821
481935.0,2627985.0,1.0,1.0399551336347244,0.9292850742314346,1.0118405566155853,0.1811219408570024,1.0002565808949655,0.8093391753830542,1.0000394453204269,1.044665284822479,0.0,0.9838591860296272,1.198102807372512,1.3529120537456203,0.8493735326902911,1.00033995882866,0.2823101738713379,0.469066379600821
483135.0,2627985.0,1.0,0.0,0.9292850742314346,1.0118405566155853,3.1494459396812817,1.0002565808949655,0.8093391753830542,1.0000394453204269,1.044665284822479,0.0,0.9838591860296272,1.198102807372512,0.7503490707331599,0.8493735326902911,1.00033995882866,0.2823101738713379,0.469066379600821
484335.0,2627985.0,1.0,0.0,1.41919570500929,1.0118405566155853,3.1494459396812817,1.0002565808949655,0.8093391753830542,1.0000394453204269,1.044665284822479,2.666670149564333,0.9838591860296272,0.7500965606764758,0.7503490707331599,0.8493735326902911,1.00033995882866,0.2823101738713379,0.469066379600821
485535.0,2627985.0,1.0,0.0,0.8052262877203168,1.0118405566155853,0.6537459580982762,1.0002565808949655,0.8093391753830542,1.0000394453204269,1.044665284822479,0.3333328979722623,0.9838591860296272,1.198102807372512,1.3529120537456203,0.8493735326902911,1.00033995882866,0.2823101738713379,0.469066379600821
486735.0,2627985.0,1.0,0.0,1.41919570500929,1.0118405566155853,0.6537459580982762,1.0002565808949655,1.186338422444426,1.0000394453204269,1.044665284822479,2.666670149564333,0.9838591860296272,0.7500965606764758,0.7503490707331599,0.8493735326902911,1.00033995882866,0.2823101738713379,0.469066379600821
487935.0,2627985.0,1.0,0.0,1.41919570500929,1.0118405566155853,0.1811219408570024,1.0002565808949655,1.186338422444426,1.0000394453204269,1.044665284822479,2.666670149564333,0.9838591860296272,0.7500965606764758,0.7503490707331599,0.8493735326902911,1.00033995882866,0.2823101738713379,0.469066379600821
489135.0,2627985.0,1.0,0.0,1.41919570500929,1.0118405566155853,0.1811219408570024,1.0002565808949655,1.186338422444426,1.0000394453204269,1.044665284822479,0.3333328979722623,0.9838591860296272,0.0,1.3529120537456203,0.8493735326902911,1.00033995882866,0.2823101738713379,0.469066379600821
490335.0,2627985.0,1.0,0.0,0.9292850742314346,1.0118405566155853,3.1494459396812817,1.0002565808949655,1.186338422444426,1.0000394453204269,1.044665284822479,0.3333328979722623,0.9838591860296272,0.7500965606764758,1.3529120537456203,0.8493735326902911,1.00033995882866,0.2823101738713379,0.469066379600821
491535.0,2627985.0,1.0,1.0399551336347244,0.9292850742314346,1.0118405566155853,0.1811219408570024,1.0002565808949655,1.186338422444426,1.0000394453204269,1.044665284822479,2.666670149564333,0.9838591860296272,1.198102807372512,0.7503490707331599,0.8493735326902911,1.00033995882866,0.2823101738713379,0.469066379600821
492735.0,2627985.0,1.0,1.0399551336347244,0.9292850742314346,1.0118405566155853,0.6537459580982762,1.0002565808949655,0.8093391753830542,1.0000394453204269,1.044665284822479,2.666670149564333,0.9838591860296272,0.0,0.0,0.8493735326902911,1.00033995882866,0.2823101738713379,0.469066379600821
493935.0,2627985.0,1.0,1.0399551336347244,0.9292850742314346,1.0118405566155853,3.1494459396812817,1.0002565808949655,1.186338422444426,1.0000394453204269,1.044665284822479,1.9999973878335735,0.9838591860296272,0.7500965606764758,1.3529120537456203,0.8493735326902911,1.00033995882866,0.2823101738713379,0.469066379600821
495135.0,2627985.0,1.0,1.0399551336347244,0.9292850742314346,1.0118405566155853,0.1811219408570024,1.0002565808949655,1.186338422444426,1.0000394453204269,1.044665284822479,2.666670149564333,0.9838591860296272,0.7500965606764758,1.3529120537456203,0.8493735326902911,1.00033995882866,0.2823101738713379,0.469066379600821
496335.0,2627985.0,1.0,1.0399551336347244,0.9292850742314346,1.0118405566155853,3.1494459396812817,1.0002565808949655,0.8093391753830542,1.0000394453204269,1.044665284822479,0.3333328979722623,0.9838591860296272,1.198102807372512,1.3529120537456203,0.8493735326902911,1.00033995882866,0.2823101738713379,0.469066379600821
497535.0,2627985.0,1.0,1.0399551336347244,0.8052262877203168,1.0118405566155853,0.1811219408570024,1.0002565808949655,1.186338422444426,1.0000394453204269,1.044665284822479,0.0,0.9838591860296272,1.198102807372512,1.3529120537456203,3.643673812226212,1.00033995882866,0.2823101738713379,0.469066379600821
498735.0,2627985.0,1.0,1.0399551336347244,0.9292850742314346,1.0118405566155853,0.1811219408570024,1.0002565808949655,1.186338422444426,1.0000394453204269,1.044665284822479,0.3333328979722623,0.9838591860296272,1.198102807372512,1.3529120537456203,0.8493735326902911,1.00033995882866,0.2823101738713379,0.469066379600821
499935.0,2627985.0,1.0,1.0399551336347244,0.9292850742314346,1.0118405566155853,3.1494459396812817,1.0002565808949655,0.8093391753830542,1.0000394453204269,1.044665284822479,2.666670149564333,0.9838591860296272,1.198102807372512,0.7503490707331599,0.8493735326902911,1.00033995882866,0.2823101738713379,0.469066379600821
501135.0,2627985.0,1.0,1.0399551336347244,0.9292850742314346,1.0118405566155853,0.1811219408570024,1.0002565808949655,1.186338422444426,1.0000394453204269,1.044665284822479,0.0,0.9838591860296272,0.7500965606764758,1.3529120537456203,0.8493735326902911,1.00033995882866,0.2823101738713379,0.469066379600821
502335.0,2627985.0,1.0,1.0399551336347244,0.9292850742314346,1.0118405566155853,0.1811219408570024,1.0002565808949655,1.186338422444426,1.0000394453204269,1.044665284822479,0.0,3.173995232666598,1.198102807372512,0.7503490707331599,0.8493735326902911,1.00033995882866,0.2823101738713379,0.469066379600821
463935.0,2626785.0,0.3333324626123284,1.0399551336347244,0.8052262877203168,1.0118405566155853,0.1811219408570024,1.0002565808949655,0.8093391753830542,1.0000394453204269,1.044665284822479,0.0,0.9838591860296272,1.198102807372512,1.3529120537456203,0.8493735326902911,1.00033995882866,0.2823101738713379,0.469066379600821
465135.0,2626785.0,0.3333324626123284,1.0399551336347244,0.8052262877203168,1.0118405566155853,0.1811219408570024,1.0002565808949655,1.186338422444426,1.0000394453204269,0.8359572766454578,0.0,0.9838591860296272,1.198102807372512,1.3529120537456203,0.8493735326902911,1.00033995882866,0.2823101738713379,0.469066379600821
466335.0,2626785.0,2.6666666666666665,1.0399551336347244,0.8052262877203168,1.0118405566155853,3.1494459396812817,1.0002565808949655,1.186338422444426,1.0000394453204269,0.8359572766454578,0.3333328979722623,0.9838591860296272,1.7444769311303143,0.0,0.8493735326902911,1.00033995882866,1.8953159656210397,0.469066379600821
467535.0,2626785.0,2.6666666666666665,1.0399551336347244,1.41919570500929,1.0118405566155853,3.1494459396812817,1.0002565808949655,1.186338422444426,1.0000394453204269,0.8359572766454578,2.666670149564333,0.9838591860296272,0.7500965606764758,1.3529120537456203,0.8493735326902911,1.00033995882866,0.2823101738713379,0.469066379600821
468735.0,2626785.0,2.6666666666666665,1.0399551336347244,0.9292850742314346,1.0118405566155853,3.1494459396812817,1.0002565808949655,0.8093391753830542,1.0000394453204269,0.8359572766454578,2.666670149564333,0.9838591860296272,1.198102807372512,0.7503490707331599,0.8493735326902911,1.00033995882866,0.2823101738713379,0.469066379600821
469935.0,2626785.0,2.6666666666666665,1.0399551336347244,0.8052262877203168,1.0118405566155853,0.1811219408570024,1.0002565808949655,0.8093391753830542,1.0000394453204269,0.8359572766454578,2.666670149564333,0.9838591860296272,0.0,0.0,0.8493735326902911,1.00033995882866,0.2823101738713379,0.469066379600821
471135.0,2626785.0,2.6666666666666665,1.0399551336347244,1.41919570500929,1.0118405566155853,0.7386828595768657,1.0002565808949655,1.186338422444426,1.0000394453204269,1.044665284822479,1.9999973878335735,0.9838591860296272,0.7500965606764758,1.3529120537456203,0.8493735326902911,1.00033995882866,40.7927349061228,0.469066379600821
472335.0,2626785.0,2.6666666666666665,1.0399551336347244,1.41919570500929,1.0118405566155853,0.6537459580982762,1.0002565808949655,1.186338422444426,1.0000394453204269,1.044665284822479,2.666670149564333,0.9838591860296272,0.7500965606764758,0.7503490707331599,0.8493735326902911,1.00033995882866,40.7927349061228,75.02812402006899
473535.0,2626785.0,2.6666666666666665,1.0399551336347244,0.9292850742314346,1.0118405566155853,3.1494459396812817,1.0002565808949655,0.8093391753830542,1.0000394453204269,1.044665284822479,1.9999973878335735,3.173995232666598,1.198102807372512,0.7503490707331599,0.8493735326902911,1.00033995882866,40.7927349061228,0.469066379600821
474735.0,2626785.0,2.6666666666666665,1.0399551336347244,1.41919570500929,1.0118405566155853,0.1811219408570024,1.0002565808949655,0.8093391753830542,1.0000394453204269,1.044665284822479,2.666670149564333,0.0,0.7500965606764758,0.7503490707331599,0.8493735326902911,1.00033995882866,0.2823101738713379,0.469066379600821
475935.0,2626785.0,2.6666666666666665,1.0399551336347244,1.41919570500929,1.0118405566155853,3.1494459396812817,1.0002565808949655,0.8093391753830542,1.0000394453204269,1.044665284822479,2.666670149564333,1.0253001657841805,0.7500965606764758,0.7503490707331599,0.8493735326902911,1.00033995882866,0.2823101738713379,0.469066379600821
477135.0,2626785.0,2.6666666666666665,1.0399551336347244,0.8052262877203168,1.0118405566155853,0.7386828595768657,1.0002565808949655,0.8093391753830542,1.0000394453204269,1.044665284822479,0.3333328979722623,1.0253001657841805,1.2466998513365868,1.3529120537456203,0.0,1.00033995882866,0.2823101738713379,0.469066379600821
478335.0,2626785.0,2.6666666666666665,1.0399551336347244,1.41919570500929,1.0118405566155853,0.1811219408570024,1.0002565808949655,0.8093391753830542,1.0000394453204269,1.044665284822479,0.3333328979722623,0.0,0.7500965606764758,0.7503490707331599,0.8493735326902911,1.00033995882866,0.2823101738713379,0.469066379600821
479535.0,2626785.0,2.6666666666666665,1.0399551336347244,0.9292850742314346,1.0118405566155853,0.6537459580982762,1.0002565808949655,1.186338422444426,1.0000394453204269,1.044665284822479,2.666670149564333,0.0,1.198102807372512,1.3529120537456203,0.8493735326902911,1.00033995882866,0.2823101738713379,0.469066379600821
480735.0,2626785.0,1.0,1.0399551336347244,0.9292850742314346,1.0118405566155853,0.1811219408570024,1.0002565808949655,0.8093391753830542,1.0000394453204269,1.044665284822479,0.3333328979722623,3.173995232666598,0.0,1.3529120537456203,0.8493735326902911,1.00033995882866,0.2823101738713379,0.469066379600821
481935.0,2626785.0,1.0,1.0399551336347244,0.9292850742314346,1.0118405566155853,0.6537459580982762,1.0002565808949655,1.186338422444426,1.0000394453204269,1.044665284822479,0.3333328979722623,0.9838591860296272,1.7444769311303143,1.3529120537456203,0.8493735326902911,1.00033995882866,0.2823101738713379,0.469066379600821
483135.0,2626785.0,1.0,0.0,1.41919570500929,1.0118405566155853,0.1811219408570024,1.0002565808949655,1.186338422444426,1.0000394453204269,1.044665284822479,0.0,0.9838591860296272,0.7500965606764758,0.7503490707331599,0.8493735326902911,1.00033995882866,0.2823101738713379,0.469066379600821
484335.0,2626785.0,1.0,0.0,1.41919570500929,1.0118405566155853,0.1811219408570024,1.0002565808949655,1.186338422444426,1.0000394453204269,1.044665284822479,0.0,0.9838591860296272,0.7500965606764758,1.3529120537456203,0.8493735326902911,1.00033995882866,0.2823101738713379,0.469066379600821
485535.0,2626785.0,1.0,0.0,0.9292850742314346,1.0118405566155853,0.1811219408570024,1.0002565808949655,0.8093391753830542,1.0000394453204269,1.044665284822479,0.3333328979722623,0.9838591860296272,1.198102807372512,0.7503490707331599,0.8493735326902911,1.00033995882866,0.2823101738713379,0.469066379600821
486735.0,2626785.0,1.0,0.0,0.9292850742314346,1.0118405566155853,3.1494459396812817,1.0002565808949655,0.8093391753830542,1.0000394453204269,1.044665284822479,2.666670149564333,0.9838591860296272,1.7444769311303143,1.3529120537456203,0.8493735326902911,1.00033995882866,0.2823101738713379,0.469066379600821
487935.0,2626785.0,1.0,0.0,0.9292850742314346,1.0118405566155853,0.1811219408570024,1.0002565808949655,1.186338422444426,1.0000394453204269,1.044665284822479,1.9999973878335735,0.9838591860296272,0.7500965606764758,0.7503490707331599,0.8493735326902911,1.00033995882866,0.2823101738713379,0.469066379600821
489135.0,2626785.0,1.0,0.0,0.9292850742314346,1.0118405566155853,0.1811219408570024,1.0002565808949655,1.186338422444426,1.0000394453204269,1.044665284822479,2.666670149564333,0.9838591860296272,1.7444769311303143,1.3529120537456203,0.8493735326902911,1.00033995882866,0.2823101738713379,0.469066379600821
490335.0,2626785.0,1.0,0.0,0.8052262877203168,1.0118405566155853,3.1494459396812817,1.0002565808949655,0.8093391753830542,1.0000394453204269,1.044665284822479,0.3333328979722623,0.9838591860296272,1.2466998513365868,1.3529120537456203,0.0,1.00033995882866,0.2823101738713379,0.469066379600821
491535.0,2626785.0,1.0,1.0399551336347244,0.8052262877203168,1.0118405566155853,0.1811219408570024,1.0002565808949655,1.186338422444426,1.0000394453204269,1.044665284822479,2.666670149564333,0.9838591860296272,1.198102807372512,1.3529120537456203,3.643673812226212,1.00033995882866,0.2823101738713379,0.469066379600821
492735.0,2626785.0,1.0,1.0399551336347244,0.9292850742314346,1.0118405566155853,0.1811219408570024,1.0002565808949655,0.8093391753830542,1.0000394453204269,1.044665284822479,1.9999973878335735,0.9838591860296272,0.0,0.0,0.8493735326902911,1.00033995882866,0.2823101738713379,0.469066379600821
493935.0,2626785.0,1.0,1.0399551336347244,0.8052262877203168,1.0118405566155853,3.1494459396812817,1.0002565808949655,0.8093391753830542,1.0000394453204269,1.044665284822479,1.9999973878335735,0.9838591860296272,1.2466998513365868,1.3529120537456203,0.0,1.00033995882866,0.2823101738713379,0.469066379600821
495135.0,2626785.0,1.0,1.0399551336347244,0.8052262877203168,1.0118405566155853,0.1811219408570024,1.0002565808949655,1.186338422444426,1.0000394453204269,1.044665284822479,1.9999973878335735,0.9838591860296272,1.198102807372512,1.3529120537456203,0.8493735326902911,1.00033995882866,0.2823101738713379,0.469066379600821
496335.0,2626785.0,1.0,1.0399551336347244,0.8052262877203168,1.0118405566155853,0.6537459580982762,1.0002565808949655,0.8093391753830542,1.0000394453204269,1.044665284822479,2.666670149564333,0.9838591860296272,1.2466998513365868,1.3529120537456203,0.0,1.00033995882866,1.8953159656210397,0.469066379600821
497535.0,2626785.0,1.0,1.0399551336347244,0.9292850742314346,1.0118405566155853,0.1811219408570024,1.0002565808949655,0.8093391753830542,1.0000394453204269,1.044665284822479,0.3333328979722623,0.9838591860296272,1.7444769311303143,1.3529120537456203,0.8493735326902911,1.00033995882866,0.2823101738713379,0.469066379600821
498735.0,2626785.0,1.0,1.0399551336347244,0.9292850742314346,1.0118405566155853,0.7386828595768657,1.0002565808949655,1.186338422444426,1.0000394453204269,1.044665284822479,1.9999973878335735,0.9838591860296272,0.7500965606764758,1.3529120537456203,0.8493735326902911,1.00033995882866,0.2823101738713379,0.469066379600821
499935.0,2626785.0,1.0,1.0399551336347244,0.9292850742314346,1.0118405566155853,0.1811219408570024,1.0002565808949655,1.186338422444426,1.0000394453204269,1.044665284822479,0.3333328979722623,0.9838591860296272,1.198102807372512,0.7503490707331599,0.8493735326902911,1.00033995882866,0.2823101738713379,0.469066379600821
501135.0,2626785.0,1.0,1.0399551336347244,0.9292850742314346,1.0118405566155853,0.1811219408570024,1.0002565808949655,1.186338422444426,1.0000394453204269,1.044665284822479,0.0,0.9838591860296272,1.198102807372512,0.7503490707331599,0.8493735326902911,1.00033995882866,0.2823101738713379,0.469066379600821
502335.0,2626785.0,1.0,1.0399551336347244,0.8052262877203168,1.0118405566155853,0.1811219408570024,1.0002565808949655,0.8093391753830542,1.0000394453204269,1.044665284822479,0.0,3.173995232666598,1.2466998513365868,1.3529120537456203,0.0,1.00033995882866,0.2823101738713379,0.469066379600821
463935.0,2625585.0,0.3333324626123284,1.0399551336347244,0.8052262877203168,1.0118405566155853,3.1494459396812817,1.0002565808949655,1.186338422444426,1.0000394453204269,1.044665284822479,0.3333328979722623,0.9838591860296272,1.198102807372512,1.3529120537456203,0.8493735326902911,1.00033995882866,0.2823101738713379,0.469066379600821
465135.0,2625585.0,2.6666666666666665,1.0399551336347244,0.9292850742314346,1.0118405566155853,0.1811219408570024,1.0002565808949655,1.186338422444426,1.0000394453204269,0.8359572766454578,0.0,0.9838591860296272,1.7444769311303143,1.3529120537456203,0.8493735326902911,1.00033995882866,0.2823101738713379,0.469066379600821
466335.0,2625585.0,2.6666666666666665,1.0399551336347244,0.8052262877203168,1.0118405566155853,0.6537459580982762,1.0002565808949655,0.8093391753830542,1.0000394453204269,0.8359572766454578,0.3333328979722623,0.9838591860296272,1.2466998513365868,1.3529120537456203,0.0,1.00033995882866,0.2823101738713379,0.469066379600821
467535.0,2625585.0,2.6666666666666665,1.0399551336347244,0.8052262877203168,1.0118405566155853,0.1811219408570024,1.0002565808949655,0.8093391753830542,1.0000394453204269,0.8359572766454578,0.3333328979722623,0.9838591860296272,1.2466998513365868,1.3529120537456203,0.0,1.00033995882866,40.7927349061228,0.469066379600821
468735.0,2625585.0,2.6666666666666665,1.0399551336347244,1.41919570500929,1.0118405566155853,0.7386828595768657,1.0002565808949655,0.8093391753830542,1.0000394453204269,0.8359572766454578,2.666670149564333,0.9838591860296272,0.7500965606764758,0.7503490707331599,0.8493735326902911,1.00033995882866,40.7927349061228,0.469066379600821
469935.0,2625585.0,2.6666666666666665,1.0399551336347244,0.8052262877203168,1.0118405566155853,3.1494459396812817,1.0002565808949655,0.8093391753830542,1.0000394453204269,0.8359572766454578,2.666670149564333,0.9838591860296272,1.2466998513365868,1.3529120537456203,0.0,1.00033995882866,40.7927349061228,75.02812402006899
471135.0,2625585.0,2.6666666666666665,1.0399551336347244,0.9292850742314346,1.0118405566155853,0.7386828595768657,1.0002565808949655,0.8093391753830542,1.0000394453204269,1.044665284822479,1.9999973878335735,0.9838591860296272,1.198102807372512,0.7503490707331599,0.8493735326902911,1.00033995882866,40.7927349061228,340.7418780596351
472335.0,2625585.0,2.6666666666666665,1.0399551336347244,0.9292850742314346,1.0118405566155853,0.6537459580982762,1.0002565808949655,0.8093391753830542,1.0000394453204269,1.044665284822479,2.666670149564333,0.9838591860296272,1.198102807372512,0.7503490707331599,0.8493735326902911,1.00033995882866,40.7927349061228,0.469066379600821
473535.0,2625585.0,2.6666666666666665,1.0399551336347244,0.8052262877203168,1.0118405566155853,3.1494459396812817,1.0002565808949655,0.8093391753830542,1.0000394453204269,1.044665284822479,2.666670149564333,3.173995232666598,1.2466998513365868,1.3529120537456203,0.0,1.00033995882866,40.7927349061228,75.02812402006899
474735.0,2625585.0,2.6666666666666665,1.0399551336347244,0.8052262877203168,1.0118405566155853,3.1494459396812817,1.0002565808949655,0.8093391753830542,1.0000394453204269,1.044665284822479,2.666670149564333,0.0,1.198102807372512,1.3529120537456203,3.643673812226212,1.00033995882866,0.2823101738713379,0.469066379600821
475935.0,2625585.0,2.6666666666666665,1.0399551336347244,1.41919570500929,1.0118405566155853,0.1811219408570024,1.0002565808949655,1.186338422444426,1.0000394453204269,1.044665284822479,0.3333328979722623,1.0253001657841805,0.7500965606764758,1.3529120537456203,0.8493735326902911,1.00033995882866,0.2823101738713379,0.469066379600821
477135.0,2625585.0,2.6666666666666665,1.0399551336347244,0.8052262877203168,1.0118405566155853,0.1811219408570024,1.0002565808949655,0.8093391753830542,1.0000394453204269,1.044665284822479,0.0,1.0253001657841805,0.0,0.0,0.8493735326902911,1.00033995882866,0.2823101738713379,0.469066379600821
478335.0,2625585.0,2.6666666666666665,1.0399551336347244,0.8052262877203168,1.0118405566155853,0.6537459580982762,1.0002565808949655,0.8093391753830542,1.0000394453204269,1.044665284822479,2.666670149564333,0.0,1.198102807372512,1.3529120537456203,0.8493735326902911,1.00033995882866,0.2823101738713379,0.469066379600821
479535.0,2625585.0,2.6666666666666665,1.0399551336347244,0.8052262877203168,1.0118405566155853,0.1811219408570024,1.0002565808949655,0.8093391753830542,1.0000394453204269,1.044665284822479,2.666670149564333,0.0,1.198102807372512,1.3529120537456203,3.643673812226212,1.00033995882866,0.2823101738713379,0.469066379600821
480735.0,2625585.0,1.0,1.0399551336347244,0.9292850742314346,1.0118405566155853,0.6537459580982762,1.0002565808949655,1.186338422444426,1.0000394453204269,1.044665284822479,0.3333328979722623,3.173995232666598,1.7444769311303143,1.3529120537456203,0.8493735326902911,1.00033995882866,0.2823101738713379,0.469066379600821
481935.0,2625585.0,1.0,1.0399551336347244,0.9292850742314346,1.0118405566155853,0.1811219408570024,1.0002565808949655,1.186338422444426,1.0000394453204269,1.044665284822479,0.3333328979722623,0.9838591860296272,1.198102807372512,0.7503490707331599,0.8493735326902911,1.00033995882866,0.2823101738713379,0.469066379600821
483135.0,2625585.0,1.0,1.0399551336347244,0.9292850742314346,1.0118405566155853,0.6537459580982762,1.0002565808949655,1.186338422444426,1.0000394453204269,1.044665284822479,0.0,0.9838591860296272,1.7444769311303143,1.3529120537456203,0.8493735326902911,1.00033995882866,0.2823101738713379,0.469066379600821
484335.0,2625585.0,1.0,0.0,1.41919570500929,1.0118405566155853,0.1811219408570024,1.0002565808949655,1.186338422444426,1.0000394453204269,1.044665284822479,0.0,0.9838591860296272,0.0,1.3529120537456203,0.8493735326902911,1.00033995882866,0.2823101738713379,0.469066379600821
485535.0,2625585.0,1.0,0.0,0.9292850742314346,1.0118405566155853,3.1494459396812817,1.0002565808949655,1.186338422444426,1.0000394453204269,1.044665284822479,0.3333328979722623,0.9838591860296272,1.7444769311303143,1.3529120537456203,0.8493735326902911,1.00033995882866,0.2823101738713379,0.469066379600821
486735.0,2625585.0,1.0,0.0,0.8052262877203168,1.0118405566155853,0.1811219408570024,1.0002565808949655,0.8093391753830542,1.0000394453204269,1.044665284822479,2.666670149564333,0.9838591860296272,0.0,0.0,0.8493735326902911,1.00033995882866,0.2823101738713379,0.469066379600821
487935.0,2625585.0,1.0,0.0,0.9292850742314346,1.0118405566155853,0.1811219408570024,1.0002565808949655,1.186338422444426,1.0000394453204269,1.044665284822479,2.666670149564333,0.9838591860296272,1.198102807372512,0.7503490707331599,0.8493735326902911,1.00033995882866,0.2823101738713379,0.469066379600821
489135.0,2625585.0,1.0,0.0,0.9292850742314346,1.0118405566155853,0.6537459580982762,1.0002565808949655,0.8093391753830542,1.0000394453204269,1.044665284822479,1.9999973878335735,0.9838591860296272,1.198102807372512,0.7503490707331599,0.8493735326902911,1.00033995882866,0.2823101738713379,0.469066379600821
490335.0,2625585.0,1.0,1.0399551336347244,0.9292850742314346,1.0118405566155853,0.7386828595768657,1.0002565808949655,0.8093391753830542,1.0000394453204269,1.044665284822479,2.666670149564333,0.9838591860296272,1.198102807372512,0.7503490707331599,0.8493735326902911,1.00033995882866,0.2823101738713379,0.469066379600821
491535.0,2625585.0,1.0,1.0399551336347244,0.9292850742314346,1.0118405566155853,0.1811219408570024,1.0002565808949655,0.8093391753830542,1.0000394453204269,1.044665284822479,1.9999973878335735,0.9838591860296272,1.198102807372512,0.7503490707331599,0.8493735326902911,1.00033995882866,0.2823101738713379,0.469066379600821
492735.0,2625585.0,1.0,1.0399551336347244,0.8052262877203168,1.0118405566155853,3.1494459396812817,1.0002565808949655,0.8093391753830542,1.0000394453204269,1.044665284822479,1.9999973878335735,0.9838591860296272,1.7444769311303143,0.0,0.8493735326902911,1.00033995882866,1.8953159656210397,0.469066379600821
493935.0,2625585.0,1.0,1.0399551336347244,0.8052262877203168,1.0118405566155853,0.7386828595768657,1.0002565808949655,0.8093391753830542,1.0000394453204269,1.044665284822479,0.0,0.9838591860296272,1.198102807372512,1.3529120537456203,0.0,1.00033995882866,0.2823101738713379,0.469066379600821
495135.0,2625585.0,1.0,1.0399551336347244,1.41919570500929,1.0118405566155853,0.1811219408570024,1.0002565808949655,1.186338422444426,1.0000394453204269,1.044665284822479,1.9999973878335735,0.9838591860296272,0.7500965606764758,0.7503490707331599,0.8493735326902911,1.00033995882866,0.2823101738713379,0.469066379600821
496335.0,2625585.0,1.0,1.0399551336347244,0.9292850742314346,1.0118405566155853,0.6537459580982762,1.0002565808949655,1.186338422444426,1.0000394453204269,1.044665284822479,2.666670149564333,0.9838591860296272,0.7500965606764758,1.3529120537456203,0.8493735326902911,1.00033995882866,0.2823101738713379,0.469066379600821
497535.0,2625585.0,1.0,1.0399551336347244,0.9292850742314346,1.0118405566155853,3.1494459396812817,1.0002565808949655,1.186338422444426,1.0000394453204269,1.044665284822479,2.666670149564333,0.9838591860296272,1.7444769311303143,1.3529120537456203,0.8493735326902911,1.00033995882866,1.8953159656210397,0.469066379600821
498735.0,2625585.0,1.0,1.0399551336347244,0.9292850742314346,1.0118405566155853,0.7386828595768657,1.0002565808949655,0.8093391753830542,1.0000394453204269,1.044665284822479,1.9999973878335735,0.9838591860296272,1.198102807372512,0.7503490707331599,0.8493735326902911,1.00033995882866,0.2823101738713379,0.469066379600821
499935.0,2625585.0,1.0,1.0399551336347244,0.9292850742314346,1.0118405566155853,0.6537459580982762,1.0002565808949655,1.186338422444426,1.0000394453204269,1.044665284822479,0.3333328979722623,0.9838591860296272,1.198102807372512,0.7503490707331599,0.8493735326902911,1.00033995882866,0.2823101738713379,0.469066379600821
501135.0,2625585.0,1.0,1.0399551336347244,0.9292850742314346,1.0118405566155853,0.1811219408570024,1.0002565808949655,0.8093391753830542,1.0000394453204269,1.044665284822479,0.3333328979722623,0.9838591860296272,1.198102807372512,0.7503490707331599,0.8493735326902911,1.00033995882866,0.2823101738713379,0.469066379600821
502335.0,2625585.0,1.0,1.0399551336347244,0.9292850742314346,1.0118405566155853,0.6537459580982762,1.0002565808949655,0.8093391753830542,1.0000394453204269,1.044665284822479,0.3333328979722623,3.173995232666598,1.198102807372512,1.3529120537456203,0.8493735326902911,1.00033995882866,0.2823101738713379,0.469066379600821
463935.0,2624385.0,0.3333324626123284,1.0399551336347244,1.41919570500929,1.0118405566155853,0.0,1.0002565808949655,1.186338422444426,1.0000394453204269,1.044665284822479,0.0,0.9838591860296272,1.7444769311303143,1.3529120537456203,0.8493735326902911,1.00033995882866,0.2823101738713379,0.469066379600821
465135.0,2624385.0,2.6666666666666665,1.0399551336347244,0.9292850742314346,1.0118405566155853,3.1494459396812817,1.0002565808949655,0.8093391753830542,1.0000394453204269,0.8359572766454578,0.3333328979722623,0.9838591860296272,1.198102807372512,0.7503490707331599,0.8493735326902911,1.00033995882866,0.2823101738713379,0.469066379600821
466335.0,2624385.0,2.6666666666666665,1.0399551336347244,0.9292850742314346,1.0118405566155853,0.6537459580982762,1.0002565808949655,1.186338422444426,1.0000394453204269,0.8359572766454578,0.3333328979722623,0.9838591860296272,0.7500965606764758,1.3529120537456203,0.8493735326902911,1.00033995882866,0.2823101738713379,0.469066379600821
467535.0,2624385.0,2.6666666666666665,1.0399551336347244,0.9292850742314346,1.0118405566155853,0.1811219408570024,1.0002565808949655,0.8093391753830542,1.0000394453204269,0.8359572766454578,2.666670149564333,0.9838591860296272,0.7500965606764758,1.3529120537456203,0.8493735326902911,1.00033995882866,0.2823101738713379,0.469066379600821
468735.0,2624385.0,2.6666666666666665,1.0399551336347244,0.9292850742314346,1.0118405566155853,0.6537459580982762,1.0002565808949655,0.8093391753830542,1.0000394453204269,0.8359572766454578,2.666670149564333,0.9838591860296272,0.7500965606764758,0.7503490707331599,0.8493735326902911,1.00033995882866,40.7927349061228,0.469066379600821
469935.0,2624385.0,2.6666666666666665,1.0399551336347244,0.9292850742314346,1.0118405566155853,0.1811219408570024,1.0002565808949655,0.8093391753830542,1.0000394453204269,1.044665284822479,0.3333328979722623,0.9838591860296272,1.198102807372512,0.7503490707331599,3.643673812226212,1.00033995882866,40.7927349061228,0.469066379600821
471135.0,2624385.0,2.6666666666666665,1.0399551336347244,0.8052262877203168,1.0118405566155853,3.1494459396812817,1.0002565808949655,0.8093391753830542,1.0000394453204269,1.044665284822479,2.666670149564333,0.9838591860296272,1.198102807372512,1.3529120537456203,0.0,1.00033995882866,40.7927349061228,75.02812402006899
472335.0,2624385.0,1.0,1.0399551336347244,0.9292850742314346,1.0118405566155853,0.1811219408570024,1.0002565808949655,1.186338422444426,1.0000394453204269,1.044665284822479,1.9999973878335735,0.9838591860296272,1.7444769311303143,1.3529120537456203,0.8493735326902911,1.00033995882866,40.7927349061228,75.02812402006899
473535.0,2624385.0,2.6666666666666665,1.0399551336347244,0.9292850742314346,1.0118405566155853,0.6537459580982762,1.0002565808949655,1.186338422444426,1.0000394453204269,1.044665284822479,0.3333328979722623,3.173995232666598,0.7500965606764758,0.7503490707331599,0.8493735326902911,1.00033995882866,40.7927349061228,75.02812402006899
474735.0,2624385.0,2.6666666666666665,1.0399551336347244,0.8052262877203168,1.0118405566155853,3.1494459396812817,1.0002565808949655,1.186338422444426,1.0000394453204269,1.044665284822479,0.3333328979722623,0.0,0.7500965606764758,1.3529120537456203,0.8493735326902911,1.00033995882866,40.7927349061228,0.469066379600821
475935.0,2624385.0,2.6666666666666665,1.0399551336347244,1.41919570500929,1.0118405566155853,3.1494459396812817,1.0002565808949655,1.186338422444426,1.0000394453204269,0.8359572766454578,0.3333328979722623,1.0253001657841805,0.7500965606764758,1.3529120537456203,0.8493735326902911,1.00033995882866,1.8953159656210397,0.469066379600821
477135.0,2624385.0,2.6666666666666665,1.0399551336347244,1.41919570500929,1.0118405566155853,0.1811219408570024,1.0002565808949655,1.186338422444426,1.0000394453204269,0.8359572766454578,0.3333328979722623,1.0253001657841805,1.7444769311303143,1.3529120537456203,0.8493735326902911,1.00033995882866,0.2823101738713379,0.469066379600821
478335.0,2624385.0,2.6666666666666665,1.0399551336347244,0.8052262877203168,1.0118405566155853,0.7386828595768657,1.0002565808949655,0.8093391753830542,1.0000394453204269,1.044665284822479,0.3333328979722623,0.0,1.198102807372512,1.3529120537456203,0.8493735326902911,1.00033995882866,0.2823101738713379,0.469066379600821
479535.0,2624385.0,1.0,1.0399551336347244,0.8052262877203168,1.0118405566155853,0.1811219408570024,1.0002565808949655,0.8093391753830542,1.0000394453204269,1.044665284822479,2.666670149564333,0.0,1.198102807372512,1.3529120537456203,3.643673812226212,1.00033995882866,0.2823101738713379,0.469066379600821
480735.0,2624385.0,1.0,1.0399551336347244,0.8052262877203168,1.0118405566155853,3.1494459396812817,1.0002565808949655,0.8093391753830542,1.0000394453204269,1.044665284822479,0.3333328979722623,3.173995232666598,1.2466998513365868,1.3529120537456203,0.0,1.00033995882866,0.2823101738713379,0.469066379600821
481935.0,2624385.0,1.0,1.0399551336347244,0.9292850742314346,1.0118405566155853,3.1494459396812817,1.0002565808949655,0.8093391753830542,1.0000394453204269,1.044665284822479,0.0,0.9838591860296272,0.0,0.0,0.8493735326902911,1.00033995882866,0.2823101738713379,0.469066379600821
483135.0,2624385.0,1.0,1.0399551336347244,0.9292850742314346,1.0118405566155853,0.6537459580982762,1.0002565808949655,0.8093391753830542,1.0000394453204269,1.044665284822479,0.0,0.9838591860296272,1.198102807372512,0.7503490707331599,0.8493735326902911,1.00033995882866,0.2823101738713379,0.469066379600821
484335.0,2624385.0,1.0,1.0399551336347244,0.9292850742314346,1.0118405566155853,3.1494459396812817,1.0002565808949655,1.186338422444426,1.0000394453204269,1.044665284822479,0.3333328979722623,0.9838591860296272,1.198102807372512,0.7503490707331599,0.8493735326902911,1.00033995882866,1.8953159656210397,0.469066379600821
485535.0,2624385.0,1.0,1.0399551336347244,0.9292850742314346,1.0118405566155853,3.1494459396812817,1.0002565808949655,1.186338422444426,1.0000394453204269,1.044665284822479,2.666670149564333,0.9838591860296272,0.7500965606764758,0.7503490707331599,0.8493735326902911,1.00033995882866,0.2823101738713379,0.469066379600821
486735.0,2624385.0,1.0,1.0399551336347244,0.8052262877203168,1.0118405566155853,3.1494459396812817,1.0002565808949655,0.8093391753830542,1.0000394453204269,1.044665284822479,1.9999973878335735,0.9838591860296272,1.2466998513365868,1.3529120537456203,0.0,1.00033995882866,0.2823101738713379,0.469066379600821
487935.0,2624385.0,1.0,1.0399551336347244,0.9292850742314346,1.0118405566155853,3.1494459396812817,1.0002565808949655,1.186338422444426,1.0000394453204269,1.044665284822479,0.3333328979722623,0.9838591860296272,1.198102807372512,0.7503490707331599,0.8493735326902911,1.00033995882866,0.2823101738713379,0.469066379600821
489135.0,2624385.0,1.0,1.0399551336347244,0.9292850742314346,1.0118405566155853,0.6537459580982762,1.0002565808949655,0.8093391753830542,1.0000394453204269,1.044665284822479,2.666670149564333,0.9838591860296272,1.198102807372512,0.7503490707331599,3.643673812226212,1.00033995882866,0.2823101738713379,0.469066379600821
490335.0,2624385.0,1.0,1.0399551336347244,0.8052262877203168,1.0118405566155853,3.1494459396812817,1.0002565808949655,0.8093391753830542,1.0000394453204269,1.044665284822479,1.9999973878335735,0.9838591860296272,1.2466998513365868,1.3529120537456203,0.0,1.00033995882866,0.2823101738713379,0.469066379600821
491535.0,2624385.0,1.0,1.0399551336347244,0.8052262877203168,1.0118405566155853,0.1811219408570024,1.0002565808949655,0.8093391753830542,1.0000394453204269,1.044665284822479,2.666670149564333,0.9838591860296272,1.198102807372512,1.3529120537456203,3.643673812226212,1.00033995882866,0.2823101738713379,0.469066379600821
492735.0,2624385.0,1.0,1.0399551336347244,1.41919570500929,1.0118405566155853,0.1811219408570024,1.0002565808949655,0.8093391753830542,1.0000394453204269,1.044665284822479,0.3333328979722623,0.9838591860296272,1.7444769311303143,1.3529120537456203,0.8493735326902911,1.00033995882866,0.2823101738713379,0.469066379600821
493935.0,2624385.0,1.0,1.0399551336347244,0.9292850742314346,1.0118405566155853,0.1811219408570024,1.0002565808949655,1.186338422444426,1.0000394453204269,1.044665284822479,2.666670149564333,0.9838591860296272,1.7444769311303143,1.3529120537456203,0.8493735326902911,1.00033995882866,0.2823101738713379,0.469066379600821
495135.0,2624385.0,1.0,1.0399551336347244,1.41919570500929,1.0118405566155853,0.1811219408570024,1.0002565808949655,1.186338422444426,1.0000394453204269,1.044665284822479,2.666670149564333,0.9838591860296272,0.7500965606764758,0.7503490707331599,0.8493735326902911,1.00033995882866,0.2823101738713379,0.469066379600821
496335.0,2624385.0,1.0,1.0399551336347244,0.8052262877203168,1.0118405566155853,3.1494459396812817,1.0002565808949655,0.8093391753830542,1.0000394453204269,1.044665284822479,2.666670149564333,0.9838591860296272,0.7500965606764758,1.3529120537456203,0.8493735326902911,1.00033995882866,0.2823101738713379,0.469066379600821
497535.0,2624385.0,1.0,1.0399551336347244,0.9292850742314346,1.0118405566155853,0.7386828595768657,1.0002565808949655,0.8093391753830542,1.0000394453204269,1.044665284822479,1.9999973878335735,0.9838591860296272,1.198102807372512,1.3529120537456203,0.8493735326902911,1.00033995882866,0.2823101738713379,0.469066379600821
498735.0,2624385.0,1.0,1.0399551336347244,1.41919570500929,1.0118405566155853,0.6537459580982762,1.0002565808949655,1.186338422444426,1.0000394453204269,1.044665284822479,0.3333328979722623,0.9838591860296272,0.7500965606764758,0.7503490707331599,0.8493735326902911,1.00033995882866,0.2823101738713379,0.469066379600821
499935.0,2624385.0,1.0,1.0399551336347244,0.9292850742314346,1.0118405566155853,0.1811219408570024,1.0002565808949655,1.186338422444426,1.0000394453204269,1.044665284822479,0.3333328979722623,0.9838591860296272,1.198102807372512,0.7503490707331599,0.8493735326902911,1.00033995882866,0.2823101738713379,0.469066379600821
501135.0,2624385.0,1.0,1.0399551336347244,0.9292850742314346,1.0118405566155853,0.1811219408570024,1.0002565808949655,0.8093391753830542,1.0000394453204269,1.044665284822479,0.3333328979722623,0.9838591860296272,1.198102807372512,0.7503490707331599,0.8493735326902911,1.00033995882866,0.2823101738713379,0.469066379600821
502335.0,2624385.0,1.0,1.0399551336347244,0.8052262877203168,1.0118405566155853,0.1811219408570024,1.0002565808949655,0.8093391753830542,1.0000394453204269,1.044665284822479,0.0,0.0,1.198102807372512,0.7503490707331599,3.643673812226212,1.00033995882866,0.2823101738713379,0.469066379600821
465135.0,2623185.0,2.6666666666666665,1.0399551336347244,0.0,1.0118405566155853,0.6537459580982762,1.0002565808949655,0.8093391753830542,1.0000394453204269,1.044665284822479,0.0,0.9838591860296272,0.7500965606764758,0.7503490707331599,0.8493735326902911,1.00033995882866,0.2823101738713379,0.469066379600821
466335.0,2623185.0,2.6666666666666665,1.0399551336347244,0.9292850742314346,1.0118405566155853,0.6537459580982762,1.0002565808949655,1.186338422444426,1.0000394453204269,0.8359572766454578,0.0,0.9838591860296272,1.198102807372512,0.7503490707331599,0.8493735326902911,1.00033995882866,0.2823101738713379,0.469066379600821
467535.0,2623185.0,2.6666666666666665,1.0399551336347244,0.9292850742314346,1.0118405566155853,3.1494459396812817,1.0002565808949655,1.186338422444426,1.0000394453204269,0.8359572766454578,0.3333328979722623,0.9838591860296272,0.0,1.3529120537456203,0.8493735326902911,1.00033995882866,0.2823101738713379,0.469066379600821
468735.0,2623185.0,2.6666666666666665,1.0399551336347244,1.41919570500929,1.0118405566155853,0.6537459580982762,1.0002565808949655,0.8093391753830542,1.0000394453204269,0.8359572766454578,2.666670149564333,0.9838591860296272,0.7500965606764758,0.7503490707331599,0.8493735326902911,1.00033995882866,1.8953159656210397,0.469066379600821
469935.0,2623185.0,2.6666666666666665,1.0399551336347244,1.41919570500929,1.0118405566155853,0.6537459580982762,1.0002565808949655,1.186338422444426,1.0000394453204269,1.044665284822479,0.3333328979722623,0.9838591860296272,0.7500965606764758,0.7503490707331599,0.8493735326902911,1.00033995882866,0.2823101738713379,0.469066379600821
471135.0,2623185.0,1.0,1.0399551336347244,0.9292850742314346,1.0118405566155853,0.7386828595768657,1.0002565808949655,0.8093391753830542,1.0000394453204269,1.044665284822479,2.666670149564333,0.9838591860296272,1.7444769311303143,1.3529120537456203,0.8493735326902911,1.00033995882866,40.7927349061228,75.02812402006899
472335.0,2623185.0,1.0,1.0399551336347244,0.8052262877203168,1.0118405566155853,0.6537459580982762,1.0002565808949655,0.8093391753830542,1.0000394453204269,0.8359572766454578,1.9999973878335735,0.9838591860296272,1.2466998513365868,1.3529120537456203,0.0,1.00033995882866,40.7927349061228,75.02812402006899
473535.0,2623185.0,1.0,1.0399551336347244,0.9292850742314346,1.0118405566155853,0.1811219408570024,1.0002565808949655,1.186338422444426,1.0000394453204269,0.8359572766454578,0.3333328979722623,3.173995232666598,0.0,0.0,0.8493735326902911,1.00033995882866,1.8953159656210397,0.469066379600821
474735.0,2623185.0,2.6666666666666665,1.0399551336347244,1.41919570500929,1.0118405566155853,0.1811219408570024,1.0002565808949655,1.186338422444426,1.0000394453204269,0.8359572766454578,0.0,0.0,1.7444769311303143,0.7503490707331599,0.8493735326902911,1.00033995882866,0.2823101738713379,0.469066379600821
475935.0,2623185.0,2.6666666666666665,1.0399551336347244,1.41919570500929,1.0118405566155853,3.1494459396812817,1.0002565808949655,0.8093391753830542,1.0000394453204269,0.8359572766454578,0.3333328979722623,1.0253001657841805,0.7500965606764758,0.7503490707331599,0.8493735326902911,1.00033995882866,0.2823101738713379,0.469066379600821
477135.0,2623185.0,2.6666666666666665,1.0399551336347244,1.41919570500929,1.0118405566155853,0.1811219408570024,1.0002565808949655,1.186338422444426,1.0000394453204269,1.044665284822479,0.3333328979722623,1.0253001657841805,0.7500965606764758,0.7503490707331599,0.8493735326902911,1.00033995882866,0.2823101738713379,0.469066379600821
478335.0,2623185.0,2.6666666666666665,1.0399551336347244,1.41919570500929,1.0118405566155853,0.1811219408570024,1.0002565808949655,1.186338422444426,1.0000394453204269,1.044665284822479,2.666670149564333,0.0,1.7444769311303143,1.3529120537456203,0.8493735326902911,1.00033995882866,0.2823101738713379,0.469066379600821
479535.0,2623185.0,1.0,1.0399551336347244,0.9292850742314346,1.0118405566155853,0.1811219408570024,1.0002565808949655,1.186338422444426,1.0000394453204269,1.044665284822479,0.3333328979722623,0.0,0.0,0.0,0.8493735326902911,1.00033995882866,40.7927349061228,0.469066379600821
480735.0,2623185.0,1.0,1.0399551336347244,0.9292850742314346,1.0118405566155853,0.1811219408570024,1.0002565808949655,0.8093391753830542,1.0000394453204269,1.044665284822479,0.3333328979722623,3.173995232666598,0.7500965606764758,1.3529120537456203,0.8493735326902911,1.00033995882866,0.2823101738713379,0.469066379600821
481935.0,2623185.0,1.0,1.0399551336347244,0.9292850742314346,1.0118405566155853,0.1811219408570024,1.0002565808949655,0.8093391753830542,1.0000394453204269,1.044665284822479,0.0,0.9838591860296272,1.198102807372512,0.7503490707331599,0.8493735326902911,1.00033995882866,0.2823101738713379,0.469066379600821
483135.0,2623185.0,1.0,1.0399551336347244,1.41919570500929,1.0118405566155853,0.1811219408570024,1.0002565808949655,1.186338422444426,1.0000394453204269,1.044665284822479,0.0,0.9838591860296272,0.7500965606764758,0.7503490707331599,0.8493735326902911,1.00033995882866,0.2823101738713379,0.469066379600821
484335.0,2623185.0,1.0,1.0399551336347244,1.41919570500929,1.0118405566155853,0.6537459580982762,1.0002565808949655,0.8093391753830542,1.0000394453204269,1.044665284822479,0.3333328979722623,0.9838591860296272,0.7500965606764758,0.7503490707331599,0.8493735326902911,1.00033995882866,0.2823101738713379,0.469066379600821
485535.0,2623185.0,1.0,1.0399551336347244,0.9292850742314346,1.0118405566155853,3.1494459396812817,1.0002565808949655,1.186338422444426,1.0000394453204269,1.044665284822479,2.666670149564333,0.9838591860296272,1.198102807372512,0.7503490707331599,0.8493735326902911,1.00033995882866,40.7927349061228,0.469066379600821
486735.0,2623185.0,1.0,1.0399551336347244,0.9292850742314346,1.0118405566155853,0.6537459580982762,1.0002565808949655,0.8093391753830542,1.0000394453204269,1.044665284822479,2.666670149564333,0.9838591860296272,1.198102807372512,0.7503490707331599,0.8493735326902911,1.00033995882866,0.2823101738713379,0.469066379600821
487935.0,2623185.0,1.0,1.0399551336347244,0.9292850742314346,1.0118405566155853,0.1811219408570024,1.0002565808949655,0.8093391753830542,1.0000394453204269,1.044665284822479,0.3333328979722623,0.9838591860296272,1.198102807372512,0.7503490707331599,3.643673812226212,1.00033995882866,0.2823101738713379,0.469066379600821
489135.0,2623185.0,1.0,1.0399551336347244,0.8052262877203168,1.0118405566155853,0.6537459580982762,1.0002565808949655,1.186338422444426,1.0000394453204269,1.044665284822479,2.666670149564333,0.9838591860296272,1.7444769311303143,0.0,0.8493735326902911,1.00033995882866,0.2823101738713379,0.469066379600821
490335.0,2623185.0,1.0,1.0399551336347244,1.41919570500929,1.0118405566155853,0.1811219408570024,1.0002565808949655,0.8093391753830542,1.0000394453204269,1.044665284822479,0.3333328979722623,0.9838591860296272,1.7444769311303143,1.3529120537456203,0.8493735326902911,1.00033995882866,0.2823101738713379,0.469066379600821
491535.0,2623185.0,1.0,1.0399551336347244,0.9292850742314346,1.0118405566155853,3.1494459396812817,1.0002565808949655,0.8093391753830542,1.0000394453204269,1.044665284822479,2.666670149564333,0.9838591860296272,1.198102807372512,0.7503490707331599,0.8493735326902911,1.00033995882866,0.2823101738713379,0.469066379600821
492735.0,2623185.0,1.0,1.0399551336347244,1.41919570500929,1.0118405566155853,0.7386828595768657,1.0002565808949655,0.8093391753830542,1.0000394453204269,1.044665284822479,2.666670149564333,0.9838591860296272,1.7444769311303143,1.3529120537456203,0.8493735326902911,1.00033995882866,0.2823101738713379,0.469066379600821
493935.0,2623185.0,1.0,1.0399551336347244,0.9292850742314346,1.0118405566155853,0.6537459580982762,1.0002565808949655,0.8093391753830542,1.0000394453204269,1.044665284822479,1.9999973878335735,0.9838591860296272,1.198102807372512,0.7503490707331599,0.8493735326902911,1.00033995882866,0.2823101738713379,0.469066379600821
495135.0,2623185.0,1.0,1.0399551336347244,0.8052262877203168,1.0118405566155853,0.1811219408570024,1.0002565808949655,1.186338422444426,1.0000394453204269,1.044665284822479,1.9999973878335735,0.9838591860296272,0.0,0.0,0.8493735326902911,1.00033995882866,0.2823101738713379,0.469066379600821
496335.0,2623185.0,1.0,1.0399551336347244,0.9292850742314346,1.0118405566155853,0.6537459580982762,1.0002565808949655,1.186338422444426,1.0000394453204269,1.044665284822479,2.666670149564333,0.9838591860296272,1.198102807372512,0.7503490707331599,0.8493735326902911,1.00033995882866,0.2823101738713379,0.469066379600821
497535.0,2623185.0,1.0,1.0399551336347244,0.9292850742314346,1.0118405566155853,0.6537459580982762,1.0002565808949655,0.8093391753830542,1.0000394453204269,1.044665284822479,1.9999973878335735,0.9838591860296272,1.198102807372512,0.7503490707331599,0.8493735326902911,1.00033995882866,0.2823101738713379,0.469066379600821
498735.0,2623185.0,1.0,1.0399551336347244,0.9292850742314346,1.0118405566155853,0.1811219408570024,1.0002565808949655,1.186338422444426,1.0000394453204269,1.044665284822479,0.3333328979722623,0.9838591860296272,0.0,1.3529120537456203,0.8493735326902911,1.00033995882866,0.2823101738713379,0.469066379600821
499935.0,2623185.0,1.0,1.0399551336347244,0.9292850742314346,1.0118405566155853,0.6537459580982762,1.0002565808949655,1.186338422444426,1.0000394453204269,1.044665284822479,2.666670149564333,0.9838591860296272,0.7500965606764758,1.3529120537456203,0.8493735326902911,1.00033995882866,0.2823101738713379,0.469066379600821
501135.0,2623185.0,1.0,1.0399551336347244,0.9292850742314346,1.0118405566155853,3.1494459396812817,1.0002565808949655,0.8093391753830542,1.0000394453204269,1.044665284822479,0.3333328979722623,3.173995232666598,1.198102807372512,0.7503490707331599,3.643673812226212,1.00033995882866,0.2823101738713379,0.469066379600821
502335.0,2623185.0,1.0,1.0399551336347244,0.9292850742314346,1.0118405566155853,0.6537459580982762,1.0002565808949655,1.186338422444426,1.0000394453204269,1.044665284822479,0.3333328979722623,0.0,0.7500965606764758,1.3529120537456203,0.8493735326902911,1.00033995882866,0.2823101738713379,0.469066379600821
466335.0,2621985.0,2.6666666666666665,1.0399551336347244,0.8052262877203168,1.0118405566155853,0.1811219408570024,1.0002565808949655,1.186338422444426,1.0000394453204269,0.8359572766454578,0.0,0.9838591860296272,1.198102807372512,1.3529120537456203,0.8493735326902911,1.00033995882866,0.2823101738713379,0.469066379600821
467535.0,2621985.0,2.6666666666666665,1.0399551336347244,0.9292850742314346,1.0118405566155853,0.1811219408570024,1.0002565808949655,0.8093391753830542,1.0000394453204269,0.8359572766454578,0.0,0.9838591860296272,0.7500965606764758,0.7503490707331599,0.8493735326902911,1.00033995882866,0.2823101738713379,0.469066379600821
468735.0,2621985.0,2.6666666666666665,1.0399551336347244,0.9292850742314346,1.0118405566155853,0.1811219408570024,1.0002565808949655,1.186338422444426,1.0000394453204269,0.8359572766454578,0.3333328979722623,0.9838591860296272,1.7444769311303143,1.3529120537456203,0.8493735326902911,1.00033995882866,0.2823101738713379,0.469066379600821
469935.0,2621985.0,2.6666666666666665,1.0399551336347244,1.41919570500929,1.0118405566155853,0.1811219408570024,1.0002565808949655,1.186338422444426,1.0000394453204269,0.8359572766454578,0.3333328979722623,0.9838591860296272,0.7500965606764758,1.3529120537456203,0.8493735326902911,1.00033995882866,0.2823101738713379,0.469066379600821
471135.0,2621985.0,1.0,1.0399551336347244,1.41919570500929,1.0118405566155853,3.1494459396812817,1.0002565808949655,1.186338422444426,1.0000394453204269,1.044665284822479,2.666670149564333,0.9838591860296272,1.7444769311303143,1.3529120537456203,0.8493735326902911,1.00033995882866,40.7927349061228,75.02812402006899
472335.0,2621985.0,1.0,1.0399551336347244,1.41919570500929,1.0118405566155853,0.6537459580982762,1.0002565808949655,1.186338422444426,1.0000394453204269,0.8359572766454578,2.666670149564333,0.9838591860296272,0.7500965606764758,0.7503490707331599,0.8493735326902911,1.00033995882866,0.2823101738713379,0.469066379600821
473535.0,2621985.0,1.0,1.0399551336347244,1.41919570500929,1.0118405566155853,0.6537459580982762,1.0002565808949655,1.186338422444426,1.0000394453204269,0.8359572766454578,0.3333328979722623,3.173995232666598,0.7500965606764758,0.7503490707331599,0.8493735326902911,1.00033995882866,1.8953159656210397,0.469066379600821
474735.0,2621985.0,2.6666666666666665,1.0399551336347244,0.9292850742314346,1.0118405566155853,0.6537459580982762,1.0002565808949655,0.8093391753830542,1.0000394453204269,0.8359572766454578,0.0,0.0,1.198102807372512,0.7503490707331599,0.8493735326902911,1.00033995882866,0.2823101738713379,0.469066379600821
475935.0,2621985.0,2.6666666666666665,1.0399551336347244,1.41919570500929,1.0118405566155853,0.7386828595768657,1.0002565808949655,0.8093391753830542,1.0000394453204269,1.044665284822479,0.3333328979722623,1.0253001657841805,0.7500965606764758,0.7503490707331599,0.8493735326902911,1.00033995882866,1.8953159656210397,0.469066379600821
477135.0,2621985.0,2.6666666666666665,1.0399551336347244,0.9292850742314346,1.0118405566155853,3.1494459396812817,1.0002565808949655,0.8093391753830542,1.0000394453204269,1.044665284822479,2.666670149564333,1.0253001657841805,0.7500965606764758,1.3529120537456203,0.8493735326902911,1.00033995882866,0.2823101738713379,0.469066379600821
478335.0,2621985.0,1.0,1.0399551336347244,0.8052262877203168,1.0118405566155853,0.6537459580982762,1.0002565808949655,1.186338422444426,1.0000394453204269,1.044665284822479,2.666670149564333,0.0,1.7444769311303143,0.0,0.8493735326902911,1.00033995882866,0.2823101738713379,0.469066379600821
479535.0,2621985.0,1.0,1.0399551336347244,0.8052262877203168,1.0118405566155853,0.1811219408570024,1.0002565808949655,0.8093391753830542,1.0000394453204269,1.044665284822479,0.3333328979722623,0.0,1.2466998513365868,1.3529120537456203,0.0,1.00033995882866,0.2823101738713379,0.469066379600821
480735.0,2621985.0,1.0,1.0399551336347244,0.8052262877203168,1.0118405566155853,3.1494459396812817,1.0002565808949655,1.186338422444426,1.0000394453204269,1.044665284822479,0.0,3.173995232666598,1.198102807372512,1.3529120537456203,0.8493735326902911,1.00033995882866,0.2823101738713379,0.469066379600821
481935.0,2621985.0,1.0,1.0399551336347244,0.9292850742314346,1.0118405566155853,0.6537459580982762,1.0002565808949655,1.186338422444426,1.0000394453204269,1.044665284822479,0.0,0.9838591860296272,0.7500965606764758,1.3529120537456203,0.8493735326902911,1.00033995882866,0.2823101738713379,0.469066379600821
483135.0,2621985.0,1.0,1.0399551336347244,1.41919570500929,1.0118405566155853,0.1811219408570024,1.0002565808949655,1.186338422444426,1.0000394453204269,1.044665284822479,0.0,0.9838591860296272,0.7500965606764758,0.7503490707331599,0.8493735326902911,1.00033995882866,0.2823101738713379,0.469066379600821
484335.0,2621985.0,1.0,1.0399551336347244,0.9292850742314346,1.0118405566155853,0.6537459580982762,1.0002565808949655,0.8093391753830542,1.0000394453204269,1.044665284822479,0.3333328979722623,0.9838591860296272,0.7500965606764758,1.3529120537456203,0.8493735326902911,1.00033995882866,0.2823101738713379,0.469066379600821
485535.0,2621985.0,1.0,1.0399551336347244,1.41919570500929,1.0118405566155853,3.1494459396812817,1.0002565808949655,1.186338422444426,1.0000394453204269,1.044665284822479,2.666670149564333,0.9838591860296272,1.7444769311303143,1.3529120537456203,0.8493735326902911,1.00033995882866,0.2823101738713379,0.469066379600821
486735.0,2621985.0,1.0,1.0399551336347244,0.8052262877203168,1.0118405566155853,3.1494459396812817,1.0002565808949655,0.8093391753830542,1.0000394453204269,1.044665284822479,0.3333328979722623,0.9838591860296272,1.198102807372512,1.3529120537456203,3.643673812226212,1.00033995882866,0.2823101738713379,0.469066379600821
487935.0,2621985.0,1.0,1.0399551336347244,0.9292850742314346,1.0118405566155853,0.6537459580982762,1.0002565808949655,1.186338422444426,1.0000394453204269,1.044665284822479,0.0,0.9838591860296272,0.7500965606764758,1.3529120537456203,0.8493735326902911,1.00033995882866,0.2823101738713379,0.469066379600821
489135.0,2621985.0,1.0,1.0399551336347244,0.8052262877203168,1.0118405566155853,0.1811219408570024,1.0002565808949655,0.8093391753830542,1.0000394453204269,1.044665284822479,0.3333328979722623,0.9838591860296272,0.0,0.0,0.8493735326902911,1.00033995882866,0.2823101738713379,0.469066379600821
490335.0,2621985.0,1.0,1.0399551336347244,0.9292850742314346,1.0118405566155853,0.6537459580982762,1.0002565808949655,1.186338422444426,1.0000394453204269,1.044665284822479,0.3333328979722623,0.9838591860296272,1.198102807372512,0.7503490707331599,3.643673812226212,1.00033995882866,0.2823101738713379,0.469066379600821
491535.0,2621985.0,1.0,1.0399551336347244,1.41919570500929,1.0118405566155853,0.6537459580982762,1.0002565808949655,1.186338422444426,1.0000394453204269,1.044665284822479,0.3333328979722623,0.9838591860296272,1.7444769311303143,1.3529120537456203,0.8493735326902911,1.00033995882866,0.2823101738713379,0.469066379600821
492735.0,2621985.0,1.0,1.0399551336347244,0.9292850742314346,1.0118405566155853,3.1494459396812817,1.0002565808949655,0.8093391753830542,1.0000394453204269,1.044665284822479,2.666670149564333,0.9838591860296272,0.7500965606764758,1.3529120537456203,0.8493735326902911,1.00033995882866,0.2823101738713379,0.469066379600821
493935.0,2621985.0,1.0,1.0399551336347244,0.8052262877203168,1.0118405566155853,0.6537459580982762,1.0002565808949655,1.186338422444426,1.0000394453204269,1.044665284822479,1.9999973878335735,0.9838591860296272,1.198102807372512,1.3529120537456203,0.8493735326902911,1.00033995882866,1.8953159656210397,0.469066379600821
495135.0,2621985.0,1.0,1.0399551336347244,0.9292850742314346,1.0118405566155853,0.6537459580982762,1.0002565808949655,0.8093391753830542,1.0000394453204269,1.044665284822479,0.0,0.9838591860296272,1.198102807372512,0.7503490707331599,0.8493735326902911,1.00033995882866,0.2823101738713379,0.469066379600821
496335.0,2621985.0,1.0,1.0399551336347244,0.9292850742314346,1.0118405566155853,3.1494459396812817,1.0002565808949655,0.8093391753830542,1.0000394453204269,1.044665284822479,1.9999973878335735,0.9838591860296272,0.7500965606764758,1.3529120537456203,0.8493735326902911,1.00033995882866,0.2823101738713379,0.469066379600821
497535.0,2621985.0,1.0,1.0399551336347244,0.9292850742314346,1.0118405566155853,0.1811219408570024,1.0002565808949655,0.8093391753830542,1.0000394453204269,1.044665284822479,2.666670149564333,0.9838591860296272,0.7500965606764758,1.3529120537456203,0.8493735326902911,1.00033995882866,0.2823101738713379,0.469066379600821
498735.0,2621985.0,1.0,1.0399551336347244,1.41919570500929,1.0118405566155853,0.1811219408570024,1.0002565808949655,1.186338422444426,1.0000394453204269,1.044665284822479,2.666670149564333,0.9838591860296272,0.7500965606764758,0.7503490707331599,0.8493735326902911,1.00033995882866,0.2823101738713379,0.469066379600821
499935.0,2621985.0,1.0,1.0399551336347244,0.9292850742314346,1.0118405566155853,0.1811219408570024,1.0002565808949655,0.8093391753830542,1.0000394453204269,1.044665284822479,0.3333328979722623,0.9838591860296272,0.0,0.0,0.8493735326902911,1.00033995882866,0.2823101738713379,0.469066379600821
501135.0,2621985.0,1.0,1.0399551336347244,1.41919570500929,1.0118405566155853,0.1811219408570024,1.0002565808949655,1.186338422444426,1.0000394453204269,1.044665284822479,0.3333328979722623,3.173995232666598,0.0,1.3529120537456203,0.8493735326902911,1.00033995882866,0.2823101738713379,0.469066379600821
502335.0,2621985.0,1.0,1.0399551336347244,1.41919570500929,1.0118405566155853,0.6537459580982762,1.0002565808949655,0.8093391753830542,1.0000394453204269,1.044665284822479,0.0,0.0,1.7444769311303143,1.3529120537456203,0.8493735326902911,1.00033995882866,0.2823101738713379,0.469066379600821
466335.0,2620785.0,2.6666666666666665,1.0399551336347244,0.9292850742314346,1.0118405566155853,3.1494459396812817,1.0002565808949655,0.8093391753830542,1.0000394453204269,0.8359572766454578,0.0,0.9838591860296272,1.198102807372512,0.7503490707331599,0.8493735326902911,1.00033995882866,0.2823101738713379,0.469066379600821
467535.0,2620785.0,2.6666666666666665,1.0399551336347244,1.41919570500929,1.0118405566155853,0.1811219408570024,1.0002565808949655,0.8093391753830542,1.0000394453204269,0.8359572766454578,0.3333328979722623,0.9838591860296272,0.7500965606764758,0.7503490707331599,0.8493735326902911,1.00033995882866,0.2823101738713379,0.469066379600821
468735.0,2620785.0,2.6666666666666665,1.0399551336347244,0.9292850742314346,1.0118405566155853,0.1811219408570024,1.0002565808949655,1.186338422444426,1.0000394453204269,0.8359572766454578,0.3333328979722623,0.9838591860296272,1.7444769311303143,1.3529120537456203,0.8493735326902911,1.00033995882866,0.2823101738713379,0.469066379600821
469935.0,2620785.0,2.6666666666666665,1.0399551336347244,0.9292850742314346,1.0118405566155853,0.1811219408570024,1.0002565808949655,1.186338422444426,1.0000394453204269,0.8359572766454578,0.3333328979722623,0.9838591860296272,1.7444769311303143,1.3529120537456203,0.8493735326902911,1.00033995882866,0.2823101738713379,0.469066379600821
471135.0,2620785.0,2.6666666666666665,1.0399551336347244,0.8052262877203168,1.0118405566155853,3.1494459396812817,1.0002565808949655,1.186338422444426,1.0000394453204269,0.8359572766454578,2.666670149564333,0.9838591860296272,1.198102807372512,1.3529120537456203,3.643673812226212,1.00033995882866,0.2823101738713379,0.469066379600821
472335.0,2620785.0,1.0,1.0399551336347244,1.41919570500929,1.0118405566155853,0.6537459580982762,1.0002565808949655,1.186338422444426,1.0000394453204269,0.8359572766454578,2.666670149564333,0.9838591860296272,1.7444769311303143,1.3529120537456203,0.8493735326902911,1.00033995882866,1.8953159656210397,0.469066379600821
473535.0,2620785.0,1.0,1.0399551336347244,0.8052262877203168,1.0118405566155853,0.1811219408570024,1.0002565808949655,0.8093391753830542,1.0000394453204269,0.8359572766454578,0.0,3.173995232666598,0.0,0.0,0.8493735326902911,1.00033995882866,0.2823101738713379,0.469066379600821
474735.0,2620785.0,2.6666666666666665,1.0399551336347244,0.9292850742314346,1.0118405566155853,0.1811219408570024,1.0002565808949655,0.8093391753830542,1.0000394453204269,0.8359572766454578,0.0,0.0,1.198102807372512,0.7503490707331599,0.8493735326902911,1.00033995882866,0.2823101738713379,0.469066379600821
475935.0,2620785.0,2.6666666666666665,1.0399551336347244,1.41919570500929,1.0118405566155853,0.7386828595768657,1.0002565808949655,1.186338422444426,1.0000394453204269,0.8359572766454578,2.666670149564333,1.0253001657841805,0.0,1.3529120537456203,0.8493735326902911,1.00033995882866,0.2823101738713379,0.469066379600821
477135.0,2620785.0,2.6666666666666665,1.0399551336347244,0.8052262877203168,1.0118405566155853,0.6537459580982762,1.0002565808949655,1.186338422444426,1.0000394453204269,1.044665284822479,2.666670149564333,1.0253001657841805,1.198102807372512,1.3529120537456203,0.8493735326902911,1.00033995882866,0.2823101738713379,0.469066379600821
478335.0,2620785.0,1.0,1.0399551336347244,0.8052262877203168,1.0118405566155853,0.1811219408570024,1.0002565808949655,1.186338422444426,1.0000394453204269,1.044665284822479,2.666670149564333,0.0,1.198102807372512,1.3529120537456203,0.8493735326902911,1.00033995882866,0.2823101738713379,0.469066379600821
479535.0,2620785.0,1.0,1.0399551336347244,0.9292850742314346,1.0118405566155853,0.1811219408570024,1.0002565808949655,1.186338422444426,1.0000394453204269,1.044665284822479,0.3333328979722623,0.0,0.7500965606764758,1.3529120537456203,0.8493735326902911,1.00033995882866,0.2823101738713379,0.469066379600821
480735.0,2620785.0,1.0,1.0399551336347244,0.9292850742314346,1.0118405566155853,0.6537459580982762,1.0002565808949655,0.8093391753830542,1.0000394453204269,1.044665284822479,0.0,3.173995232666598,0.7500965606764758,1.3529120537456203,0.8493735326902911,1.00033995882866,0.2823101738713379,0.469066379600821
481935.0,2620785.0,1.0,1.0399551336347244,0.9292850742314346,1.0118405566155853,0.6537459580982762,1.0002565808949655,0.8093391753830542,1.0000394453204269,1.044665284822479,0.0,0.9838591860296272,1.198102807372512,0.7503490707331599,0.8493735326902911,1.00033995882866,0.2823101738713379,0.469066379600821
483135.0,2620785.0,1.0,1.0399551336347244,0.9292850742314346,1.0118405566155853,0.6537459580982762,1.0002565808949655,0.8093391753830542,1.0000394453204269,1.044665284822479,0.0,0.9838591860296272,1.198102807372512,0.7503490707331599,0.8493735326902911,1.00033995882866,0.2823101738713379,0.469066379600821
484335.0,2620785.0,1.0,1.0399551336347244,0.8052262877203168,1.0118405566155853,0.1811219408570024,1.0002565808949655,0.8093391753830542,1.0000394453204269,1.044665284822479,0.0,0.9838591860296272,0.0,0.0,0.8493735326902911,1.00033995882866,0.2823101738713379,0.469066379600821
485535.0,2620785.0,1.0,1.0399551336347244,0.9292850742314346,1.0118405566155853,3.1494459396812817,1.0002565808949655,0.8093391753830542,1.0000394453204269,1.044665284822479,0.3333328979722623,0.9838591860296272,1.198102807372512,0.7503490707331599,0.8493735326902911,1.00033995882866,0.2823101738713379,0.469066379600821
486735.0,2620785.0,1.0,1.0399551336347244,0.9292850742314346,1.0118405566155853,0.6537459580982762,1.0002565808949655,0.8093391753830542,1.0000394453204269,1.044665284822479,0.0,0.9838591860296272,0.0,0.0,0.8493735326902911,1.00033995882866,0.2823101738713379,0.469066379600821
487935.0,2620785.0,1.0,1.0399551336347244,0.8052262877203168,1.0118405566155853,0.1811219408570024,1.0002565808949655,1.186338422444426,1.0000394453204269,1.044665284822479,0.3333328979722623,0.9838591860296272,0.7500965606764758,1.3529120537456203,0.8493735326902911,1.00033995882866,0.2823101738713379,0.469066379600821
489135.0,2620785.0,1.0,1.0399551336347244,0.9292850742314346,1.0118405566155853,0.6537459580982762,1.0002565808949655,1.186338422444426,1.0000394453204269,1.044665284822479,2.666670149564333,0.9838591860296272,1.198102807372512,0.7503490707331599,0.8493735326902911,1.00033995882866,0.2823101738713379,0.469066379600821
490335.0,2620785.0,1.0,1.0399551336347244,0.9292850742314346,1.0118405566155853,0.1811219408570024,1.0002565808949655,1.186338422444426,1.0000394453204269,1.044665284822479,0.3333328979722623,0.9838591860296272,1.7444769311303143,1.3529120537456203,0.8493735326902911,1.00033995882866,0.2823101738713379,0.469066379600821
491535.0,2620785.0,1.0,1.0399551336347244,1.41919570500929,1.0118405566155853,0.1811219408570024,1.0002565808949655,0.8093391753830542,1.0000394453204269,1.044665284822479,0.3333328979722623,0.9838591860296272,0.7500965606764758,1.3529120537456203,0.8493735326902911,1.00033995882866,0.2823101738713379,0.469066379600821
492735.0,2620785.0,1.0,1.0399551336347244,1.41919570500929,1.0118405566155853,3.1494459396812817,1.0002565808949655,1.186338422444426,1.0000394453204269,1.044665284822479,2.666670149564333,0.9838591860296272,0.7500965606764758,0.7503490707331599,0.8493735326902911,1.00033995882866,0.2823101738713379,0.469066379600821
493935.0,2620785.0,1.0,1.0399551336347244,0.8052262877203168,1.0118405566155853,0.6537459580982762,1.0002565808949655,0.8093391753830542,1.0000394453204269,1.044665284822479,2.666670149564333,0.9838591860296272,1.7444769311303143,0.0,0.8493735326902911,1.00033995882866,0.2823101738713379,0.469066379600821
495135.0,2620785.0,1.0,1.0399551336347244,1.41919570500929,1.0118405566155853,0.6537459580982762,1.0002565808949655,1.186338422444426,1.0000394453204269,1.044665284822479,0.0,0.9838591860296272,1.7444769311303143,0.7503490707331599,0.8493735326902911,1.00033995882866,0.2823101738713379,0.469066379600821
496335.0,2620785.0,1.0,1.0399551336347244,0.9292850742314346,1.0118405566155853,3.1494459396812817,1.0002565808949655,0.8093391753830542,1.0000394453204269,1.044665284822479,1.9999973878335735,0.9838591860296272,1.198102807372512,0.7503490707331599,0.8493735326902911,1.00033995882866,0.2823101738713379,0.469066379600821
497535.0,2620785.0,1.0,1.0399551336347244,0.8052262877203168,1.0118405566155853,3.1494459396812817,1.0002565808949655,1.186338422444426,1.0000394453204269,1.044665284822479,1.9999973878335735,0.9838591860296272,1.198102807372512,1.3529120537456203,0.8493735326902911,1.00033995882866,0.2823101738713379,0.469066379600821
498735.0,2620785.0,1.0,1.0399551336347244,0.9292850742314346,1.0118405566155853,0.7386828595768657,1.0002565808949655,0.8093391753830542,1.0000394453204269,1.044665284822479,0.0,0.9838591860296272,0.7500965606764758,1.3529120537456203,0.8493735326902911,1.00033995882866,0.2823101738713379,0.469066379600821
499935.0,2620785.0,1.0,1.0399551336347244,0.8052262877203168,1.0118405566155853,0.6537459580982762,1.0002565808949655,1.186338422444426,1.0000394453204269,1.044665284822479,2.666670149564333,0.9838591860296272,1.198102807372512,0.7503490707331599,3.643673812226212,1.00033995882866,0.2823101738713379,0.469066379600821
501135.0,2620785.0,1.0,1.0399551336347244,0.8052262877203168,1.0118405566155853,0.1811219408570024,1.0002565808949655,0.8093391753830542,1.0000394453204269,1.044665284822479,0.3333328979722623,3.173995232666598,1.198102807372512,0.7503490707331599,3.643673812226212,1.00033995882866,0.2823101738713379,0.469066379600821
502335.0,2620785.0,1.0,1.0399551336347244,0.9292850742314346,1.0118405566155853,0.1811219408570024,1.0002565808949655,1.186338422444426,1.0000394453204269,1.044665284822479,0.0,0.0,0.7500965606764758,1.3529120537456203,0.8493735326902911,1.00033995882866,0.2823101738713379,0.469066379600821
466335.0,2619585.0,2.6666666666666665,1.0399551336347244,0.9292850742314346,1.0118405566155853,0.6537459580982762,1.0002565808949655,1.186338422444426,1.0000394453204269,1.044665284822479,0.3333328979722623,0.9838591860296272,0.7500965606764758,1.3529120537456203,0.8493735326902911,1.00033995882866,0.2823101738713379,0.469066379600821
467535.0,2619585.0,2.6666666666666665,1.0399551336347244,0.8052262877203168,1.0118405566155853,0.6537459580982762,1.0002565808949655,1.186338422444426,1.0000394453204269,0.8359572766454578,0.3333328979722623,0.9838591860296272,1.2466998513365868,1.3529120537456203,0.0,1.00033995882866,0.2823101738713379,0.469066379600821
468735.0,2619585.0,2.6666666666666665,1.0399551336347244,0.9292850742314346,1.0118405566155853,3.1494459396812817,1.0002565808949655,1.186338422444426,1.0000394453204269,0.8359572766454578,2.666670149564333,0.9838591860296272,1.7444769311303143,1.3529120537456203,0.8493735326902911,1.00033995882866,0.2823101738713379,0.469066379600821
469935.0,2619585.0,2.6666666666666665,1.0399551336347244,0.8052262877203168,1.0118405566155853,3.1494459396812817,1.0002565808949655,0.8093391753830542,1.0000394453204269,0.8359572766454578,1.9999973878335735,0.9838591860296272,1.198102807372512,1.3529120537456203,3.643673812226212,1.00033995882866,0.2823101738713379,0.469066379600821
471135.0,2619585.0,2.6666666666666665,1.0399551336347244,0.8052262877203168,1.0118405566155853,3.1494459396812817,1.0002565808949655,1.186338422444426,1.0000394453204269,0.8359572766454578,2.666670149564333,0.9838591860296272,1.198102807372512,1.3529120537456203,0.8493735326902911,1.00033995882866,0.2823101738713379,0.469066379600821
472335.0,2619585.0,1.0,1.0399551336347244,0.9292850742314346,1.0118405566155853,0.6537459580982762,1.0002565808949655,1.186338422444426,1.0000394453204269,0.8359572766454578,0.3333328979722623,0.9838591860296272,1.7444769311303143,1.3529120537456203,0.8493735326902911,1.00033995882866,1.8953159656210397,0.469066379600821
473535.0,2619585.0,2.6666666666666665,1.0399551336347244,0.9292850742314346,1.0118405566155853,0.1811219408570024,1.0002565808949655,0.8093391753830542,1.0000394453204269,0.8359572766454578,0.0,3.173995232666598,1.198102807372512,0.7503490707331599,0.8493735326902911,1.00033995882866,0.2823101738713379,0.469066379600821
474735.0,2619585.0,2.6666666666666665,1.0399551336347244,1.41919570500929,1.0118405566155853,0.6537459580982762,1.0002565808949655,0.8093391753830542,1.0000394453204269,0.8359572766454578,0.0,0.0,0.7500965606764758,1.3529120537456203,0.8493735326902911,1.00033995882866,1.8953159656210397,0.469066379600821
475935.0,2619585.0,2.6666666666666665,1.0399551336347244,0.9292850742314346,1.0118405566155853,0.6537459580982762,1.0002565808949655,1.186338422444426,1.0000394453204269,0.8359572766454578,0.3333328979722623,1.0253001657841805,0.7500965606764758,0.7503490707331599,0.8493735326902911,1.00033995882866,0.2823101738713379,0.469066379600821
477135.0,2619585.0,2.6666666666666665,1.0399551336347244,1.41919570500929,1.0118405566155853,0.1811219408570024,1.0002565808949655,1.186338422444426,1.0000394453204269,1.044665284822479,2.666670149564333,1.0253001657841805,0.7500965606764758,1.3529120537456203,0.8493735326902911,1.00033995882866,0.2823101738713379,0.469066379600821
478335.0,2619585.0,1.0,1.0399551336347244,0.9292850742314346,1.0118405566155853,0.1811219408570024,1.0002565808949655,1.186338422444426,1.0000394453204269,1.044665284822479,0.3333328979722623,0.0,0.7500965606764758,1.3529120537456203,0.8493735326902911,1.00033995882866,0.2823101738713379,0.469066379600821
479535.0,2619585.0,1.0,1.0399551336347244,0.9292850742314346,1.0118405566155853,3.1494459396812817,1.0002565808949655,0.8093391753830542,1.0000394453204269,1.044665284822479,2.666670149564333,0.0,0.7500965606764758,1.3529120537456203,0.8493735326902911,1.00033995882866,0.2823101738713379,0.469066379600821
480735.0,2619585.0,1.0,1.0399551336347244,0.9292850742314346,1.0118405566155853,0.1811219408570024,1.0002565808949655,1.186338422444426,1.0000394453204269,1.044665284822479,0.3333328979722623,3.173995232666598,0.7500965606764758,1.3529120537456203,0.8493735326902911,1.00033995882866,0.2823101738713379,0.469066379600821
481935.0,2619585.0,1.0,1.0399551336347244,0.9292850742314346,1.0118405566155853,0.6537459580982762,1.0002565808949655,0.8093391753830542,1.0000394453204269,1.044665284822479,0.0,0.9838591860296272,1.198102807372512,0.7503490707331599,0.8493735326902911,1.00033995882866,0.2823101738713379,0.469066379600821
483135.0,2619585.0,1.0,1.0399551336347244,0.9292850742314346,1.0118405566155853,0.6537459580982762,1.0002565808949655,1.186338422444426,1.0000394453204269,1.044665284822479,0.0,0.9838591860296272,0.7500965606764758,1.3529120537456203,0.8493735326902911,1.00033995882866,0.2823101738713379,0.469066379600821
484335.0,2619585.0,1.0,1.0399551336347244,1.41919570500929,1.0118405566155853,3.1494459396812817,1.0002565808949655,1.186338422444426,1.0000394453204269,1.044665284822479,0.0,0.9838591860296272,0.7500965606764758,0.7503490707331599,0.8493735326902911,1.00033995882866,0.2823101738713379,0.469066379600821
485535.0,2619585.0,1.0,1.0399551336347244,0.9292850742314346,1.0118405566155853,3.1494459396812817,1.0002565808949655,1.186338422444426,1.0000394453204269,1.044665284822479,0.3333328979722623,0.9838591860296272,0.7500965606764758,0.7503490707331599,0.8493735326902911,1.00033995882866,40.7927349061228,0.469066379600821
486735.0,2619585.0,1.0,1.0399551336347244,0.9292850742314346,1.0118405566155853,0.1811219408570024,1.0002565808949655,0.8093391753830542,1.0000394453204269,1.044665284822479,0.0,0.9838591860296272,0.7500965606764758,1.3529120537456203,0.8493735326902911,1.00033995882866,0.2823101738713379,0.469066379600821
487935.0,2619585.0,1.0,1.0399551336347244,0.9292850742314346,1.0118405566155853,0.1811219408570024,1.0002565808949655,0.8093391753830542,1.0000394453204269,1.044665284822479,0.0,0.9838591860296272,1.7444769311303143,1.3529120537456203,0.8493735326902911,1.00033995882866,0.2823101738713379,0.469066379600821
489135.0,2619585.0,1.0,1.0399551336347244,0.9292850742314346,1.0118405566155853,3.1494459396812817,1.0002565808949655,0.8093391753830542,1.0000394453204269,1.044665284822479,2.666670149564333,0.9838591860296272,1.198102807372512,0.7503490707331599,0.8493735326902911,1.00033995882866,0.2823101738713379,0.469066379600821
490335.0,2619585.0,1.0,1.0399551336347244,0.9292850742314346,1.0118405566155853,0.1811219408570024,1.0002565808949655,1.186338422444426,1.0000394453204269,1.044665284822479,0.0,0.9838591860296272,1.198102807372512,0.7503490707331599,0.8493735326902911,1.00033995882866,0.2823101738713379,0.469066379600821
491535.0,2619585.0,1.0,1.0399551336347244,1.41919570500929,1.0118405566155853,0.6537459580982762,1.0002565808949655,1.186338422444426,1.0000394453204269,1.044665284822479,0.0,0.9838591860296272,0.7500965606764758,0.7503490707331599,0.8493735326902911,1.00033995882866,0.2823101738713379,0.469066379600821
492735.0,2619585.0,1.0,1.0399551336347244,0.9292850742314346,1.0118405566155853,0.6537459580982762,1.0002565808949655,1.186338422444426,1.0000394453204269,1.044665284822479,0.3333328979722623,0.9838591860296272,0.7500965606764758,1.3529120537456203,0.8493735326902911,1.00033995882866,0.2823101738713379,0.469066379600821
493935.0,2619585.0,1.0,1.0399551336347244,1.41919570500929,1.0118405566155853,0.1811219408570024,1.0002565808949655,0.8093391753830542,1.0000394453204269,1.044665284822479,2.666670149564333,0.9838591860296272,0.7500965606764758,1.3529120537456203,0.8493735326902911,1.00033995882866,0.2823101738713379,0.469066379600821
495135.0,2619585.0,1.0,1.0399551336347244,0.9292850742314346,1.0118405566155853,0.1811219408570024,1.0002565808949655,1.186338422444426,1.0000394453204269,1.044665284822479,1.9999973878335735,0.9838591860296272,0.7500965606764758,1.3529120537456203,0.8493735326902911,1.00033995882866,0.2823101738713379,0.469066379600821
496335.0,2619585.0,1.0,1.0399551336347244,0.9292850742314346,1.0118405566155853,3.1494459396812817,1.0002565808949655,1.186338422444426,1.0000394453204269,1.044665284822479,0.0,0.9838591860296272,1.198102807372512,1.3529120537456203,0.8493735326902911,1.00033995882866,40.7927349061228,75.02812402006899
497535.0,2619585.0,1.0,1.0399551336347244,1.41919570500929,1.0118405566155853,3.1494459396812817,1.0002565808949655,1.186338422444426,1.0000394453204269,1.044665284822479,1.9999973878335735,0.9838591860296272,0.7500965606764758,1.3529120537456203,0.8493735326902911,1.00033995882866,0.2823101738713379,0.469066379600821
498735.0,2619585.0,1.0,1.0399551336347244,1.41919570500929,1.0118405566155853,0.1811219408570024,1.0002565808949655,1.186338422444426,1.0000394453204269,1.044665284822479,2.666670149564333,0.9838591860296272,0.7500965606764758,0.7503490707331599,0.8493735326902911,1.00033995882866,0.2823101738713379,0.469066379600821
499935.0,2619585.0,1.0,1.0399551336347244,0.9292850742314346,1.0118405566155853,0.7386828595768657,1.0002565808949655,1.186338422444426,1.0000394453204269,1.044665284822479,0.3333328979722623,0.9838591860296272,1.7444769311303143,1.3529120537456203,0.8493735326902911,1.00033995882866,0.2823101738713379,0.469066379600821
501135.0,2619585.0,1.0,1.0399551336347244,1.41919570500929,1.0118405566155853,0.1811219408570024,1.0002565808949655,0.8093391753830542,1.0000394453204269,1.044665284822479,0.0,0.0,0.7500965606764758,0.7503490707331599,0.8493735326902911,1.00033995882866,0.2823101738713379,0.469066379600821
502335.0,2619585.0,1.0,1.0399551336347244,0.8052262877203168,1.0118405566155853,0.1811219408570024,1.0002565808949655,0.8093391753830542,1.0000394453204269,1.044665284822479,0.0,0.0,1.2466998513365868,1.3529120537456203,0.0,1.00033995882866,0.2823101738713379,0.469066379600821
465135.0,2618385.0,2.6666666666666665,1.0399551336347244,0.0,1.0118405566155853,0.7386828595768657,1.0002565808949655,1.186338422444426,1.0000394453204269,1.044665284822479,0.3333328979722623,0.9838591860296272,0.7500965606764758,0.7503490707331599,0.8493735326902911,1.00033995882866,0.2823101738713379,0.469066379600821
466335.0,2618385.0,2.6666666666666665,1.0399551336347244,0.8052262877203168,1.0118405566155853,0.1811219408570024,1.0002565808949655,1.186338422444426,1.0000394453204269,1.044665284822479,0.3333328979722623,0.9838591860296272,1.2466998513365868,1.3529120537456203,0.0,1.00033995882866,0.2823101738713379,0.469066379600821
467535.0,2618385.0,2.6666666666666665,1.0399551336347244,0.8052262877203168,1.0118405566155853,0.6537459580982762,1.0002565808949655,1.186338422444426,1.0000394453204269,1.044665284822479,0.3333328979722623,0.9838591860296272,1.7444769311303143,0.0,0.8493735326902911,1.00033995882866,0.2823101738713379,0.469066379600821
468735.0,2618385.0,2.6666666666666665,1.0399551336347244,1.41919570500929,1.0118405566155853,0.1811219408570024,1.0002565808949655,0.8093391753830542,1.0000394453204269,0.8359572766454578,0.3333328979722623,0.9838591860296272,0.7500965606764758,0.7503490707331599,0.8493735326902911,1.00033995882866,0.2823101738713379,0.469066379600821
469935.0,2618385.0,2.6666666666666665,1.0399551336347244,0.9292850742314346,1.0118405566155853,0.1811219408570024,1.0002565808949655,0.8093391753830542,1.0000394453204269,0.8359572766454578,2.666670149564333,0.9838591860296272,1.198102807372512,0.7503490707331599,0.8493735326902911,1.00033995882866,0.2823101738713379,0.469066379600821
471135.0,2618385.0,2.6666666666666665,1.0399551336347244,0.9292850742314346,1.0118405566155853,0.7386828595768657,1.0002565808949655,0.8093391753830542,1.0000394453204269,0.8359572766454578,2.666670149564333,0.9838591860296272,1.198102807372512,0.7503490707331599,0.8493735326902911,1.00033995882866,0.2823101738713379,0.469066379600821
472335.0,2618385.0,1.0,1.0399551336347244,1.41919570500929,1.0118405566155853,0.1811219408570024,1.0002565808949655,0.8093391753830542,1.0000394453204269,0.8359572766454578,0.3333328979722623,0.9838591860296272,0.0,0.0,0.8493735326902911,1.00033995882866,0.2823101738713379,0.469066379600821
473535.0,2618385.0,2.6666666666666665,1.0399551336347244,0.8052262877203168,1.0118405566155853,0.1811219408570024,1.0002565808949655,0.8093391753830542,1.0000394453204269,0.8359572766454578,0.3333328979722623,3.173995232666598,1.198102807372512,1.3529120537456203,0.0,1.00033995882866,0.2823101738713379,0.469066379600821
474735.0,2618385.0,2.6666666666666665,1.0399551336347244,1.41919570500929,1.0118405566155853,0.6537459580982762,1.0002565808949655,0.8093391753830542,1.0000394453204269,0.8359572766454578,0.3333328979722623,0.0,0.7500965606764758,0.7503490707331599,0.8493735326902911,1.00033995882866,0.2823101738713379,0.469066379600821
475935.0,2618385.0,2.6666666666666665,1.0399551336347244,1.41919570500929,1.0118405566155853,3.1494459396812817,1.0002565808949655,1.186338422444426,1.0000394453204269,0.8359572766454578,0.0,0.0,0.0,1.3529120537456203,0.8493735326902911,1.00033995882866,0.2823101738713379,0.469066379600821
477135.0,2618385.0,2.6666666666666665,1.0399551336347244,0.9292850742314346,1.0118405566155853,0.6537459580982762,1.0002565808949655,1.186338422444426,1.0000394453204269,1.044665284822479,0.3333328979722623,1.0253001657841805,0.7500965606764758,1.3529120537456203,0.8493735326902911,1.00033995882866,0.2823101738713379,0.469066379600821
478335.0,2618385.0,1.0,1.0399551336347244,0.8052262877203168,1.0118405566155853,0.1811219408570024,1.0002565808949655,0.8093391753830542,1.0000394453204269,1.044665284822479,0.3333328979722623,0.0,0.0,0.0,0.8493735326902911,1.00033995882866,0.2823101738713379,0.469066379600821
479535.0,2618385.0,1.0,1.0399551336347244,1.41919570500929,1.0118405566155853,3.1494459396812817,1.0002565808949655,0.8093391753830542,1.0000394453204269,1.044665284822479,2.666670149564333,0.0,1.7444769311303143,1.3529120537456203,0.8493735326902911,1.00033995882866,0.2823101738713379,0.469066379600821
480735.0,2618385.0,1.0,1.0399551336347244,0.9292850742314346,1.0118405566155853,0.6537459580982762,1.0002565808949655,1.186338422444426,1.0000394453204269,1.044665284822479,0.3333328979722623,3.173995232666598,1.198102807372512,0.7503490707331599,0.8493735326902911,1.00033995882866,0.2823101738713379,0.469066379600821
481935.0,2618385.0,1.0,1.0399551336347244,0.8052262877203168,1.0118405566155853,3.1494459396812817,1.0002565808949655,0.8093391753830542,1.0000394453204269,1.044665284822479,0.3333328979722623,0.9838591860296272,1.2466998513365868,1.3529120537456203,0.0,1.00033995882866,0.2823101738713379,0.469066379600821
483135.0,2618385.0,1.0,1.0399551336347244,1.41919570500929,1.0118405566155853,0.6537459580982762,1.0002565808949655,1.186338422444426,1.0000394453204269,1.044665284822479,0.3333328979722623,0.9838591860296272,0.7500965606764758,0.7503490707331599,0.8493735326902911,1.00033995882866,0.2823101738713379,0.469066379600821
484335.0,2618385.0,1.0,1.0399551336347244,1.41919570500929,1.0118405566155853,0.1811219408570024,1.0002565808949655,1.186338422444426,1.0000394453204269,1.044665284822479,0.0,0.9838591860296272,0.7500965606764758,0.7503490707331599,0.8493735326902911,1.00033995882866,0.2823101738713379,0.469066379600821
485535.0,2618385.0,1.0,1.0399551336347244,0.9292850742314346,1.0118405566155853,0.7386828595768657,1.0002565808949655,1.186338422444426,1.0000394453204269,1.044665284822479,0.3333328979722623,0.9838591860296272,0.7500965606764758,1.3529120537456203,0.8493735326902911,1.00033995882866,0.2823101738713379,0.469066379600821
486735.0,2618385.0,1.0,1.0399551336347244,1.41919570500929,1.0118405566155853,0.6537459580982762,1.0002565808949655,0.8093391753830542,1.0000394453204269,1.044665284822479,0.3333328979722623,0.9838591860296272,0.7500965606764758,0.7503490707331599,0.8493735326902911,1.00033995882866,0.2823101738713379,0.469066379600821
487935.0,2618385.0,1.0,1.0399551336347244,0.9292850742314346,1.0118405566155853,0.1811219408570024,1.0002565808949655,0.8093391753830542,1.0000394453204269,1.044665284822479,0.3333328979722623,0.9838591860296272,1.198102807372512,0.7503490707331599,0.8493735326902911,1.00033995882866,0.2823101738713379,0.469066379600821
489135.0,2618385.0,1.0,1.0399551336347244,1.41919570500929,1.0118405566155853,0.7386828595768657,1.0002565808949655,1.186338422444426,1.0000394453204269,1.044665284822479,0.3333328979722623,0.9838591860296272,1.7444769311303143,1.3529120537456203,0.8493735326902911,1.00033995882866,0.2823101738713379,0.469066379600821
490335.0,2618385.0,1.0,1.0399551336347244,1.41919570500929,1.0118405566155853,3.1494459396812817,1.0002565808949655,1.186338422444426,1.0000394453204269,1.044665284822479,0.3333328979722623,0.9838591860296272,1.7444769311303143,1.3529120537456203,0.8493735326902911,1.00033995882866,0.2823101738713379,0.469066379600821
491535.0,2618385.0,1.0,1.0399551336347244,1.41919570500929,1.0118405566155853,0.1811219408570024,1.0002565808949655,1.186338422444426,1.0000394453204269,1.044665284822479,0.0,0.9838591860296272,1.7444769311303143,0.7503490707331599,0.8493735326902911,1.00033995882866,0.2823101738713379,0.469066379600821
492735.0,2618385.0,1.0,1.0399551336347244,0.9292850742314346,1.0118405566155853,0.6537459580982762,1.0002565808949655,0.8093391753830542,1.0000394453204269,1.044665284822479,0.3333328979722623,0.9838591860296272,1.198102807372512,0.7503490707331599,0.8493735326902911,1.00033995882866,0.2823101738713379,0.469066379600821
493935.0,2618385.0,1.0,1.0399551336347244,1.41919570500929,1.0118405566155853,0.1811219408570024,1.0002565808949655,0.8093391753830542,1.0000394453204269,1.044665284822479,2.666670149564333,0.9838591860296272,0.7500965606764758,0.7503490707331599,0.8493735326902911,1.00033995882866,0.2823101738713379,0.469066379600821
495135.0,2618385.0,1.0,1.0399551336347244,0.9292850742314346,1.0118405566155853,0.6537459580982762,1.0002565808949655,1.186338422444426,1.0000394453204269,1.044665284822479,2.666670149564333,0.9838591860296272,0.7500965606764758,1.3529120537456203,0.8493735326902911,1.00033995882866,0.2823101738713379,0.469066379600821
496335.0,2618385.0,1.0,1.0399551336347244,0.8052262877203168,1.0118405566155853,3.1494459396812817,1.0002565808949655,1.186338422444426,1.0000394453204269,1.044665284822479,0.0,0.9838591860296272,0.7500965606764758,1.3529120537456203,0.8493735326902911,1.00033995882866,40.7927349061228,0.469066379600821
497535.0,2618385.0,1.0,1.0399551336347244,0.9292850742314346,1.0118405566155853,0.1811219408570024,1.0002565808949655,1.186338422444426,1.0000394453204269,1.044665284822479,1.9999973878335735,0.9838591860296272,1.7444769311303143,1.3529120537456203,0.8493735326902911,1.00033995882866,0.2823101738713379,0.469066379600821
498735.0,2618385.0,1.0,1.0399551336347244,0.9292850742314346,1.0118405566155853,0.6537459580982762,1.0002565808949655,0.8093391753830542,1.0000394453204269,1.044665284822479,2.666670149564333,0.9838591860296272,1.7444769311303143,1.3529120537456203,0.8493735326902911,1.00033995882866,0.2823101738713379,0.469066379600821
499935.0,2618385.0,1.0,1.0399551336347244,0.9292850742314346,1.0118405566155853,0.6537459580982762,1.0002565808949655,1.186338422444426,1.0000394453204269,1.044665284822479,0.3333328979722623,3.173995232666598,0.7500965606764758,1.3529120537456203,0.8493735326902911,1.00033995882866,0.2823101738713379,0.469066379600821
501135.0,2618385.0,1.0,1.0399551336347244,0.9292850742314346,1.0118405566155853,0.1811219408570024,1.0002565808949655,1.186338422444426,1.0000394453204269,1.044665284822479,0.3333328979722623,0.0,0.0,0.0,0.8493735326902911,1.00033995882866,0.2823101738713379,0.469066379600821
502335.0,2618385.0,1.0,1.0399551336347244,0.9292850742314346,1.0118405566155853,0.6537459580982762,1.0002565808949655,1.186338422444426,1.0000394453204269,1.044665284822479,0.0,0.0,0.7500965606764758,1.3529120537456203,0.8493735326902911,1.00033995882866,0.2823101738713379,0.469066379600821
463935.0,2617185.0,0.3333324626123284,1.0399551336347244,1.41919570500929,1.0118405566155853,0.0,1.0002565808949655,1.186338422444426,1.0000394453204269,1.044665284822479,0.0,0.9838591860296272,0.7500965606764758,0.7503490707331599,0.8493735326902911,1.00033995882866,0.2823101738713379,0.469066379600821
465135.0,2617185.0,2.6666666666666665,1.0399551336347244,1.41919570500929,1.0118405566155853,0.0,1.0002565808949655,1.186338422444426,1.0000394453204269,1.044665284822479,0.3333328979722623,0.9838591860296272,0.7500965606764758,0.7503490707331599,0.8493735326902911,1.00033995882866,0.2823101738713379,0.469066379600821
466335.0,2617185.0,2.6666666666666665,1.0399551336347244,0.8052262877203168,1.0118405566155853,3.1494459396812817,1.0002565808949655,1.186338422444426,1.0000394453204269,1.044665284822479,2.666670149564333,0.9838591860296272,1.198102807372512,1.3529120537456203,3.643673812226212,1.00033995882866,0.2823101738713379,0.469066379600821
467535.0,2617185.0,2.6666666666666665,1.0399551336347244,0.9292850742314346,1.0118405566155853,0.1811219408570024,1.0002565808949655,1.186338422444426,1.0000394453204269,1.044665284822479,2.666670149564333,0.9838591860296272,0.7500965606764758,1.3529120537456203,0.8493735326902911,1.00033995882866,0.2823101738713379,0.469066379600821
468735.0,2617185.0,2.6666666666666665,1.0399551336347244,1.41919570500929,1.0118405566155853,0.6537459580982762,1.0002565808949655,1.186338422444426,1.0000394453204269,0.8359572766454578,0.3333328979722623,0.9838591860296272,0.7500965606764758,1.3529120537456203,0.8493735326902911,1.00033995882866,0.2823101738713379,0.469066379600821
469935.0,2617185.0,2.6666666666666665,1.0399551336347244,0.8052262877203168,1.0118405566155853,0.1811219408570024,1.0002565808949655,1.186338422444426,1.0000394453204269,0.8359572766454578,0.3333328979722623,0.9838591860296272,0.7500965606764758,1.3529120537456203,0.8493735326902911,1.00033995882866,0.2823101738713379,0.469066379600821
471135.0,2617185.0,2.6666666666666665,1.0399551336347244,0.9292850742314346,1.0118405566155853,3.1494459396812817,1.0002565808949655,1.186338422444426,1.0000394453204269,0.8359572766454578,0.3333328979722623,0.9838591860296272,0.0,0.0,0.8493735326902911,1.00033995882866,0.2823101738713379,0.469066379600821
472335.0,2617185.0,1.0,1.0399551336347244,0.9292850742314346,1.0118405566155853,0.1811219408570024,1.0002565808949655,0.8093391753830542,1.0000394453204269,0.8359572766454578,0.3333328979722623,0.9838591860296272,1.198102807372512,0.7503490707331599,0.8493735326902911,1.00033995882866,0.2823101738713379,0.469066379600821
473535.0,2617185.0,1.0,1.0399551336347244,0.9292850742314346,1.0118405566155853,0.1811219408570024,1.0002565808949655,0.8093391753830542,1.0000394453204269,0.8359572766454578,0.3333328979722623,3.173995232666598,1.198102807372512,0.7503490707331599,0.8493735326902911,1.00033995882866,0.2823101738713379,0.469066379600821
474735.0,2617185.0,1.0,1.0399551336347244,1.41919570500929,1.0118405566155853,0.1811219408570024,1.0002565808949655,0.8093391753830542,1.0000394453204269,0.8359572766454578,0.3333328979722623,0.0,0.7500965606764758,0.7503490707331599,0.8493735326902911,1.00033995882866,0.2823101738713379,0.469066379600821
475935.0,2617185.0,2.6666666666666665,1.0399551336347244,1.41919570500929,1.0118405566155853,0.1811219408570024,1.0002565808949655,0.8093391753830542,1.0000394453204269,1.044665284822479,0.0,0.0,0.7500965606764758,0.7503490707331599,0.8493735326902911,1.00033995882866,0.2823101738713379,0.469066379600821
477135.0,2617185.0,2.6666666666666665,1.0399551336347244,0.9292850742314346,1.0118405566155853,3.1494459396812817,1.0002565808949655,0.8093391753830542,1.0000394453204269,1.044665284822479,2.666670149564333,1.0253001657841805,1.198102807372512,0.7503490707331599,0.8493735326902911,1.00033995882866,0.2823101738713379,0.469066379600821
478335.0,2617185.0,1.0,1.0399551336347244,0.8052262877203168,1.0118405566155853,0.1811219408570024,1.0002565808949655,1.186338422444426,1.0000394453204269,1.044665284822479,0.3333328979722623,0.0,1.2466998513365868,1.3529120537456203,0.0,1.00033995882866,0.2823101738713379,0.469066379600821
479535.0,2617185.0,1.0,1.0399551336347244,0.9292850742314346,1.0118405566155853,0.6537459580982762,1.0002565808949655,1.186338422444426,1.0000394453204269,1.044665284822479,0.3333328979722623,0.0,0.0,0.0,0.8493735326902911,1.00033995882866,0.2823101738713379,0.469066379600821
480735.0,2617185.0,1.0,1.0399551336347244,0.9292850742314346,1.0118405566155853,3.1494459396812817,1.0002565808949655,1.186338422444426,1.0000394453204269,1.044665284822479,2.666670149564333,3.173995232666598,1.198102807372512,0.7503490707331599,0.8493735326902911,1.00033995882866,0.2823101738713379,0.469066379600821
481935.0,2617185.0,1.0,1.0399551336347244,1.41919570500929,1.0118405566155853,0.6537459580982762,1.0002565808949655,1.186338422444426,1.0000394453204269,1.044665284822479,0.3333328979722623,0.9838591860296272,0.7500965606764758,0.7503490707331599,0.8493735326902911,1.00033995882866,0.2823101738713379,0.469066379600821
483135.0,2617185.0,1.0,1.0399551336347244,0.9292850742314346,1.0118405566155853,3.1494459396812817,1.0002565808949655,0.8093391753830542,1.0000394453204269,1.044665284822479,0.3333328979722623,0.9838591860296272,0.0,0.0,0.8493735326902911,1.00033995882866,0.2823101738713379,0.469066379600821
484335.0,2617185.0,1.0,1.0399551336347244,0.9292850742314346,1.0118405566155853,0.1811219408570024,1.0002565808949655,0.8093391753830542,1.0000394453204269,1.044665284822479,0.3333328979722623,0.9838591860296272,1.198102807372512,0.7503490707331599,0.8493735326902911,1.00033995882866,0.2823101738713379,0.469066379600821
485535.0,2617185.0,1.0,1.0399551336347244,0.8052262877203168,1.0118405566155853,0.0,1.0002565808949655,0.8093391753830542,1.0000394453204269,1.044665284822479,0.3333328979722623,0.9838591860296272,1.198102807372512,1.3529120537456203,3.643673812226212,1.00033995882866,0.2823101738713379,0.469066379600821
486735.0,2617185.0,1.0,1.0399551336347244,0.8052262877203168,1.0118405566155853,0.1811219408570024,1.0002565808949655,0.8093391753830542,1.0000394453204269,1.044665284822479,0.0,0.9838591860296272,0.0,0.0,0.8493735326902911,1.00033995882866,0.2823101738713379,0.469066379600821
487935.0,2617185.0,1.0,1.0399551336347244,0.8052262877203168,1.0118405566155853,0.1811219408570024,1.0002565808949655,0.8093391753830542,1.0000394453204269,1.044665284822479,0.3333328979722623,0.9838591860296272,1.198102807372512,1.3529120537456203,0.8493735326902911,1.00033995882866,0.2823101738713379,0.469066379600821
489135.0,2617185.0,1.0,1.0399551336347244,0.9292850742314346,1.0118405566155853,0.1811219408570024,1.0002565808949655,1.186338422444426,1.0000394453204269,1.044665284822479,0.0,0.9838591860296272,1.198102807372512,0.7503490707331599,0.8493735326902911,1.00033995882866,0.2823101738713379,0.469066379600821
490335.0,2617185.0,1.0,1.0399551336347244,1.41919570500929,1.0118405566155853,0.1811219408570024,1.0002565808949655,1.186338422444426,1.0000394453204269,1.044665284822479,0.0,0.9838591860296272,0.7500965606764758,1.3529120537456203,0.8493735326902911,1.00033995882866,0.2823101738713379,0.469066379600821
491535.0,2617185.0,1.0,1.0399551336347244,0.8052262877203168,1.0118405566155853,0.7386828595768657,1.0002565808949655,0.8093391753830542,1.0000394453204269,1.044665284822479,0.3333328979722623,0.9838591860296272,1.2466998513365868,1.3529120537456203,0.0,1.00033995882866,0.2823101738713379,0.469066379600821
492735.0,2617185.0,1.0,1.0399551336347244,0.9292850742314346,1.0118405566155853,0.1811219408570024,1.0002565808949655,1.186338422444426,1.0000394453204269,1.044665284822479,0.3333328979722623,0.9838591860296272,1.198102807372512,0.7503490707331599,0.8493735326902911,1.00033995882866,0.2823101738713379,0.469066379600821
493935.0,2617185.0,1.0,1.0399551336347244,0.9292850742314346,1.0118405566155853,0.1811219408570024,1.0002565808949655,1.186338422444426,1.0000394453204269,1.044665284822479,0.3333328979722623,0.9838591860296272,1.7444769311303143,1.3529120537456203,0.8493735326902911,1.00033995882866,0.2823101738713379,0.469066379600821
495135.0,2617185.0,1.0,1.0399551336347244,0.9292850742314346,1.0118405566155853,0.6537459580982762,1.0002565808949655,0.8093391753830542,1.0000394453204269,1.044665284822479,1.9999973878335735,0.9838591860296272,0.0,0.0,0.8493735326902911,1.00033995882866,0.2823101738713379,0.469066379600821
496335.0,2617185.0,1.0,1.0399551336347244,0.8052262877203168,1.0118405566155853,0.7386828595768657,1.0002565808949655,0.8093391753830542,1.0000394453204269,1.044665284822479,1.9999973878335735,0.9838591860296272,1.198102807372512,1.3529120537456203,0.8493735326902911,1.00033995882866,0.2823101738713379,0.469066379600821
497535.0,2617185.0,1.0,1.0399551336347244,0.9292850742314346,1.0118405566155853,3.1494459396812817,1.0002565808949655,1.186338422444426,1.0000394453204269,1.044665284822479,1.9999973878335735,0.9838591860296272,1.198102807372512,0.7503490707331599,0.8493735326902911,1.00033995882866,0.2823101738713379,0.469066379600821
498735.0,2617185.0,1.0,1.0399551336347244,1.41919570500929,1.0118405566155853,0.1811219408570024,1.0002565808949655,0.8093391753830542,1.0000394453204269,1.044665284822479,1.9999973878335735,0.9838591860296272,0.7500965606764758,0.7503490707331599,0.8493735326902911,1.00033995882866,0.2823101738713379,0.469066379600821
499935.0,2617185.0,1.0,1.0399551336347244,1.41919570500929,1.0118405566155853,0.6537459580982762,1.0002565808949655,0.8093391753830542,1.0000394453204269,1.044665284822479,1.9999973878335735,3.173995232666598,0.7500965606764758,0.7503490707331599,0.8493735326902911,1.00033995882866,0.2823101738713379,0.469066379600821
501135.0,2617185.0,1.0,1.0399551336347244,1.41919570500929,1.0118405566155853,3.1494459396812817,1.0002565808949655,1.186338422444426,1.0000394453204269,1.044665284822479,2.666670149564333,0.0,0.7500965606764758,0.7503490707331599,0.8493735326902911,1.00033995882866,0.2823101738713379,0.469066379600821
502335.0,2617185.0,1.0,1.0399551336347244,0.9292850742314346,1.0118405566155853,0.1811219408570024,1.0002565808949655,0.8093391753830542,1.0000394453204269,1.044665284822479,0.3333328979722623,0.0,1.198102807372512,0.7503490707331599,0.8493735326902911,1.00033995882866,0.2823101738713379,0.469066379600821
463935.0,2615985.0,0.3333324626123284,1.0399551336347244,1.41919570500929,1.0118405566155853,0.0,1.0002565808949655,1.186338422444426,1.0000394453204269,1.044665284822479,0.3333328979722623,0.9838591860296272,0.7500965606764758,0.7503490707331599,0.8493735326902911,1.00033995882866,0.2823101738713379,0.469066379600821
465135.0,2615985.0,2.6666666666666665,1.0399551336347244,0.8052262877203168,1.0118405566155853,3.1494459396812817,1.0002565808949655,0.8093391753830542,1.0000394453204269,1.044665284822479,0.3333328979722623,0.9838591860296272,1.198102807372512,1.3529120537456203,3.643673812226212,1.00033995882866,0.2823101738713379,0.469066379600821
466335.0,2615985.0,2.6666666666666665,1.0399551336347244,0.9292850742314346,1.0118405566155853,0.6537459580982762,1.0002565808949655,1.186338422444426,1.0000394453204269,1.044665284822479,2.666670149564333,0.9838591860296272,0.7500965606764758,1.3529120537456203,0.8493735326902911,1.00033995882866,0.2823101738713379,0.469066379600821
467535.0,2615985.0,2.6666666666666665,1.0399551336347244,0.8052262877203168,1.0118405566155853,3.1494459396812817,1.0002565808949655,1.186338422444426,1.0000394453204269,1.044665284822479,2.666670149564333,0.9838591860296272,1.198102807372512,0.7503490707331599,3.643673812226212,1.00033995882866,0.2823101738713379,0.469066379600821
468735.0,2615985.0,2.6666666666666665,1.0399551336347244,0.9292850742314346,1.0118405566155853,0.1811219408570024,1.0002565808949655,0.8093391753830542,1.0000394453204269,0.8359572766454578,0.3333328979722623,0.9838591860296272,1.7444769311303143,1.3529120537456203,0.8493735326902911,1.00033995882866,0.2823101738713379,0.469066379600821
469935.0,2615985.0,2.6666666666666665,1.0399551336347244,0.9292850742314346,1.0118405566155853,3.1494459396812817,1.0002565808949655,1.186338422444426,1.0000394453204269,0.8359572766454578,0.0,0.9838591860296272,1.7444769311303143,1.3529120537456203,0.8493735326902911,1.00033995882866,0.2823101738713379,0.469066379600821
471135.0,2615985.0,2.6666666666666665,1.0399551336347244,1.41919570500929,1.0118405566155853,0.6537459580982762,1.0002565808949655,1.186338422444426,1.0000394453204269,0.8359572766454578,0.3333328979722623,0.9838591860296272,0.7500965606764758,0.7503490707331599,0.8493735326902911,1.00033995882866,0.2823101738713379,0.469066379600821
472335.0,2615985.0,1.0,1.0399551336347244,1.41919570500929,1.0118405566155853,0.6537459580982762,1.0002565808949655,1.186338422444426,1.0000394453204269,0.8359572766454578,0.3333328979722623,0.9838591860296272,0.7500965606764758,1.3529120537456203,0.8493735326902911,1.00033995882866,1.8953159656210397,0.469066379600821
473535.0,2615985.0,1.0,1.0399551336347244,0.9292850742314346,1.0118405566155853,0.1811219408570024,1.0002565808949655,0.8093391753830542,1.0000394453204269,0.8359572766454578,0.0,3.173995232666598,1.198102807372512,0.7503490707331599,0.8493735326902911,1.00033995882866,0.2823101738713379,0.469066379600821
474735.0,2615985.0,1.0,1.0399551336347244,0.8052262877203168,1.0118405566155853,3.1494459396812817,1.0002565808949655,0.8093391753830542,1.0000394453204269,1.044665284822479,0.3333328979722623,0.0,0.7500965606764758,1.3529120537456203,0.8493735326902911,1.00033995882866,0.2823101738713379,0.469066379600821
475935.0,2615985.0,1.0,1.0399551336347244,0.9292850742314346,1.0118405566155853,3.1494459396812817,1.0002565808949655,1.186338422444426,1.0000394453204269,1.044665284822479,0.0,0.0,0.7500965606764758,1.3529120537456203,0.8493735326902911,1.00033995882866,0.2823101738713379,0.469066379600821
477135.0,2615985.0,1.0,1.0399551336347244,0.8052262877203168,1.0118405566155853,0.1811219408570024,1.0002565808949655,0.8093391753830542,1.0000394453204269,1.044665284822479,0.0,1.0253001657841805,0.0,0.0,0.8493735326902911,1.00033995882866,0.2823101738713379,0.469066379600821
478335.0,2615985.0,1.0,1.0399551336347244,0.8052262877203168,1.0118405566155853,0.1811219408570024,1.0002565808949655,0.8093391753830542,1.0000394453204269,1.044665284822479,0.3333328979722623,0.0,1.7444769311303143,0.0,0.8493735326902911,1.00033995882866,0.0,0.469066379600821
479535.0,2615985.0,1.0,1.0399551336347244,0.9292850742314346,1.0118405566155853,0.7386828595768657,1.0002565808949655,0.8093391753830542,1.0000394453204269,1.044665284822479,0.3333328979722623,0.0,1.198102807372512,0.7503490707331599,0.8493735326902911,1.00033995882866,0.2823101738713379,0.469066379600821
480735.0,2615985.0,1.0,1.0399551336347244,0.9292850742314346,1.0118405566155853,0.1811219408570024,1.0002565808949655,0.8093391753830542,1.0000394453204269,1.044665284822479,0.3333328979722623,3.173995232666598,1.198102807372512,1.3529120537456203,0.8493735326902911,1.00033995882866,0.2823101738713379,0.469066379600821
481935.0,2615985.0,1.0,1.0399551336347244,0.9292850742314346,1.0118405566155853,0.1811219408570024,1.0002565808949655,0.8093391753830542,1.0000394453204269,1.044665284822479,0.3333328979722623,0.9838591860296272,1.198102807372512,0.7503490707331599,0.8493735326902911,1.00033995882866,0.2823101738713379,0.469066379600821
483135.0,2615985.0,1.0,1.0399551336347244,0.9292850742314346,1.0118405566155853,0.1811219408570024,1.0002565808949655,0.8093391753830542,1.0000394453204269,1.044665284822479,0.3333328979722623,0.9838591860296272,0.7500965606764758,1.3529120537456203,0.8493735326902911,1.00033995882866,0.2823101738713379,0.469066379600821
484335.0,2615985.0,1.0,1.0399551336347244,1.41919570500929,1.0118405566155853,3.1494459396812817,1.0002565808949655,1.186338422444426,1.0000394453204269,1.044665284822479,0.3333328979722623,0.9838591860296272,0.7500965606764758,0.7503490707331599,0.8493735326902911,1.00033995882866,0.2823101738713379,0.469066379600821
485535.0,2615985.0,1.0,1.0399551336347244,0.8052262877203168,1.0118405566155853,0.0,1.0002565808949655,1.186338422444426,1.0000394453204269,1.044665284822479,0.3333328979722623,0.9838591860296272,1.198102807372512,1.3529120537456203,0.8493735326902911,1.00033995882866,0.2823101738713379,0.469066379600821
486735.0,2615985.0,1.0,1.0399551336347244,0.9292850742314346,1.0118405566155853,0.6537459580982762,1.0002565808949655,0.8093391753830542,1.0000394453204269,1.044665284822479,0.3333328979722623,0.9838591860296272,1.198102807372512,0.7503490707331599,0.8493735326902911,1.00033995882866,0.2823101738713379,0.469066379600821
487935.0,2615985.0,1.0,1.0399551336347244,0.8052262877203168,1.0118405566155853,0.1811219408570024,1.0002565808949655,1.186338422444426,1.0000394453204269,1.044665284822479,0.3333328979722623,0.9838591860296272,1.198102807372512,1.3529120537456203,3.643673812226212,1.00033995882866,0.2823101738713379,0.469066379600821
489135.0,2615985.0,1.0,1.0399551336347244,0.9292850742314346,1.0118405566155853,0.1811219408570024,1.0002565808949655,0.8093391753830542,1.0000394453204269,1.044665284822479,0.0,0.9838591860296272,0.7500965606764758,1.3529120537456203,0.8493735326902911,1.00033995882866,0.2823101738713379,0.469066379600821
490335.0,2615985.0,1.0,1.0399551336347244,0.9292850742314346,1.0118405566155853,0.1811219408570024,1.0002565808949655,1.186338422444426,1.0000394453204269,1.044665284822479,0.0,0.9838591860296272,1.198102807372512,0.7503490707331599,0.8493735326902911,1.00033995882866,0.2823101738713379,0.469066379600821
491535.0,2615985.0,1.0,1.0399551336347244,0.9292850742314346,1.0118405566155853,0.1811219408570024,1.0002565808949655,1.186338422444426,1.0000394453204269,1.044665284822479,0.3333328979722623,0.9838591860296272,0.7500965606764758,0.7503490707331599,0.8493735326902911,1.00033995882866,0.2823101738713379,0.469066379600821
492735.0,2615985.0,1.0,1.0399551336347244,0.9292850742314346,1.0118405566155853,0.7386828595768657,1.0002565808949655,0.8093391753830542,1.0000394453204269,1.044665284822479,2.666670149564333,0.9838591860296272,1.198102807372512,0.7503490707331599,0.8493735326902911,1.00033995882866,0.2823101738713379,0.469066379600821
493935.0,2615985.0,1.0,1.0399551336347244,0.8052262877203168,1.0118405566155853,0.7386828595768657,1.0002565808949655,0.8093391753830542,1.0000394453204269,1.044665284822479,1.9999973878335735,0.9838591860296272,1.2466998513365868,1.3529120537456203,0.0,1.00033995882866,0.2823101738713379,0.469066379600821
495135.0,2615985.0,1.0,1.0399551336347244,0.9292850742314346,1.0118405566155853,0.6537459580982762,1.0002565808949655,0.8093391753830542,1.0000394453204269,1.044665284822479,1.9999973878335735,0.9838591860296272,1.198102807372512,0.7503490707331599,3.643673812226212,1.00033995882866,0.2823101738713379,0.469066379600821
496335.0,2615985.0,1.0,1.0399551336347244,1.41919570500929,1.0118405566155853,3.1494459396812817,1.0002565808949655,1.186338422444426,1.0000394453204269,1.044665284822479,1.9999973878335735,0.9838591860296272,1.7444769311303143,1.3529120537456203,0.8493735326902911,1.00033995882866,0.2823101738713379,0.469066379600821
497535.0,2615985.0,1.0,1.0399551336347244,0.9292850742314346,1.0118405566155853,0.6537459580982762,1.0002565808949655,1.186338422444426,1.0000394453204269,1.044665284822479,0.0,0.9838591860296272,1.7444769311303143,1.3529120537456203,0.8493735326902911,1.00033995882866,0.2823101738713379,0.469066379600821
498735.0,2615985.0,1.0,1.0399551336347244,0.8052262877203168,1.0118405566155853,3.1494459396812817,1.0002565808949655,0.8093391753830542,1.0000394453204269,1.044665284822479,0.0,0.9838591860296272,1.198102807372512,1.3529120537456203,3.643673812226212,1.00033995882866,0.2823101738713379,0.469066379600821
499935.0,2615985.0,1.0,1.0399551336347244,0.9292850742314346,1.0118405566155853,0.1811219408570024,1.0002565808949655,0.8093391753830542,1.0000394453204269,1.044665284822479,0.0,3.173995232666598,1.198102807372512,1.3529120537456203,0.8493735326902911,1.00033995882866,0.2823101738713379,0.469066379600821
501135.0,2615985.0,1.0,1.0399551336347244,0.9292850742314346,1.0118405566155853,0.1811219408570024,1.0002565808949655,0.8093391753830542,1.0000394453204269,1.044665284822479,1.9999973878335735,0.0,1.198102807372512,0.7503490707331599,3.643673812226212,1.00033995882866,0.2823101738713379,0.469066379600821
502335.0,2615985.0,1.0,1.0399551336347244,0.9292850742314346,1.0118405566155853,0.1811219408570024,1.0002565808949655,0.8093391753830542,1.0000394453204269,1.044665284822479,1.9999973878335735,0.0,1.198102807372512,0.7503490707331599,0.8493735326902911,1.00033995882866,0.2823101738713379,0.469066379600821
463935.0,2614785.0,0.3333324626123284,1.0399551336347244,0.0,1.0118405566155853,3.1494459396812817,1.0002565808949655,1.186338422444426,1.0000394453204269,1.044665284822479,0.0,0.9838591860296272,0.7500965606764758,0.7503490707331599,0.8493735326902911,1.00033995882866,0.2823101738713379,0.469066379600821
465135.0,2614785.0,2.6666666666666665,1.0399551336347244,1.41919570500929,1.0118405566155853,0.6537459580982762,1.0002565808949655,1.186338422444426,1.0000394453204269,1.044665284822479,0.3333328979722623,0.9838591860296272,1.7444769311303143,1.3529120537456203,0.8493735326902911,1.00033995882866,0.2823101738713379,0.469066379600821
466335.0,2614785.0,2.6666666666666665,1.0399551336347244,0.9292850742314346,1.0118405566155853,3.1494459396812817,1.0002565808949655,0.8093391753830542,1.0000394453204269,1.044665284822479,2.666670149564333,0.9838591860296272,1.198102807372512,0.7503490707331599,0.8493735326902911,1.00033995882866,0.2823101738713379,0.469066379600821
467535.0,2614785.0,2.6666666666666665,1.0399551336347244,0.9292850742314346,1.0118405566155853,0.1811219408570024,1.0002565808949655,0.8093391753830542,1.0000394453204269,1.044665284822479,0.0,0.9838591860296272,0.7500965606764758,0.7503490707331599,0.8493735326902911,1.00033995882866,0.2823101738713379,0.469066379600821
468735.0,2614785.0,2.6666666666666665,1.0399551336347244,0.8052262877203168,1.0118405566155853,0.6537459580982762,1.0002565808949655,1.186338422444426,1.0000394453204269,0.8359572766454578,0.3333328979722623,0.9838591860296272,0.0,0.0,0.8493735326902911,1.00033995882866,0.2823101738713379,0.469066379600821
469935.0,2614785.0,2.6666666666666665,1.0399551336347244,0.9292850742314346,1.0118405566155853,0.6537459580982762,1.0002565808949655,0.8093391753830542,1.0000394453204269,0.8359572766454578,0.0,0.9838591860296272,1.198102807372512,0.7503490707331599,0.8493735326902911,1.00033995882866,0.2823101738713379,0.469066379600821
471135.0,2614785.0,2.6666666666666665,1.0399551336347244,0.9292850742314346,1.0118405566155853,0.1811219408570024,1.0002565808949655,0.8093391753830542,1.0000394453204269,0.8359572766454578,0.0,0.9838591860296272,0.7500965606764758,1.3529120537456203,0.8493735326902911,1.00033995882866,0.2823101738713379,0.469066379600821
472335.0,2614785.0,1.0,1.0399551336347244,1.41919570500929,1.0118405566155853,0.7386828595768657,1.0002565808949655,1.186338422444426,1.0000394453204269,0.8359572766454578,0.3333328979722623,0.9838591860296272,1.7444769311303143,1.3529120537456203,0.8493735326902911,1.00033995882866,0.2823101738713379,0.469066379600821
473535.0,2614785.0,1.0,1.0399551336347244,0.9292850742314346,1.0118405566155853,0.6537459580982762,1.0002565808949655,1.186338422444426,1.0000394453204269,0.8359572766454578,0.0,3.173995232666598,1.198102807372512,0.7503490707331599,0.8493735326902911,1.00033995882866,0.2823101738713379,0.469066379600821
474735.0,2614785.0,1.0,1.0399551336347244,0.9292850742314346,1.0118405566155853,3.1494459396812817,1.0002565808949655,0.8093391753830542,1.0000394453204269,1.044665284822479,0.0,0.0,0.0,1.3529120537456203,0.8493735326902911,1.00033995882866,0.2823101738713379,0.469066379600821
475935.0,2614785.0,1.0,1.0399551336347244,0.9292850742314346,1.0118405566155853,0.7386828595768657,1.0002565808949655,1.186338422444426,1.0000394453204269,1.044665284822479,0.0,0.0,1.198102807372512,0.7503490707331599,0.8493735326902911,1.00033995882866,0.2823101738713379,0.469066379600821
477135.0,2614785.0,1.0,1.0399551336347244,0.8052262877203168,1.0118405566155853,0.7386828595768657,1.0002565808949655,1.186338422444426,1.0000394453204269,1.044665284822479,0.0,1.0253001657841805,1.198102807372512,1.3529120537456203,3.643673812226212,1.00033995882866,0.2823101738713379,0.469066379600821
478335.0,2614785.0,1.0,1.0399551336347244,0.9292850742314346,1.0118405566155853,0.1811219408570024,1.0002565808949655,0.8093391753830542,1.0000394453204269,1.044665284822479,0.0,0.0,1.198102807372512,0.7503490707331599,0.8493735326902911,1.00033995882866,0.2823101738713379,0.469066379600821
479535.0,2614785.0,1.0,1.0399551336347244,0.9292850742314346,1.0118405566155853,0.1811219408570024,1.0002565808949655,0.8093391753830542,1.0000394453204269,1.044665284822479,0.3333328979722623,0.0,1.198102807372512,0.7503490707331599,0.8493735326902911,1.00033995882866,0.2823101738713379,0.469066379600821
480735.0,2614785.0,1.0,1.0399551336347244,0.8052262877203168,1.0118405566155853,0.1811219408570024,1.0002565808949655,1.186338422444426,1.0000394453204269,1.044665284822479,0.3333328979722623,3.173995232666598,1.198102807372512,1.3529120537456203,3.643673812226212,1.00033995882866,0.2823101738713379,0.469066379600821
481935.0,2614785.0,1.0,1.0399551336347244,0.9292850742314346,1.0118405566155853,0.1811219408570024,1.0002565808949655,0.8093391753830542,1.0000394453204269,1.044665284822479,0.0,0.9838591860296272,1.198102807372512,1.3529120537456203,0.8493735326902911,1.00033995882866,0.2823101738713379,0.469066379600821
483135.0,2614785.0,1.0,1.0399551336347244,0.9292850742314346,1.0118405566155853,0.1811219408570024,1.0002565808949655,0.8093391753830542,1.0000394453204269,1.044665284822479,0.0,0.9838591860296272,1.198102807372512,0.7503490707331599,0.8493735326902911,1.00033995882866,0.2823101738713379,0.469066379600821
484335.0,2614785.0,1.0,1.0399551336347244,0.9292850742314346,1.0118405566155853,0.6537459580982762,1.0002565808949655,1.186338422444426,1.0000394453204269,1.044665284822479,0.0,0.9838591860296272,1.198102807372512,0.7503490707331599,0.8493735326902911,1.00033995882866,0.2823101738713379,0.469066379600821
485535.0,2614785.0,1.0,1.0399551336347244,0.8052262877203168,1.0118405566155853,0.7386828595768657,1.0002565808949655,0.8093391753830542,1.0000394453204269,1.044665284822479,0.0,0.9838591860296272,0.0,0.0,0.8493735326902911,1.00033995882866,0.2823101738713379,0.469066379600821
486735.0,2614785.0,1.0,1.0399551336347244,0.9292850742314346,1.0118405566155853,0.6537459580982762,1.0002565808949655,0.8093391753830542,1.0000394453204269,1.044665284822479,0.0,0.9838591860296272,1.198102807372512,0.7503490707331599,3.643673812226212,1.00033995882866,0.2823101738713379,0.469066379600821
487935.0,2614785.0,1.0,1.0399551336347244,0.9292850742314346,1.0118405566155853,0.1811219408570024,1.0002565808949655,1.186338422444426,1.0000394453204269,1.044665284822479,0.0,0.9838591860296272,0.7500965606764758,1.3529120537456203,0.8493735326902911,1.00033995882866,0.2823101738713379,0.469066379600821
489135.0,2614785.0,1.0,1.0399551336347244,1.41919570500929,1.0118405566155853,0.6537459580982762,1.0002565808949655,1.186338422444426,1.0000394453204269,1.044665284822479,0.0,0.9838591860296272,1.7444769311303143,1.3529120537456203,0.8493735326902911,1.00033995882866,0.2823101738713379,0.469066379600821
490335.0,2614785.0,1.0,1.0399551336347244,0.9292850742314346,1.0118405566155853,3.1494459396812817,1.0002565808949655,1.186338422444426,1.0000394453204269,1.044665284822479,0.0,0.9838591860296272,0.7500965606764758,1.3529120537456203,0.8493735326902911,1.00033995882866,0.2823101738713379,0.469066379600821
491535.0,2614785.0,1.0,1.0399551336347244,0.9292850742314346,1.0118405566155853,0.1811219408570024,1.0002565808949655,0.8093391753830542,1.0000394453204269,1.044665284822479,0.3333328979722623,0.9838591860296272,1.198102807372512,0.7503490707331599,0.8493735326902911,1.00033995882866,0.2823101738713379,0.469066379600821
492735.0,2614785.0,1.0,1.0399551336347244,1.41919570500929,1.0118405566155853,0.1811219408570024,1.0002565808949655,0.8093391753830542,1.0000394453204269,1.044665284822479,0.3333328979722623,0.9838591860296272,0.7500965606764758,1.3529120537456203,0.8493735326902911,1.00033995882866,0.2823101738713379,0.469066379600821
493935.0,2614785.0,1.0,1.0399551336347244,0.8052262877203168,1.0118405566155853,0.1811219408570024,1.0002565808949655,0.8093391753830542,1.0000394453204269,1.044665284822479,0.3333328979722623,0.9838591860296272,0.7500965606764758,0.0,0.8493735326902911,1.00033995882866,0.2823101738713379,0.469066379600821
495135.0,2614785.0,1.0,1.0399551336347244,0.8052262877203168,1.0118405566155853,0.1811219408570024,1.0002565808949655,0.8093391753830542,1.0000394453204269,1.044665284822479,0.3333328979722623,0.9838591860296272,0.7500965606764758,0.0,0.8493735326902911,1.00033995882866,0.2823101738713379,0.469066379600821
496335.0,2614785.0,1.0,1.0399551336347244,1.41919570500929,1.0118405566155853,0.7386828595768657,1.0002565808949655,0.8093391753830542,1.0000394453204269,1.044665284822479,1.9999973878335735,0.9838591860296272,0.7500965606764758,0.7503490707331599,0.8493735326902911,1.00033995882866,0.2823101738713379,0.469066379600821
497535.0,2614785.0,1.0,1.0399551336347244,0.9292850742314346,1.0118405566155853,0.1811219408570024,1.0002565808949655,0.8093391753830542,1.0000394453204269,1.044665284822479,1.9999973878335735,0.9838591860296272,1.198102807372512,1.3529120537456203,0.8493735326902911,1.00033995882866,1.8953159656210397,0.469066379600821
498735.0,2614785.0,1.0,1.0399551336347244,0.8052262877203168,1.0118405566155853,0.7386828595768657,1.0002565808949655,0.8093391753830542,1.0000394453204269,1.044665284822479,1.9999973878335735,0.9838591860296272,1.198102807372512,1.3529120537456203,3.643673812226212,1.00033995882866,0.2823101738713379,0.469066379600821
499935.0,2614785.0,1.0,1.0399551336347244,1.41919570500929,1.0118405566155853,3.1494459396812817,1.0002565808949655,1.186338422444426,1.0000394453204269,1.044665284822479,1.9999973878335735,3.173995232666598,1.7444769311303143,0.7503490707331599,0.8493735326902911,1.00033995882866,1.8953159656210397,0.469066379600821
501135.0,2614785.0,1.0,1.0399551336347244,0.9292850742314346,1.0118405566155853,0.6537459580982762,1.0002565808949655,0.8093391753830542,1.0000394453204269,1.044665284822479,1.9999973878335735,0.0,1.198102807372512,0.7503490707331599,0.8493735326902911,1.00033995882866,0.2823101738713379,0.469066379600821
502335.0,2614785.0,1.0,1.0399551336347244,0.9292850742314346,1.0118405566155853,0.6537459580982762,1.0002565808949655,0.8093391753830542,1.0000394453204269,1.044665284822479,1.9999973878335735,0.0,0.7500965606764758,1.3529120537456203,0.8493735326902911,1.00033995882866,0.2823101738713379,0.469066379600821
503535.0,2614785.0,1.0,1.0399551336347244,0.9292850742314346,1.0118405566155853,0.1811219408570024,1.0002565808949655,0.8093391753830542,1.0000394453204269,1.044665284822479,1.9999973878335735,1.0253001657841805,1.198102807372512,0.7503490707331599,0.8493735326902911,1.00033995882866,0.2823101738713379,0.469066379600821
465135.0,2613585.0,2.6666666666666665,1.0399551336347244,1.41919570500929,1.0118405566155853,0.6537459580982762,1.0002565808949655,1.186338422444426,1.0000394453204269,1.044665284822479,0.0,0.9838591860296272,0.7500965606764758,0.7503490707331599,0.8493735326902911,1.00033995882866,0.2823101738713379,0.469066379600821
466335.0,2613585.0,2.6666666666666665,1.0399551336347244,0.8052262877203168,1.0118405566155853,0.7386828595768657,1.0002565808949655,0.8093391753830542,1.0000394453204269,1.044665284822479,0.3333328979722623,0.9838591860296272,1.198102807372512,1.3529120537456203,3.643673812226212,1.00033995882866,0.2823101738713379,0.469066379600821
467535.0,2613585.0,2.6666666666666665,1.0399551336347244,0.9292850742314346,1.0118405566155853,0.1811219408570024,1.0002565808949655,1.186338422444426,1.0000394453204269,1.044665284822479,0.0,0.9838591860296272,0.7500965606764758,0.7503490707331599,0.8493735326902911,1.00033995882866,0.2823101738713379,0.469066379600821
468735.0,2613585.0,2.6666666666666665,1.0399551336347244,0.8052262877203168,1.0118405566155853,0.6537459580982762,1.0002565808949655,0.8093391753830542,1.0000394453204269,0.8359572766454578,0.3333328979722623,0.9838591860296272,0.0,0.0,0.8493735326902911,1.00033995882866,0.2823101738713379,0.469066379600821
469935.0,2613585.0,2.6666666666666665,1.0399551336347244,0.9292850742314346,1.0118405566155853,0.1811219408570024,1.0002565808949655,0.8093391753830542,1.0000394453204269,0.8359572766454578,0.0,0.9838591860296272,0.0,1.3529120537456203,0.8493735326902911,1.00033995882866,0.2823101738713379,0.469066379600821
471135.0,2613585.0,2.6666666666666665,1.0399551336347244,0.9292850742314346,1.0118405566155853,3.1494459396812817,1.0002565808949655,1.186338422444426,1.0000394453204269,0.8359572766454578,0.0,0.9838591860296272,1.198102807372512,1.3529120537456203,0.8493735326902911,1.00033995882866,0.2823101738713379,0.469066379600821
472335.0,2613585.0,1.0,1.0399551336347244,1.41919570500929,1.0118405566155853,0.1811219408570024,1.0002565808949655,1.186338422444426,1.0000394453204269,0.8359572766454578,0.0,0.9838591860296272,0.7500965606764758,0.7503490707331599,0.8493735326902911,1.00033995882866,0.2823101738713379,0.469066379600821
473535.0,2613585.0,1.0,1.0399551336347244,0.8052262877203168,1.0118405566155853,3.1494459396812817,1.0002565808949655,0.8093391753830542,1.0000394453204269,0.8359572766454578,0.3333328979722623,3.173995232666598,1.198102807372512,1.3529120537456203,0.8493735326902911,1.00033995882866,0.2823101738713379,0.469066379600821
474735.0,2613585.0,1.0,1.0399551336347244,0.9292850742314346,1.0118405566155853,0.1811219408570024,1.0002565808949655,0.8093391753830542,1.0000394453204269,1.044665284822479,0.0,0.0,0.7500965606764758,1.3529120537456203,0.8493735326902911,1.00033995882866,0.2823101738713379,0.469066379600821
475935.0,2613585.0,1.0,1.0399551336347244,1.41919570500929,1.0118405566155853,0.1811219408570024,1.0002565808949655,1.186338422444426,1.0000394453204269,1.044665284822479,0.0,0.0,0.7500965606764758,0.7503490707331599,0.8493735326902911,1.00033995882866,0.2823101738713379,0.469066379600821
477135.0,2613585.0,1.0,1.0399551336347244,0.9292850742314346,1.0118405566155853,0.1811219408570024,1.0002565808949655,1.186338422444426,1.0000394453204269,1.044665284822479,0.0,1.0253001657841805,0.7500965606764758,1.3529120537456203,0.8493735326902911,1.00033995882866,0.2823101738713379,0.469066379600821
478335.0,2613585.0,1.0,1.0399551336347244,0.8052262877203168,1.0118405566155853,0.1811219408570024,1.0002565808949655,0.8093391753830542,1.0000394453204269,1.044665284822479,0.0,0.0,1.2466998513365868,1.3529120537456203,0.0,1.00033995882866,0.2823101738713379,0.469066379600821
479535.0,2613585.0,1.0,1.0399551336347244,0.9292850742314346,1.0118405566155853,3.1494459396812817,1.0002565808949655,0.8093391753830542,1.0000394453204269,1.044665284822479,0.3333328979722623,0.0,1.198102807372512,0.7503490707331599,0.8493735326902911,1.00033995882866,0.2823101738713379,0.469066379600821
480735.0,2613585.0,1.0,1.0399551336347244,1.41919570500929,1.0118405566155853,0.1811219408570024,1.0002565808949655,0.8093391753830542,1.0000394453204269,1.044665284822479,0.3333328979722623,3.173995232666598,0.7500965606764758,0.7503490707331599,0.8493735326902911,1.00033995882866,0.2823101738713379,0.469066379600821
481935.0,2613585.0,1.0,1.0399551336347244,0.8052262877203168,1.0118405566155853,3.1494459396812817,1.0002565808949655,0.8093391753830542,1.0000394453204269,1.044665284822479,0.3333328979722623,0.9838591860296272,1.198102807372512,1.3529120537456203,3.643673812226212,1.00033995882866,0.2823101738713379,0.469066379600821
483135.0,2613585.0,1.0,1.0399551336347244,1.41919570500929,1.0118405566155853,0.1811219408570024,1.0002565808949655,1.186338422444426,1.0000394453204269,1.044665284822479,0.3333328979722623,0.9838591860296272,1.7444769311303143,1.3529120537456203,0.8493735326902911,1.00033995882866,0.2823101738713379,0.469066379600821
484335.0,2613585.0,1.0,1.0399551336347244,0.9292850742314346,1.0118405566155853,3.1494459396812817,1.0002565808949655,0.8093391753830542,1.0000394453204269,1.044665284822479,0.0,0.9838591860296272,1.198102807372512,0.7503490707331599,0.8493735326902911,1.00033995882866,0.2823101738713379,0.469066379600821
485535.0,2613585.0,1.0,1.0399551336347244,0.9292850742314346,1.0118405566155853,0.7386828595768657,1.0002565808949655,0.8093391753830542,1.0000394453204269,1.044665284822479,0.0,0.9838591860296272,1.7444769311303143,1.3529120537456203,0.8493735326902911,1.00033995882866,0.2823101738713379,0.469066379600821
486735.0,2613585.0,1.0,1.0399551336347244,1.41919570500929,1.0118405566155853,0.6537459580982762,1.0002565808949655,1.186338422444426,1.0000394453204269,1.044665284822479,0.0,0.9838591860296272,1.7444769311303143,0.7503490707331599,0.8493735326902911,1.00033995882866,0.2823101738713379,0.469066379600821
487935.0,2613585.0,1.0,1.0399551336347244,0.9292850742314346,1.0118405566155853,0.1811219408570024,1.0002565808949655,0.8093391753830542,1.0000394453204269,1.044665284822479,0.0,0.9838591860296272,1.198102807372512,0.7503490707331599,0.8493735326902911,1.00033995882866,0.2823101738713379,0.469066379600821
489135.0,2613585.0,1.0,1.0399551336347244,0.8052262877203168,1.0118405566155853,3.1494459396812817,1.0002565808949655,0.8093391753830542,1.0000394453204269,1.044665284822479,0.0,0.9838591860296272,1.198102807372512,1.3529120537456203,3.643673812226212,1.00033995882866,0.2823101738713379,0.469066379600821
490335.0,2613585.0,1.0,1.0399551336347244,1.41919570500929,1.0118405566155853,3.1494459396812817,1.0002565808949655,1.186338422444426,1.0000394453204269,1.044665284822479,0.3333328979722623,0.9838591860296272,1.7444769311303143,0.7503490707331599,0.8493735326902911,1.00033995882866,0.2823101738713379,0.469066379600821
491535.0,2613585.0,1.0,1.0399551336347244,0.9292850742314346,1.0118405566155853,0.6537459580982762,1.0002565808949655,1.186338422444426,1.0000394453204269,1.044665284822479,0.3333328979722623,0.9838591860296272,1.198102807372512,0.7503490707331599,0.8493735326902911,1.00033995882866,0.2823101738713379,0.469066379600821
492735.0,2613585.0,1.0,1.0399551336347244,1.41919570500929,1.0118405566155853,0.1811219408570024,1.0002565808949655,1.186338422444426,1.0000394453204269,1.044665284822479,0.3333328979722623,0.9838591860296272,1.7444769311303143,1.3529120537456203,0.8493735326902911,1.00033995882866,0.2823101738713379,0.469066379600821
493935.0,2613585.0,1.0,1.0399551336347244,1.41919570500929,1.0118405566155853,3.1494459396812817,1.0002565808949655,1.186338422444426,1.0000394453204269,1.044665284822479,0.3333328979722623,0.9838591860296272,0.0,1.3529120537456203,0.8493735326902911,1.00033995882866,0.2823101738713379,0.469066379600821
495135.0,2613585.0,1.0,1.0399551336347244,0.9292850742314346,1.0118405566155853,0.1811219408570024,1.0002565808949655,1.186338422444426,1.0000394453204269,1.044665284822479,0.3333328979722623,0.9838591860296272,1.7444769311303143,1.3529120537456203,0.8493735326902911,1.00033995882866,0.2823101738713379,0.469066379600821
496335.0,2613585.0,1.0,1.0399551336347244,0.9292850742314346,1.0118405566155853,0.7386828595768657,1.0002565808949655,1.186338422444426,1.0000394453204269,1.044665284822479,1.9999973878335735,0.9838591860296272,0.7500965606764758,1.3529120537456203,0.8493735326902911,1.00033995882866,0.2823101738713379,0.469066379600821
497535.0,2613585.0,1.0,1.0399551336347244,0.9292850742314346,1.0118405566155853,0.6537459580982762,1.0002565808949655,1.186338422444426,1.0000394453204269,1.044665284822479,2.666670149564333,0.9838591860296272,0.0,1.3529120537456203,0.8493735326902911,1.00033995882866,0.2823101738713379,0.469066379600821
498735.0,2613585.0,1.0,1.0399551336347244,1.41919570500929,1.0118405566155853,0.1811219408570024,1.0002565808949655,1.186338422444426,1.0000394453204269,1.044665284822479,0.3333328979722623,0.9838591860296272,1.7444769311303143,1.3529120537456203,0.8493735326902911,1.00033995882866,0.2823101738713379,0.469066379600821
499935.0,2613585.0,1.0,1.0399551336347244,0.9292850742314346,1.0118405566155853,0.6537459580982762,1.0002565808949655,0.8093391753830542,1.0000394453204269,1.044665284822479,2.666670149564333,3.173995232666598,1.198102807372512,0.7503490707331599,0.8493735326902911,1.00033995882866,0.2823101738713379,0.469066379600821
501135.0,2613585.0,1.0,1.0399551336347244,1.41919570500929,1.0118405566155853,0.1811219408570024,1.0002565808949655,1.186338422444426,1.0000394453204269,1.044665284822479,0.3333328979722623,0.0,0.0,1.3529120537456203,0.8493735326902911,1.00033995882866,0.2823101738713379,0.469066379600821
502335.0,2613585.0,1.0,1.0399551336347244,0.9292850742314346,1.0118405566155853,0.1811219408570024,1.0002565808949655,1.186338422444426,1.0000394453204269,1.044665284822479,1.9999973878335735,0.0,0.7500965606764758,1.3529120537456203,0.8493735326902911,1.00033995882866,0.2823101738713379,0.469066379600821
467535.0,2612385.0,2.6666666666666665,1.0399551336347244,0.9292850742314346,1.0118405566155853,0.6537459580982762,1.0002565808949655,0.8093391753830542,1.0000394453204269,1.044665284822479,0.0,0.9838591860296272,0.7500965606764758,1.3529120537456203,0.8493735326902911,1.00033995882866,0.2823101738713379,0.469066379600821
468735.0,2612385.0,2.6666666666666665,1.0399551336347244,0.8052262877203168,1.0118405566155853,3.1494459396812817,1.0002565808949655,0.8093391753830542,1.0000394453204269,0.8359572766454578,0.3333328979722623,0.9838591860296272,1.198102807372512,1.3529120537456203,0.8493735326902911,1.00033995882866,0.2823101738713379,0.469066379600821
469935.0,2612385.0,2.6666666666666665,1.0399551336347244,1.41919570500929,1.0118405566155853,0.6537459580982762,1.0002565808949655,1.186338422444426,1.0000394453204269,0.8359572766454578,0.3333328979722623,0.9838591860296272,0.7500965606764758,0.7503490707331599,0.8493735326902911,1.00033995882866,0.2823101738713379,0.469066379600821
471135.0,2612385.0,2.6666666666666665,1.0399551336347244,0.9292850742314346,1.0118405566155853,0.6537459580982762,1.0002565808949655,1.186338422444426,1.0000394453204269,0.8359572766454578,0.0,0.9838591860296272,0.7500965606764758,1.3529120537456203,0.8493735326902911,1.00033995882866,0.2823101738713379,0.469066379600821
472335.0,2612385.0,1.0,1.0399551336347244,1.41919570500929,1.0118405566155853,3.1494459396812817,1.0002565808949655,1.186338422444426,1.0000394453204269,0.8359572766454578,0.0,0.9838591860296272,1.7444769311303143,1.3529120537456203,0.8493735326902911,1.00033995882866,0.2823101738713379,0.469066379600821
473535.0,2612385.0,1.0,1.0399551336347244,0.9292850742314346,1.0118405566155853,0.1811219408570024,1.0002565808949655,1.186338422444426,1.0000394453204269,1.044665284822479,0.0,3.173995232666598,1.198102807372512,0.7503490707331599,3.643673812226212,1.00033995882866,0.2823101738713379,0.469066379600821
474735.0,2612385.0,1.0,1.0399551336347244,0.9292850742314346,1.0118405566155853,0.1811219408570024,1.0002565808949655,1.186338422444426,1.0000394453204269,1.044665284822479,0.0,0.0,0.0,1.3529120537456203,0.8493735326902911,1.00033995882866,0.2823101738713379,0.469066379600821
475935.0,2612385.0,1.0,1.0399551336347244,1.41919570500929,1.0118405566155853,0.7386828595768657,1.0002565808949655,1.186338422444426,1.0000394453204269,1.044665284822479,0.0,0.0,0.0,1.3529120537456203,0.8493735326902911,1.00033995882866,0.2823101738713379,0.469066379600821
477135.0,2612385.0,1.0,1.0399551336347244,0.8052262877203168,1.0118405566155853,0.1811219408570024,1.0002565808949655,1.186338422444426,1.0000394453204269,1.044665284822479,0.0,1.0253001657841805,0.7500965606764758,0.0,0.8493735326902911,1.00033995882866,0.2823101738713379,0.469066379600821
478335.0,2612385.0,1.0,1.0399551336347244,0.9292850742314346,1.0118405566155853,0.6537459580982762,1.0002565808949655,0.8093391753830542,1.0000394453204269,1.044665284822479,0.0,0.0,1.198102807372512,0.7503490707331599,0.8493735326902911,1.00033995882866,0.2823101738713379,0.469066379600821
479535.0,2612385.0,1.0,1.0399551336347244,1.41919570500929,1.0118405566155853,0.7386828595768657,1.0002565808949655,1.186338422444426,1.0000394453204269,1.044665284822479,2.666670149564333,0.0,0.7500965606764758,1.3529120537456203,0.8493735326902911,1.00033995882866,0.2823101738713379,0.469066379600821
480735.0,2612385.0,1.0,1.0399551336347244,0.8052262877203168,1.0118405566155853,0.6537459580982762,1.0002565808949655,0.8093391753830542,1.0000394453204269,1.044665284822479,0.3333328979722623,3.173995232666598,1.198102807372512,1.3529120537456203,3.643673812226212,1.00033995882866,0.2823101738713379,0.469066379600821
481935.0,2612385.0,1.0,1.0399551336347244,0.9292850742314346,1.0118405566155853,0.6537459580982762,1.0002565808949655,0.8093391753830542,1.0000394453204269,1.044665284822479,0.3333328979722623,0.9838591860296272,1.198102807372512,1.3529120537456203,0.8493735326902911,1.00033995882866,0.2823101738713379,0.469066379600821
483135.0,2612385.0,1.0,1.0399551336347244,0.9292850742314346,1.0118405566155853,3.1494459396812817,1.0002565808949655,1.186338422444426,1.0000394453204269,1.044665284822479,2.666670149564333,0.9838591860296272,0.7500965606764758,1.3529120537456203,0.8493735326902911,1.00033995882866,0.2823101738713379,0.469066379600821
484335.0,2612385.0,1.0,1.0399551336347244,1.41919570500929,1.0118405566155853,3.1494459396812817,1.0002565808949655,1.186338422444426,1.0000394453204269,1.044665284822479,2.666670149564333,0.9838591860296272,0.7500965606764758,0.7503490707331599,0.8493735326902911,1.00033995882866,0.2823101738713379,0.469066379600821
485535.0,2612385.0,1.0,1.0399551336347244,0.9292850742314346,1.0118405566155853,3.1494459396812817,1.0002565808949655,1.186338422444426,1.0000394453204269,1.044665284822479,0.0,0.9838591860296272,0.7500965606764758,1.3529120537456203,0.8493735326902911,1.00033995882866,0.2823101738713379,0.469066379600821
486735.0,2612385.0,1.0,1.0399551336347244,0.8052262877203168,1.0118405566155853,0.1811219408570024,1.0002565808949655,0.8093391753830542,1.0000394453204269,1.044665284822479,0.0,0.9838591860296272,1.2466998513365868,1.3529120537456203,0.0,1.00033995882866,0.2823101738713379,0.469066379600821
487935.0,2612385.0,1.0,1.0399551336347244,0.9292850742314346,1.0118405566155853,0.1811219408570024,1.0002565808949655,0.8093391753830542,1.0000394453204269,1.044665284822479,0.0,0.9838591860296272,0.7500965606764758,1.3529120537456203,0.8493735326902911,1.00033995882866,0.2823101738713379,0.469066379600821
489135.0,2612385.0,1.0,1.0399551336347244,0.9292850742314346,1.0118405566155853,0.7386828595768657,1.0002565808949655,0.8093391753830542,1.0000394453204269,1.044665284822479,0.0,0.9838591860296272,1.198102807372512,1.3529120537456203,0.8493735326902911,1.00033995882866,0.2823101738713379,0.469066379600821
490335.0,2612385.0,1.0,1.0399551336347244,0.9292850742314346,1.0118405566155853,0.1811219408570024,1.0002565808949655,1.186338422444426,1.0000394453204269,1.044665284822479,0.0,0.9838591860296272,1.198102807372512,0.7503490707331599,0.8493735326902911,1.00033995882866,0.2823101738713379,0.469066379600821
491535.0,2612385.0,1.0,1.0399551336347244,0.9292850742314346,1.0118405566155853,3.1494459396812817,1.0002565808949655,1.186338422444426,1.0000394453204269,1.044665284822479,0.0,0.9838591860296272,1.7444769311303143,1.3529120537456203,0.8493735326902911,1.00033995882866,0.2823101738713379,0.469066379600821
492735.0,2612385.0,1.0,1.0399551336347244,0.9292850742314346,1.0118405566155853,0.7386828595768657,1.0002565808949655,1.186338422444426,1.0000394453204269,1.044665284822479,0.3333328979722623,0.9838591860296272,1.198102807372512,1.3529120537456203,0.8493735326902911,1.00033995882866,0.2823101738713379,0.469066379600821
493935.0,2612385.0,1.0,1.0399551336347244,0.9292850742314346,1.0118405566155853,3.1494459396812817,1.0002565808949655,1.186338422444426,1.0000394453204269,1.044665284822479,0.3333328979722623,0.9838591860296272,1.7444769311303143,1.3529120537456203,0.8493735326902911,1.00033995882866,0.2823101738713379,0.469066379600821
495135.0,2612385.0,1.0,1.0399551336347244,0.9292850742314346,1.0118405566155853,3.1494459396812817,1.0002565808949655,0.8093391753830542,1.0000394453204269,1.044665284822479,2.666670149564333,0.9838591860296272,1.198102807372512,0.7503490707331599,0.8493735326902911,1.00033995882866,0.2823101738713379,0.469066379600821
496335.0,2612385.0,1.0,1.0399551336347244,0.9292850742314346,1.0118405566155853,0.7386828595768657,1.0002565808949655,1.186338422444426,1.0000394453204269,1.044665284822479,2.666670149564333,0.9838591860296272,0.7500965606764758,1.3529120537456203,0.8493735326902911,1.00033995882866,0.2823101738713379,0.469066379600821
497535.0,2612385.0,1.0,1.0399551336347244,0.8052262877203168,1.0118405566155853,0.6537459580982762,1.0002565808949655,0.8093391753830542,1.0000394453204269,1.044665284822479,0.3333328979722623,0.9838591860296272,1.2466998513365868,1.3529120537456203,0.0,1.00033995882866,0.2823101738713379,0.469066379600821
498735.0,2612385.0,1.0,1.0399551336347244,1.41919570500929,1.0118405566155853,0.1811219408570024,1.0002565808949655,1.186338422444426,1.0000394453204269,1.044665284822479,0.3333328979722623,0.9838591860296272,1.7444769311303143,1.3529120537456203,0.8493735326902911,1.00033995882866,0.2823101738713379,0.469066379600821
499935.0,2612385.0,1.0,1.0399551336347244,0.9292850742314346,1.0118405566155853,3.1494459396812817,1.0002565808949655,0.8093391753830542,1.0000394453204269,1.044665284822479,2.666670149564333,3.173995232666598,1.198102807372512,0.7503490707331599,0.8493735326902911,1.00033995882866,0.2823101738713379,0.469066379600821
501135.0,2612385.0,1.0,1.0399551336347244,0.9292850742314346,1.0118405566155853,0.7386828595768657,1.0002565808949655,1.186338422444426,1.0000394453204269,1.044665284822479,1.9999973878335735,0.0,0.7500965606764758,1.3529120537456203,0.8493735326902911,1.00033995882866,0.2823101738713379,0.469066379600821
502335.0,2612385.0,1.0,1.0399551336347244,0.8052262877203168,1.0118405566155853,0.1811219408570024,1.0002565808949655,0.8093391753830542,1.0000394453204269,1.044665284822479,2.666670149564333,0.0,1.2466998513365868,1.3529120537456203,0.0,1.00033995882866,0.2823101738713379,0.469066379600821
467535.0,2611185.0,2.6666666666666665,1.0399551336347244,1.41919570500929,1.0118405566155853,0.7386828595768657,1.0002565808949655,0.8093391753830542,1.0000394453204269,0.8359572766454578,0.0,0.9838591860296272,1.198102807372512,0.7503490707331599,0.8493735326902911,1.00033995882866,0.2823101738713379,0.469066379600821
468735.0,2611185.0,2.6666666666666665,1.0399551336347244,1.41919570500929,1.0118405566155853,0.6537459580982762,1.0002565808949655,1.186338422444426,1.0000394453204269,0.8359572766454578,0.0,0.9838591860296272,1.7444769311303143,1.3529120537456203,0.8493735326902911,1.00033995882866,0.2823101738713379,0.469066379600821
469935.0,2611185.0,2.6666666666666665,1.0399551336347244,0.9292850742314346,1.0118405566155853,0.1811219408570024,1.0002565808949655,0.8093391753830542,1.0000394453204269,0.8359572766454578,0.0,0.9838591860296272,0.7500965606764758,1.3529120537456203,0.8493735326902911,1.00033995882866,0.2823101738713379,0.469066379600821
471135.0,2611185.0,2.6666666666666665,1.0399551336347244,0.8052262877203168,1.0118405566155853,0.7386828595768657,1.0002565808949655,0.8093391753830542,1.0000394453204269,0.8359572766454578,0.0,0.9838591860296272,1.2466998513365868,1.3529120537456203,0.0,1.00033995882866,0.2823101738713379,0.469066379600821
472335.0,2611185.0,1.0,1.0399551336347244,0.8052262877203168,1.0118405566155853,0.1811219408570024,1.0002565808949655,1.186338422444426,1.0000394453204269,0.8359572766454578,0.0,0.9838591860296272,0.7500965606764758,1.3529120537456203,0.8493735326902911,1.00033995882866,0.2823101738713379,0.469066379600821
473535.0,2611185.0,1.0,1.0399551336347244,1.41919570500929,1.0118405566155853,3.1494459396812817,1.0002565808949655,1.186338422444426,1.0000394453204269,1.044665284822479,0.0,3.173995232666598,1.7444769311303143,1.3529120537456203,0.8493735326902911,1.00033995882866,0.2823101738713379,0.469066379600821
474735.0,2611185.0,1.0,1.0399551336347244,0.9292850742314346,1.0118405566155853,3.1494459396812817,1.0002565808949655,0.8093391753830542,1.0000394453204269,1.044665284822479,0.0,0.0,1.198102807372512,0.7503490707331599,0.8493735326902911,1.00033995882866,0.2823101738713379,0.469066379600821
475935.0,2611185.0,1.0,1.0399551336347244,0.9292850742314346,1.0118405566155853,3.1494459396812817,1.0002565808949655,1.186338422444426,1.0000394453204269,1.044665284822479,0.0,0.0,1.198102807372512,1.3529120537456203,0.8493735326902911,1.00033995882866,0.2823101738713379,0.469066379600821
477135.0,2611185.0,1.0,1.0399551336347244,0.8052262877203168,1.0118405566155853,0.6537459580982762,1.0002565808949655,0.8093391753830542,1.0000394453204269,1.044665284822479,0.0,1.0253001657841805,1.2466998513365868,1.3529120537456203,0.0,1.00033995882866,0.2823101738713379,0.469066379600821
480735.0,2611185.0,1.0,1.0399551336347244,0.8052262877203168,1.0118405566155853,3.1494459396812817,1.0002565808949655,0.8093391753830542,1.0000394453204269,1.044665284822479,0.3333328979722623,3.173995232666598,1.2466998513365868,1.3529120537456203,0.0,1.00033995882866,0.2823101738713379,0.469066379600821
481935.0,2611185.0,1.0,1.0399551336347244,0.9292850742314346,1.0118405566155853,0.1811219408570024,1.0002565808949655,0.8093391753830542,1.0000394453204269,1.044665284822479,0.0,0.9838591860296272,1.198102807372512,0.7503490707331599,0.8493735326902911,1.00033995882866,0.2823101738713379,0.469066379600821
483135.0,2611185.0,1.0,1.0399551336347244,0.9292850742314346,1.0118405566155853,0.1811219408570024,1.0002565808949655,1.186338422444426,1.0000394453204269,1.044665284822479,0.3333328979722623,0.9838591860296272,1.7444769311303143,1.3529120537456203,0.8493735326902911,1.00033995882866,0.2823101738713379,0.469066379600821
484335.0,2611185.0,1.0,1.0399551336347244,1.41919570500929,1.0118405566155853,3.1494459396812817,1.0002565808949655,1.186338422444426,1.0000394453204269,1.044665284822479,2.666670149564333,0.9838591860296272,1.7444769311303143,0.7503490707331599,0.8493735326902911,1.00033995882866,0.2823101738713379,0.469066379600821
485535.0,2611185.0,1.0,1.0399551336347244,0.9292850742314346,1.0118405566155853,0.6537459580982762,1.0002565808949655,0.8093391753830542,1.0000394453204269,1.044665284822479,0.3333328979722623,0.9838591860296272,1.198102807372512,0.7503490707331599,0.8493735326902911,1.00033995882866,0.2823101738713379,0.469066379600821
486735.0,2611185.0,1.0,1.0399551336347244,1.41919570500929,1.0118405566155853,0.1811219408570024,1.0002565808949655,1.186338422444426,1.0000394453204269,1.044665284822479,0.0,0.9838591860296272,1.7444769311303143,1.3529120537456203,0.8493735326902911,1.00033995882866,0.2823101738713379,0.469066379600821
487935.0,2611185.0,1.0,1.0399551336347244,0.9292850742314346,1.0118405566155853,0.6537459580982762,1.0002565808949655,0.8093391753830542,1.0000394453204269,1.044665284822479,0.0,0.9838591860296272,0.0,0.0,0.8493735326902911,1.00033995882866,0.2823101738713379,0.469066379600821
489135.0,2611185.0,1.0,1.0399551336347244,1.41919570500929,1.0118405566155853,0.1811219408570024,1.0002565808949655,1.186338422444426,1.0000394453204269,1.044665284822479,0.0,0.9838591860296272,0.7500965606764758,0.7503490707331599,0.8493735326902911,1.00033995882866,0.2823101738713379,0.469066379600821
490335.0,2611185.0,1.0,1.0399551336347244,1.41919570500929,1.0118405566155853,0.1811219408570024,1.0002565808949655,0.8093391753830542,1.0000394453204269,1.044665284822479,0.0,0.9838591860296272,0.7500965606764758,0.7503490707331599,0.8493735326902911,1.00033995882866,0.2823101738713379,0.469066379600821
491535.0,2611185.0,1.0,1.0399551336347244,0.9292850742314346,1.0118405566155853,0.1811219408570024,1.0002565808949655,0.8093391753830542,1.0000394453204269,1.044665284822479,0.0,0.9838591860296272,0.0,0.0,0.8493735326902911,1.00033995882866,0.2823101738713379,0.469066379600821
492735.0,2611185.0,1.0,1.0399551336347244,1.41919570500929,1.0118405566155853,0.1811219408570024,1.0002565808949655,1.186338422444426,1.0000394453204269,1.044665284822479,0.0,0.9838591860296272,1.7444769311303143,0.7503490707331599,0.8493735326902911,1.00033995882866,0.2823101738713379,0.469066379600821
493935.0,2611185.0,1.0,1.0399551336347244,0.9292850742314346,1.0118405566155853,0.6537459580982762,1.0002565808949655,1.186338422444426,1.0000394453204269,1.044665284822479,0.3333328979722623,0.9838591860296272,1.7444769311303143,1.3529120537456203,0.8493735326902911,1.00033995882866,0.2823101738713379,0.469066379600821
495135.0,2611185.0,1.0,1.0399551336347244,1.41919570500929,1.0118405566155853,0.6537459580982762,1.0002565808949655,1.186338422444426,1.0000394453204269,1.044665284822479,2.666670149564333,0.9838591860296272,1.7444769311303143,0.7503490707331599,0.8493735326902911,1.00033995882866,0.2823101738713379,0.469066379600821
496335.0,2611185.0,1.0,1.0399551336347244,0.9292850742314346,0.0,0.0,1.0002565808949655,0.8093391753830542,1.0000394453204269,1.044665284822479,1.9999973878335735,0.9838591860296272,1.198102807372512,0.7503490707331599,0.8493735326902911,1.00033995882866,1.8953159656210397,0.469066379600821
497535.0,2611185.0,1.0,1.0399551336347244,0.0,1.0118405566155853,0.7386828595768657,1.0002565808949655,1.186338422444426,1.0000394453204269,1.044665284822479,1.9999973878335735,0.9838591860296272,1.7444769311303143,0.7503490707331599,0.8493735326902911,1.00033995882866,0.2823101738713379,0.469066379600821
498735.0,2611185.0,1.0,1.0399551336347244,0.9292850742314346,1.0118405566155853,0.1811219408570024,1.0002565808949655,0.8093391753830542,1.0000394453204269,1.044665284822479,1.9999973878335735,0.9838591860296272,0.0,0.0,0.8493735326902911,1.00033995882866,0.2823101738713379,0.469066379600821
499935.0,2611185.0,1.0,1.0399551336347244,0.9292850742314346,1.0118405566155853,3.1494459396812817,1.0002565808949655,1.186338422444426,1.0000394453204269,1.044665284822479,1.9999973878335735,3.173995232666598,1.7444769311303143,1.3529120537456203,0.8493735326902911,1.00033995882866,0.2823101738713379,0.469066379600821
501135.0,2611185.0,1.0,1.0399551336347244,1.41919570500929,1.0118405566155853,0.1811219408570024,1.0002565808949655,1.186338422444426,1.0000394453204269,1.044665284822479,2.666670149564333,0.0,0.0,1.3529120537456203,0.8493735326902911,1.00033995882866,0.2823101738713379,0.469066379600821
502335.0,2611185.0,1.0,1.0399551336347244,0.9292850742314346,1.0118405566155853,0.1811219408570024,1.0002565808949655,1.186338422444426,1.0000394453204269,1.044665284822479,0.3333328979722623,0.0,0.7500965606764758,1.3529120537456203,0.8493735326902911,1.00033995882866,0.2823101738713379,0.469066379600821
466335.0,2609985.0,2.6666666666666665,1.0399551336347244,0.9292850742314346,1.0118405566155853,0.1811219408570024,1.0002565808949655,1.186338422444426,1.0000394453204269,1.044665284822479,0.0,0.9838591860296272,1.198102807372512,0.7503490707331599,0.8493735326902911,1.00033995882866,0.2823101738713379,0.469066379600821
467535.0,2609985.0,2.6666666666666665,1.0399551336347244,1.41919570500929,1.0118405566155853,0.1811219408570024,1.0002565808949655,0.8093391753830542,1.0000394453204269,1.044665284822479,0.0,0.9838591860296272,0.0,1.3529120537456203,0.8493735326902911,1.00033995882866,0.2823101738713379,0.469066379600821
468735.0,2609985.0,2.6666666666666665,1.0399551336347244,0.9292850742314346,1.0118405566155853,0.6537459580982762,1.0002565808949655,1.186338422444426,1.0000394453204269,1.044665284822479,0.0,0.9838591860296272,0.7500965606764758,1.3529120537456203,0.8493735326902911,1.00033995882866,0.2823101738713379,0.469066379600821
469935.0,2609985.0,2.6666666666666665,1.0399551336347244,0.9292850742314346,1.0118405566155853,3.1494459396812817,1.0002565808949655,1.186338422444426,1.0000394453204269,0.8359572766454578,0.0,0.9838591860296272,1.198102807372512,0.7503490707331599,0.8493735326902911,1.00033995882866,0.2823101738713379,0.469066379600821
471135.0,2609985.0,2.6666666666666665,1.0399551336347244,1.41919570500929,1.0118405566155853,3.1494459396812817,1.0002565808949655,1.186338422444426,1.0000394453204269,0.8359572766454578,0.0,0.9838591860296272,0.7500965606764758,0.7503490707331599,0.8493735326902911,1.00033995882866,0.2823101738713379,0.469066379600821
472335.0,2609985.0,2.6666666666666665,1.0399551336347244,1.41919570500929,1.0118405566155853,0.6537459580982762,1.0002565808949655,1.186338422444426,1.0000394453204269,0.8359572766454578,0.0,0.9838591860296272,1.7444769311303143,1.3529120537456203,0.8493735326902911,1.00033995882866,0.2823101738713379,0.469066379600821
473535.0,2609985.0,1.0,1.0399551336347244,1.41919570500929,1.0118405566155853,0.6537459580982762,1.0002565808949655,1.186338422444426,1.0000394453204269,1.044665284822479,0.0,3.173995232666598,0.7500965606764758,0.7503490707331599,0.8493735326902911,1.00033995882866,0.2823101738713379,0.469066379600821
474735.0,2609985.0,1.0,1.0399551336347244,0.9292850742314346,1.0118405566155853,0.1811219408570024,1.0002565808949655,0.8093391753830542,1.0000394453204269,1.044665284822479,0.0,0.0,0.0,1.3529120537456203,0.8493735326902911,1.00033995882866,0.2823101738713379,0.469066379600821
475935.0,2609985.0,1.0,1.0399551336347244,0.8052262877203168,1.0118405566155853,0.6537459580982762,1.0002565808949655,1.186338422444426,1.0000394453204269,1.044665284822479,0.0,0.0,1.2466998513365868,1.3529120537456203,0.0,1.00033995882866,0.2823101738713379,0.469066379600821
477135.0,2609985.0,1.0,1.0399551336347244,0.0,1.0118405566155853,0.1811219408570024,1.0002565808949655,1.186338422444426,1.0000394453204269,1.044665284822479,0.0,1.0253001657841805,1.7444769311303143,1.3529120537456203,0.8493735326902911,1.00033995882866,0.2823101738713379,0.469066379600821
480735.0,2609985.0,1.0,1.0399551336347244,0.9292850742314346,1.0118405566155853,3.1494459396812817,1.0002565808949655,1.186338422444426,1.0000394453204269,1.044665284822479,0.3333328979722623,3.173995232666598,1.7444769311303143,1.3529120537456203,0.8493735326902911,1.00033995882866,0.2823101738713379,0.469066379600821
481935.0,2609985.0,1.0,1.0399551336347244,0.9292850742314346,1.0118405566155853,0.1811219408570024,1.0002565808949655,1.186338422444426,1.0000394453204269,1.044665284822479,0.0,0.9838591860296272,0.7500965606764758,1.3529120537456203,0.8493735326902911,1.00033995882866,0.2823101738713379,0.469066379600821
483135.0,2609985.0,1.0,1.0399551336347244,0.9292850742314346,1.0118405566155853,0.6537459580982762,1.0002565808949655,0.8093391753830542,1.0000394453204269,1.044665284822479,0.3333328979722623,0.9838591860296272,1.198102807372512,0.7503490707331599,3.643673812226212,1.00033995882866,0.2823101738713379,0.469066379600821
484335.0,2609985.0,1.0,1.0399551336347244,1.41919570500929,1.0118405566155853,0.7386828595768657,1.0002565808949655,1.186338422444426,1.0000394453204269,1.044665284822479,2.666670149564333,0.9838591860296272,0.7500965606764758,1.3529120537456203,0.8493735326902911,1.00033995882866,0.2823101738713379,0.469066379600821
485535.0,2609985.0,1.0,1.0399551336347244,0.9292850742314346,1.0118405566155853,0.1811219408570024,1.0002565808949655,1.186338422444426,1.0000394453204269,1.044665284822479,0.3333328979722623,0.9838591860296272,0.7500965606764758,1.3529120537456203,0.8493735326902911,1.00033995882866,0.2823101738713379,0.469066379600821
486735.0,2609985.0,1.0,1.0399551336347244,1.41919570500929,1.0118405566155853,0.6537459580982762,1.0002565808949655,1.186338422444426,1.0000394453204269,1.044665284822479,0.0,0.9838591860296272,1.7444769311303143,1.3529120537456203,0.8493735326902911,1.00033995882866,0.2823101738713379,0.469066379600821
487935.0,2609985.0,1.0,1.0399551336347244,0.8052262877203168,1.0118405566155853,0.1811219408570024,1.0002565808949655,1.186338422444426,1.0000394453204269,1.044665284822479,0.0,0.9838591860296272,1.198102807372512,1.3529120537456203,3.643673812226212,1.00033995882866,0.2823101738713379,0.469066379600821
489135.0,2609985.0,1.0,1.0399551336347244,0.8052262877203168,1.0118405566155853,0.6537459580982762,1.0002565808949655,0.8093391753830542,1.0000394453204269,1.044665284822479,0.0,0.9838591860296272,1.198102807372512,1.3529120537456203,3.643673812226212,1.00033995882866,0.2823101738713379,0.469066379600821
490335.0,2609985.0,1.0,1.0399551336347244,0.8052262877203168,1.0118405566155853,0.6537459580982762,1.0002565808949655,1.186338422444426,1.0000394453204269,1.044665284822479,0.0,0.9838591860296272,0.7500965606764758,1.3529120537456203,0.8493735326902911,1.00033995882866,0.2823101738713379,0.469066379600821
491535.0,2609985.0,1.0,1.0399551336347244,0.9292850742314346,1.0118405566155853,0.7386828595768657,1.0002565808949655,0.8093391753830542,1.0000394453204269,1.044665284822479,0.3333328979722623,0.9838591860296272,0.7500965606764758,0.7503490707331599,0.8493735326902911,1.00033995882866,0.2823101738713379,0.469066379600821
492735.0,2609985.0,1.0,1.0399551336347244,0.8052262877203168,1.0118405566155853,0.6537459580982762,1.0002565808949655,0.8093391753830542,1.0000394453204269,1.044665284822479,2.666670149564333,0.9838591860296272,1.2466998513365868,1.3529120537456203,0.0,1.00033995882866,0.2823101738713379,0.469066379600821
493935.0,2609985.0,1.0,1.0399551336347244,1.41919570500929,1.0118405566155853,0.6537459580982762,1.0002565808949655,1.186338422444426,1.0000394453204269,1.044665284822479,2.666670149564333,0.9838591860296272,0.0,0.0,0.8493735326902911,1.00033995882866,0.2823101738713379,0.469066379600821
495135.0,2609985.0,1.0,1.0399551336347244,0.9292850742314346,1.0118405566155853,3.1494459396812817,1.0002565808949655,1.186338422444426,1.0000394453204269,1.044665284822479,1.9999973878335735,0.9838591860296272,1.7444769311303143,0.0,0.8493735326902911,1.00033995882866,0.2823101738713379,0.469066379600821
496335.0,2609985.0,1.0,1.0399551336347244,0.8052262877203168,1.0118405566155853,3.1494459396812817,1.0002565808949655,1.186338422444426,1.0000394453204269,1.044665284822479,1.9999973878335735,0.9838591860296272,1.7444769311303143,0.0,0.8493735326902911,1.00033995882866,1.8953159656210397,0.469066379600821
497535.0,2609985.0,1.0,1.0399551336347244,0.9292850742314346,1.0118405566155853,0.1811219408570024,1.0002565808949655,1.186338422444426,1.0000394453204269,1.044665284822479,1.9999973878335735,0.9838591860296272,1.198102807372512,0.7503490707331599,0.8493735326902911,1.00033995882866,0.2823101738713379,0.469066379600821
498735.0,2609985.0,1.0,1.0399551336347244,1.41919570500929,1.0118405566155853,0.6537459580982762,1.0002565808949655,1.186338422444426,1.0000394453204269,1.044665284822479,1.9999973878335735,0.9838591860296272,0.0,1.3529120537456203,0.8493735326902911,1.00033995882866,1.8953159656210397,0.469066379600821
499935.0,2609985.0,1.0,1.0399551336347244,0.9292850742314346,1.0118405566155853,3.1494459396812817,1.0002565808949655,1.186338422444426,1.0000394453204269,1.044665284822479,2.666670149564333,3.173995232666598,0.0,0.0,0.8493735326902911,1.00033995882866,0.2823101738713379,0.469066379600821
501135.0,2609985.0,1.0,1.0399551336347244,0.8052262877203168,1.0118405566155853,3.1494459396812817,1.0002565808949655,1.186338422444426,1.0000394453204269,1.044665284822479,0.3333328979722623,0.0,0.0,0.0,0.8493735326902911,1.00033995882866,0.2823101738713379,0.469066379600821
502335.0,2609985.0,1.0,1.0399551336347244,0.9292850742314346,1.0118405566155853,0.1811219408570024,1.0002565808949655,1.186338422444426,1.0000394453204269,1.044665284822479,0.0,0.0,1.7444769311303143,1.3529120537456203,0.8493735326902911,1.00033995882866,0.2823101738713379,0.469066379600821
465135.0,2608785.0,2.6666666666666665,1.0399551336347244,0.8052262877203168,1.0118405566155853,0.0,1.0002565808949655,1.186338422444426,1.0000394453204269,1.044665284822479,0.0,0.9838591860296272,1.2466998513365868,1.3529120537456203,0.0,1.00033995882866,0.2823101738713379,0.469066379600821
466335.0,2608785.0,2.6666666666666665,1.0399551336347244,0.9292850742314346,1.0118405566155853,3.1494459396812817,1.0002565808949655,1.186338422444426,1.0000394453204269,1.044665284822479,0.0,0.9838591860296272,0.0,1.3529120537456203,0.8493735326902911,1.00033995882866,0.2823101738713379,0.469066379600821
467535.0,2608785.0,2.6666666666666665,1.0399551336347244,1.41919570500929,1.0118405566155853,0.6537459580982762,1.0002565808949655,0.8093391753830542,1.0000394453204269,1.044665284822479,0.0,0.9838591860296272,0.7500965606764758,0.7503490707331599,0.8493735326902911,1.00033995882866,0.2823101738713379,0.469066379600821
468735.0,2608785.0,2.6666666666666665,1.0399551336347244,1.41919570500929,1.0118405566155853,3.1494459396812817,1.0002565808949655,0.8093391753830542,1.0000394453204269,0.8359572766454578,0.0,0.9838591860296272,0.7500965606764758,0.7503490707331599,0.8493735326902911,1.00033995882866,0.2823101738713379,0.469066379600821
469935.0,2608785.0,2.6666666666666665,1.0399551336347244,0.9292850742314346,1.0118405566155853,0.6537459580982762,1.0002565808949655,1.186338422444426,1.0000394453204269,0.8359572766454578,0.0,0.9838591860296272,1.198102807372512,0.7503490707331599,0.8493735326902911,1.00033995882866,0.2823101738713379,0.469066379600821
471135.0,2608785.0,2.6666666666666665,1.0399551336347244,0.9292850742314346,1.0118405566155853,0.7386828595768657,1.0002565808949655,1.186338422444426,1.0000394453204269,0.8359572766454578,0.0,0.9838591860296272,1.198102807372512,0.7503490707331599,0.8493735326902911,1.00033995882866,0.2823101738713379,0.469066379600821
472335.0,2608785.0,2.6666666666666665,1.0399551336347244,1.41919570500929,1.0118405566155853,0.1811219408570024,1.0002565808949655,1.186338422444426,1.0000394453204269,0.8359572766454578,0.0,0.9838591860296272,0.0,1.3529120537456203,0.8493735326902911,1.00033995882866,0.2823101738713379,0.469066379600821
473535.0,2608785.0,1.0,1.0399551336347244,1.41919570500929,1.0118405566155853,0.1811219408570024,1.0002565808949655,1.186338422444426,1.0000394453204269,1.044665284822479,0.0,3.173995232666598,1.7444769311303143,1.3529120537456203,0.8493735326902911,1.00033995882866,0.2823101738713379,0.469066379600821
474735.0,2608785.0,1.0,1.0399551336347244,0.9292850742314346,1.0118405566155853,3.1494459396812817,1.0002565808949655,0.8093391753830542,1.0000394453204269,1.044665284822479,0.3333328979722623,0.0,0.7500965606764758,1.3529120537456203,0.8493735326902911,1.00033995882866,0.2823101738713379,0.469066379600821
475935.0,2608785.0,1.0,1.0399551336347244,0.8052262877203168,1.0118405566155853,0.1811219408570024,1.0002565808949655,1.186338422444426,1.0000394453204269,1.044665284822479,0.3333328979722623,0.0,0.7500965606764758,1.3529120537456203,0.8493735326902911,1.00033995882866,0.2823101738713379,0.469066379600821
480735.0,2608785.0,1.0,1.0399551336347244,0.8052262877203168,1.0118405566155853,0.1811219408570024,1.0002565808949655,0.8093391753830542,1.0000394453204269,1.044665284822479,0.3333328979722623,3.173995232666598,1.198102807372512,1.3529120537456203,0.8493735326902911,1.00033995882866,0.2823101738713379,0.469066379600821
481935.0,2608785.0,1.0,1.0399551336347244,0.9292850742314346,1.0118405566155853,0.1811219408570024,1.0002565808949655,0.8093391753830542,1.0000394453204269,1.044665284822479,0.3333328979722623,0.9838591860296272,1.198102807372512,0.7503490707331599,0.8493735326902911,1.00033995882866,0.2823101738713379,0.469066379600821
483135.0,2608785.0,1.0,1.0399551336347244,0.9292850742314346,1.0118405566155853,0.1811219408570024,1.0002565808949655,0.8093391753830542,1.0000394453204269,1.044665284822479,0.0,0.9838591860296272,0.7500965606764758,1.3529120537456203,0.8493735326902911,1.00033995882866,0.2823101738713379,0.469066379600821
484335.0,2608785.0,1.0,1.0399551336347244,0.0,1.0118405566155853,0.7386828595768657,1.0002565808949655,1.186338422444426,1.0000394453204269,1.044665284822479,2.666670149564333,0.9838591860296272,0.0,1.3529120537456203,0.8493735326902911,1.00033995882866,0.2823101738713379,0.469066379600821
485535.0,2608785.0,1.0,1.0399551336347244,0.9292850742314346,1.0118405566155853,0.1811219408570024,1.0002565808949655,0.8093391753830542,1.0000394453204269,1.044665284822479,0.3333328979722623,0.9838591860296272,0.7500965606764758,1.3529120537456203,0.8493735326902911,1.00033995882866,0.2823101738713379,0.469066379600821
486735.0,2608785.0,1.0,1.0399551336347244,0.8052262877203168,1.0118405566155853,0.1811219408570024,1.0002565808949655,1.186338422444426,1.0000394453204269,1.044665284822479,0.0,0.9838591860296272,1.198102807372512,1.3529120537456203,0.8493735326902911,1.00033995882866,0.2823101738713379,0.469066379600821
487935.0,2608785.0,1.0,1.0399551336347244,0.9292850742314346,1.0118405566155853,0.1811219408570024,1.0002565808949655,1.186338422444426,1.0000394453204269,1.044665284822479,0.0,0.9838591860296272,1.198102807372512,0.7503490707331599,0.8493735326902911,1.00033995882866,0.2823101738713379,0.469066379600821
489135.0,2608785.0,1.0,1.0399551336347244,0.9292850742314346,1.0118405566155853,0.1811219408570024,1.0002565808949655,1.186338422444426,1.0000394453204269,1.044665284822479,0.0,0.9838591860296272,1.198102807372512,0.7503490707331599,0.8493735326902911,1.00033995882866,0.2823101738713379,0.469066379600821
490335.0,2608785.0,1.0,1.0399551336347244,0.8052262877203168,1.0118405566155853,0.6537459580982762,1.0002565808949655,0.8093391753830542,1.0000394453204269,1.044665284822479,0.0,0.9838591860296272,0.7500965606764758,1.3529120537456203,0.8493735326902911,1.00033995882866,0.2823101738713379,0.469066379600821
491535.0,2608785.0,1.0,1.0399551336347244,0.9292850742314346,1.0118405566155853,0.1811219408570024,1.0002565808949655,0.8093391753830542,1.0000394453204269,1.044665284822479,0.3333328979722623,0.9838591860296272,0.7500965606764758,1.3529120537456203,0.8493735326902911,1.00033995882866,0.2823101738713379,0.469066379600821
492735.0,2608785.0,1.0,1.0399551336347244,0.9292850742314346,1.0118405566155853,0.1811219408570024,1.0002565808949655,0.8093391753830542,1.0000394453204269,1.044665284822479,2.666670149564333,0.9838591860296272,0.7500965606764758,0.7503490707331599,0.8493735326902911,1.00033995882866,0.2823101738713379,0.469066379600821
493935.0,2608785.0,1.0,1.0399551336347244,0.9292850742314346,1.0118405566155853,0.7386828595768657,1.0002565808949655,0.8093391753830542,1.0000394453204269,1.044665284822479,1.9999973878335735,0.9838591860296272,0.0,0.0,0.8493735326902911,1.00033995882866,0.2823101738713379,0.469066379600821
495135.0,2608785.0,1.0,1.0399551336347244,1.41919570500929,1.0118405566155853,0.6537459580982762,1.0002565808949655,1.186338422444426,1.0000394453204269,1.044665284822479,1.9999973878335735,0.9838591860296272,1.7444769311303143,1.3529120537456203,0.8493735326902911,1.00033995882866,0.2823101738713379,0.469066379600821
496335.0,2608785.0,1.0,1.0399551336347244,0.8052262877203168,1.0118405566155853,0.6537459580982762,1.0002565808949655,1.186338422444426,1.0000394453204269,1.044665284822479,1.9999973878335735,0.9838591860296272,1.198102807372512,1.3529120537456203,0.8493735326902911,1.00033995882866,1.8953159656210397,0.469066379600821
497535.0,2608785.0,1.0,1.0399551336347244,0.8052262877203168,1.0118405566155853,3.1494459396812817,1.0002565808949655,1.186338422444426,1.0000394453204269,1.044665284822479,1.9999973878335735,0.9838591860296272,1.2466998513365868,1.3529120537456203,0.0,1.00033995882866,1.8953159656210397,0.469066379600821
498735.0,2608785.0,1.0,1.0399551336347244,0.9292850742314346,1.0118405566155853,0.6537459580982762,1.0002565808949655,0.8093391753830542,1.0000394453204269,1.044665284822479,2.666670149564333,0.9838591860296272,1.198102807372512,1.3529120537456203,0.8493735326902911,1.00033995882866,0.2823101738713379,0.469066379600821
499935.0,2608785.0,1.0,1.0399551336347244,0.9292850742314346,1.0118405566155853,0.1811219408570024,1.0002565808949655,0.8093391753830542,1.0000394453204269,1.044665284822479,0.3333328979722623,3.173995232666598,0.7500965606764758,1.3529120537456203,0.8493735326902911,1.00033995882866,0.2823101738713379,0.469066379600821
501135.0,2608785.0,1.0,1.0399551336347244,0.9292850742314346,1.0118405566155853,0.1811219408570024,1.0002565808949655,1.186338422444426,1.0000394453204269,1.044665284822479,0.3333328979722623,0.0,0.7500965606764758,1.3529120537456203,0.8493735326902911,1.00033995882866,0.2823101738713379,0.469066379600821
502335.0,2608785.0,1.0,1.0399551336347244,0.9292850742314346,1.0118405566155853,3.1494459396812817,1.0002565808949655,1.186338422444426,1.0000394453204269,1.044665284822479,0.3333328979722623,0.0,0.7500965606764758,1.3529120537456203,0.8493735326902911,1.00033995882866,0.2823101738713379,0.469066379600821
465135.0,2607585.0,2.6666666666666665,1.0399551336347244,0.9292850742314346,1.0118405566155853,0.6537459580982762,1.0002565808949655,1.186338422444426,1.0000394453204269,1.044665284822479,0.0,0.9838591860296272,0.0,0.0,0.8493735326902911,1.00033995882866,0.2823101738713379,0.469066379600821
466335.0,2607585.0,2.6666666666666665,1.0399551336347244,0.9292850742314346,1.0118405566155853,0.6537459580982762,1.0002565808949655,0.8093391753830542,1.0000394453204269,1.044665284822479,0.0,0.9838591860296272,1.198102807372512,0.7503490707331599,3.643673812226212,1.00033995882866,0.2823101738713379,0.469066379600821
467535.0,2607585.0,2.6666666666666665,1.0399551336347244,1.41919570500929,1.0118405566155853,3.1494459396812817,1.0002565808949655,1.186338422444426,1.0000394453204269,1.044665284822479,0.0,0.9838591860296272,1.7444769311303143,1.3529120537456203,0.8493735326902911,1.00033995882866,0.2823101738713379,0.469066379600821
468735.0,2607585.0,2.6666666666666665,1.0399551336347244,0.9292850742314346,1.0118405566155853,0.1811219408570024,1.0002565808949655,1.186338422444426,1.0000394453204269,0.8359572766454578,0.0,0.9838591860296272,0.7500965606764758,1.3529120537456203,0.8493735326902911,1.00033995882866,0.2823101738713379,0.469066379600821
469935.0,2607585.0,2.6666666666666665,1.0399551336347244,0.9292850742314346,1.0118405566155853,0.6537459580982762,1.0002565808949655,1.186338422444426,1.0000394453204269,0.8359572766454578,0.0,0.9838591860296272,1.7444769311303143,1.3529120537456203,0.8493735326902911,1.00033995882866,0.2823101738713379,0.469066379600821
471135.0,2607585.0,2.6666666666666665,1.0399551336347244,0.9292850742314346,1.0118405566155853,0.7386828595768657,1.0002565808949655,0.8093391753830542,1.0000394453204269,0.8359572766454578,0.0,0.9838591860296272,1.198102807372512,0.7503490707331599,0.8493735326902911,1.00033995882866,0.2823101738713379,0.469066379600821
472335.0,2607585.0,2.6666666666666665,1.0399551336347244,0.9292850742314346,1.0118405566155853,3.1494459396812817,1.0002565808949655,0.8093391753830542,1.0000394453204269,1.044665284822479,0.0,0.9838591860296272,1.198102807372512,0.7503490707331599,0.8493735326902911,1.00033995882866,0.2823101738713379,0.469066379600821
473535.0,2607585.0,2.6666666666666665,1.0399551336347244,0.9292850742314346,1.0118405566155853,0.6537459580982762,1.0002565808949655,0.8093391753830542,1.0000394453204269,1.044665284822479,0.0,3.173995232666598,1.198102807372512,0.7503490707331599,0.8493735326902911,1.00033995882866,0.2823101738713379,0.469066379600821
474735.0,2607585.0,1.0,1.0399551336347244,0.8052262877203168,1.0118405566155853,0.1811219408570024,1.0002565808949655,0.8093391753830542,1.0000394453204269,1.044665284822479,0.0,0.0,1.2466998513365868,1.3529120537456203,0.0,1.00033995882866,0.2823101738713379,0.469066379600821
475935.0,2607585.0,1.0,1.0399551336347244,0.9292850742314346,1.0118405566155853,0.1811219408570024,1.0002565808949655,1.186338422444426,1.0000394453204269,1.044665284822479,0.0,0.0,1.7444769311303143,1.3529120537456203,0.8493735326902911,1.00033995882866,0.2823101738713379,0.469066379600821
481935.0,2607585.0,1.0,1.0399551336347244,0.9292850742314346,1.0118405566155853,0.6537459580982762,1.0002565808949655,0.8093391753830542,1.0000394453204269,1.044665284822479,0.3333328979722623,0.9838591860296272,0.7500965606764758,1.3529120537456203,0.8493735326902911,1.00033995882866,0.2823101738713379,0.469066379600821
483135.0,2607585.0,1.0,1.0399551336347244,0.9292850742314346,1.0118405566155853,0.1811219408570024,1.0002565808949655,0.8093391753830542,1.0000394453204269,1.044665284822479,0.3333328979722623,0.9838591860296272,1.198102807372512,0.7503490707331599,0.8493735326902911,1.00033995882866,0.2823101738713379,0.469066379600821
484335.0,2607585.0,1.0,1.0399551336347244,1.41919570500929,1.0118405566155853,0.6537459580982762,1.0002565808949655,1.186338422444426,1.0000394453204269,1.044665284822479,0.3333328979722623,0.9838591860296272,0.7500965606764758,0.7503490707331599,0.8493735326902911,1.00033995882866,0.2823101738713379,0.469066379600821
485535.0,2607585.0,1.0,1.0399551336347244,1.41919570500929,1.0118405566155853,3.1494459396812817,1.0002565808949655,1.186338422444426,1.0000394453204269,1.044665284822479,0.3333328979722623,0.9838591860296272,0.0,1.3529120537456203,0.8493735326902911,1.00033995882866,0.2823101738713379,0.469066379600821
486735.0,2607585.0,1.0,1.0399551336347244,0.8052262877203168,1.0118405566155853,0.6537459580982762,1.0002565808949655,0.8093391753830542,1.0000394453204269,1.044665284822479,0.0,0.9838591860296272,1.198102807372512,1.3529120537456203,3.643673812226212,1.00033995882866,0.2823101738713379,0.469066379600821
487935.0,2607585.0,1.0,1.0399551336347244,0.9292850742314346,1.0118405566155853,0.6537459580982762,1.0002565808949655,1.186338422444426,1.0000394453204269,1.044665284822479,0.0,0.9838591860296272,0.7500965606764758,1.3529120537456203,0.8493735326902911,1.00033995882866,0.2823101738713379,0.469066379600821
489135.0,2607585.0,1.0,1.0399551336347244,0.9292850742314346,1.0118405566155853,0.1811219408570024,1.0002565808949655,0.8093391753830542,1.0000394453204269,1.044665284822479,0.0,0.9838591860296272,1.198102807372512,0.7503490707331599,3.643673812226212,1.00033995882866,0.2823101738713379,0.469066379600821
490335.0,2607585.0,1.0,1.0399551336347244,0.9292850742314346,1.0118405566155853,0.6537459580982762,1.0002565808949655,1.186338422444426,1.0000394453204269,1.044665284822479,0.0,0.9838591860296272,1.7444769311303143,1.3529120537456203,0.8493735326902911,1.00033995882866,0.2823101738713379,0.469066379600821
491535.0,2607585.0,1.0,1.0399551336347244,0.9292850742314346,1.0118405566155853,0.7386828595768657,1.0002565808949655,0.8093391753830542,1.0000394453204269,1.044665284822479,0.3333328979722623,0.9838591860296272,0.7500965606764758,1.3529120537456203,0.8493735326902911,1.00033995882866,0.2823101738713379,0.469066379600821
492735.0,2607585.0,1.0,1.0399551336347244,0.8052262877203168,1.0118405566155853,3.1494459396812817,1.0002565808949655,1.186338422444426,1.0000394453204269,1.044665284822479,2.666670149564333,0.9838591860296272,0.7500965606764758,0.0,0.8493735326902911,1.00033995882866,0.2823101738713379,0.469066379600821
493935.0,2607585.0,1.0,1.0399551336347244,0.8052262877203168,1.0118405566155853,3.1494459396812817,1.0002565808949655,0.8093391753830542,1.0000394453204269,1.044665284822479,1.9999973878335735,0.9838591860296272,1.198102807372512,1.3529120537456203,3.643673812226212,1.00033995882866,1.8953159656210397,0.469066379600821
495135.0,2607585.0,1.0,1.0399551336347244,0.8052262877203168,1.0118405566155853,0.6537459580982762,1.0002565808949655,1.186338422444426,1.0000394453204269,1.044665284822479,1.9999973878335735,0.9838591860296272,0.0,0.0,0.8493735326902911,1.00033995882866,0.2823101738713379,0.469066379600821
496335.0,2607585.0,1.0,1.0399551336347244,1.41919570500929,1.0118405566155853,0.1811219408570024,1.0002565808949655,1.186338422444426,1.0000394453204269,1.044665284822479,2.666670149564333,0.9838591860296272,0.0,1.3529120537456203,0.8493735326902911,1.00033995882866,0.2823101738713379,0.469066379600821
497535.0,2607585.0,1.0,1.0399551336347244,0.9292850742314346,1.0118405566155853,0.1811219408570024,1.0002565808949655,0.8093391753830542,1.0000394453204269,1.044665284822479,2.666670149564333,0.9838591860296272,1.198102807372512,1.3529120537456203,0.8493735326902911,1.00033995882866,0.2823101738713379,0.469066379600821
498735.0,2607585.0,1.0,1.0399551336347244,0.9292850742314346,1.0118405566155853,0.7386828595768657,1.0002565808949655,0.8093391753830542,1.0000394453204269,1.044665284822479,1.9999973878335735,0.9838591860296272,1.198102807372512,0.7503490707331599,0.8493735326902911,1.00033995882866,0.2823101738713379,0.469066379600821
499935.0,2607585.0,1.0,1.0399551336347244,0.8052262877203168,1.0118405566155853,3.1494459396812817,1.0002565808949655,0.8093391753830542,1.0000394453204269,1.044665284822479,1.9999973878335735,3.173995232666598,1.2466998513365868,1.3529120537456203,0.0,1.00033995882866,0.2823101738713379,0.469066379600821
501135.0,2607585.0,1.0,1.0399551336347244,0.8052262877203168,1.0118405566155853,0.1811219408570024,1.0002565808949655,0.8093391753830542,1.0000394453204269,1.044665284822479,0.3333328979722623,0.0,1.2466998513365868,1.3529120537456203,0.0,1.00033995882866,0.2823101738713379,0.469066379600821
502335.0,2607585.0,1.0,1.0399551336347244,0.9292850742314346,1.0118405566155853,3.1494459396812817,1.0002565808949655,1.186338422444426,1.0000394453204269,1.044665284822479,0.3333328979722623,0.0,1.198102807372512,0.7503490707331599,0.8493735326902911,1.00033995882866,0.2823101738713379,0.469066379600821
503535.0,2607585.0,1.0,1.0399551336347244,0.9292850742314346,1.0118405566155853,0.1811219408570024,1.0002565808949655,0.8093391753830542,1.0000394453204269,1.044665284822479,0.0,1.0253001657841805,1.198102807372512,0.7503490707331599,0.8493735326902911,1.00033995882866,0.2823101738713379,0.469066379600821
466335.0,2606385.0,2.6666666666666665,1.0399551336347244,1.41919570500929,1.0118405566155853,0.7386828595768657,1.0002565808949655,1.186338422444426,1.0000394453204269,1.044665284822479,0.0,0.9838591860296272,0.7500965606764758,1.3529120537456203,0.8493735326902911,1.00033995882866,0.2823101738713379,0.469066379600821
467535.0,2606385.0,2.6666666666666665,1.0399551336347244,0.9292850742314346,1.0118405566155853,0.1811219408570024,1.0002565808949655,1.186338422444426,1.0000394453204269,0.8359572766454578,0.0,0.9838591860296272,0.7500965606764758,1.3529120537456203,0.8493735326902911,1.00033995882866,0.2823101738713379,0.469066379600821
468735.0,2606385.0,2.6666666666666665,1.0399551336347244,0.9292850742314346,1.0118405566155853,0.6537459580982762,1.0002565808949655,0.8093391753830542,1.0000394453204269,0.8359572766454578,0.0,0.9838591860296272,1.198102807372512,0.7503490707331599,0.8493735326902911,1.00033995882866,0.2823101738713379,0.469066379600821
469935.0,2606385.0,2.6666666666666665,1.0399551336347244,0.9292850742314346,1.0118405566155853,3.1494459396812817,1.0002565808949655,1.186338422444426,1.0000394453204269,0.8359572766454578,0.0,0.9838591860296272,1.198102807372512,0.7503490707331599,0.8493735326902911,1.00033995882866,0.2823101738713379,0.469066379600821
471135.0,2606385.0,2.6666666666666665,1.0399551336347244,0.9292850742314346,1.0118405566155853,0.7386828595768657,1.0002565808949655,1.186338422444426,1.0000394453204269,1.044665284822479,0.0,0.9838591860296272,0.7500965606764758,1.3529120537456203,0.8493735326902911,1.00033995882866,0.2823101738713379,0.469066379600821
472335.0,2606385.0,2.6666666666666665,1.0399551336347244,0.8052262877203168,1.0118405566155853,0.1811219408570024,1.0002565808949655,0.8093391753830542,1.0000394453204269,1.044665284822479,0.0,0.9838591860296272,1.7444769311303143,0.0,0.8493735326902911,1.00033995882866,0.2823101738713379,0.469066379600821
473535.0,2606385.0,2.6666666666666665,1.0399551336347244,0.9292850742314346,1.0118405566155853,0.6537459580982762,1.0002565808949655,0.8093391753830542,1.0000394453204269,1.044665284822479,0.0,3.173995232666598,1.198102807372512,1.3529120537456203,0.8493735326902911,1.00033995882866,1.8953159656210397,0.469066379600821
474735.0,2606385.0,2.6666666666666665,1.0399551336347244,0.8052262877203168,1.0118405566155853,0.6537459580982762,1.0002565808949655,0.8093391753830542,1.0000394453204269,1.044665284822479,0.0,0.0,1.198102807372512,1.3529120537456203,0.8493735326902911,1.00033995882866,0.2823101738713379,0.469066379600821
475935.0,2606385.0,1.0,1.0399551336347244,0.9292850742314346,1.0118405566155853,0.6537459580982762,1.0002565808949655,1.186338422444426,1.0000394453204269,1.044665284822479,0.0,0.0,1.198102807372512,0.7503490707331599,0.8493735326902911,1.00033995882866,0.2823101738713379,0.469066379600821
481935.0,2606385.0,1.0,1.0399551336347244,0.9292850742314346,1.0118405566155853,0.6537459580982762,1.0002565808949655,0.8093391753830542,1.0000394453204269,1.044665284822479,0.0,0.9838591860296272,1.198102807372512,0.7503490707331599,0.8493735326902911,1.00033995882866,0.2823101738713379,0.469066379600821
483135.0,2606385.0,1.0,1.0399551336347244,1.41919570500929,1.0118405566155853,0.6537459580982762,1.0002565808949655,1.186338422444426,1.0000394453204269,1.044665284822479,0.3333328979722623,0.9838591860296272,0.7500965606764758,0.7503490707331599,0.8493735326902911,1.00033995882866,0.2823101738713379,0.469066379600821
484335.0,2606385.0,1.0,1.0399551336347244,1.41919570500929,1.0118405566155853,3.1494459396812817,1.0002565808949655,1.186338422444426,1.0000394453204269,1.044665284822479,0.3333328979722623,0.9838591860296272,0.7500965606764758,0.7503490707331599,0.8493735326902911,1.00033995882866,0.2823101738713379,0.469066379600821
485535.0,2606385.0,1.0,1.0399551336347244,1.41919570500929,1.0118405566155853,0.6537459580982762,1.0002565808949655,0.8093391753830542,1.0000394453204269,1.044665284822479,0.0,0.9838591860296272,1.7444769311303143,1.3529120537456203,0.8493735326902911,1.00033995882866,0.2823101738713379,0.469066379600821
486735.0,2606385.0,1.0,1.0399551336347244,0.9292850742314346,1.0118405566155853,3.1494459396812817,1.0002565808949655,0.8093391753830542,1.0000394453204269,1.044665284822479,0.0,0.9838591860296272,0.0,0.0,0.8493735326902911,1.00033995882866,0.2823101738713379,0.469066379600821
487935.0,2606385.0,1.0,1.0399551336347244,0.8052262877203168,1.0118405566155853,0.1811219408570024,1.0002565808949655,0.8093391753830542,1.0000394453204269,1.044665284822479,0.0,0.9838591860296272,0.0,0.0,0.8493735326902911,1.00033995882866,0.2823101738713379,0.469066379600821
489135.0,2606385.0,1.0,1.0399551336347244,1.41919570500929,1.0118405566155853,0.1811219408570024,1.0002565808949655,0.8093391753830542,1.0000394453204269,1.044665284822479,0.0,0.9838591860296272,0.7500965606764758,0.7503490707331599,0.8493735326902911,1.00033995882866,0.2823101738713379,0.469066379600821
490335.0,2606385.0,1.0,1.0399551336347244,0.8052262877203168,1.0118405566155853,0.1811219408570024,1.0002565808949655,1.186338422444426,1.0000394453204269,1.044665284822479,0.0,0.9838591860296272,1.198102807372512,1.3529120537456203,0.8493735326902911,1.00033995882866,0.2823101738713379,0.469066379600821
491535.0,2606385.0,1.0,1.0399551336347244,1.41919570500929,1.0118405566155853,0.1811219408570024,1.0002565808949655,1.186338422444426,1.0000394453204269,1.044665284822479,0.0,0.9838591860296272,0.7500965606764758,0.7503490707331599,0.8493735326902911,1.00033995882866,0.2823101738713379,0.469066379600821
492735.0,2606385.0,1.0,1.0399551336347244,0.9292850742314346,1.0118405566155853,0.6537459580982762,1.0002565808949655,0.8093391753830542,1.0000394453204269,1.044665284822479,2.666670149564333,0.9838591860296272,1.198102807372512,0.7503490707331599,0.8493735326902911,1.00033995882866,0.2823101738713379,0.469066379600821
493935.0,2606385.0,1.0,1.0399551336347244,0.8052262877203168,1.0118405566155853,0.6537459580982762,1.0002565808949655,0.8093391753830542,1.0000394453204269,1.044665284822479,2.666670149564333,0.9838591860296272,0.0,0.0,0.8493735326902911,1.00033995882866,0.2823101738713379,0.469066379600821
495135.0,2606385.0,1.0,1.0399551336347244,0.9292850742314346,0.0,0.0,1.0002565808949655,1.186338422444426,1.0000394453204269,1.044665284822479,0.0,0.9838591860296272,1.198102807372512,0.7503490707331599,0.8493735326902911,1.00033995882866,0.2823101738713379,0.469066379600821
496335.0,2606385.0,1.0,1.0399551336347244,0.9292850742314346,1.0118405566155853,0.6537459580982762,1.0002565808949655,0.8093391753830542,1.0000394453204269,1.044665284822479,1.9999973878335735,0.9838591860296272,1.198102807372512,1.3529120537456203,0.8493735326902911,1.00033995882866,0.2823101738713379,0.469066379600821
497535.0,2606385.0,1.0,1.0399551336347244,0.9292850742314346,1.0118405566155853,0.6537459580982762,1.0002565808949655,0.8093391753830542,1.0000394453204269,1.044665284822479,0.3333328979722623,0.9838591860296272,1.198102807372512,0.7503490707331599,3.643673812226212,1.00033995882866,0.2823101738713379,0.469066379600821
498735.0,2606385.0,1.0,1.0399551336347244,0.9292850742314346,1.0118405566155853,0.6537459580982762,1.0002565808949655,1.186338422444426,1.0000394453204269,1.044665284822479,0.3333328979722623,0.9838591860296272,0.7500965606764758,1.3529120537456203,0.8493735326902911,1.00033995882866,0.2823101738713379,0.469066379600821
499935.0,2606385.0,1.0,1.0399551336347244,0.9292850742314346,1.0118405566155853,0.0,1.0002565808949655,0.8093391753830542,1.0000394453204269,1.044665284822479,2.666670149564333,3.173995232666598,0.7500965606764758,0.7503490707331599,0.8493735326902911,1.00033995882866,0.2823101738713379,0.469066379600821
501135.0,2606385.0,1.0,1.0399551336347244,0.9292850742314346,1.0118405566155853,0.6537459580982762,1.0002565808949655,1.186338422444426,1.0000394453204269,1.044665284822479,2.666670149564333,0.0,0.7500965606764758,1.3529120537456203,0.8493735326902911,1.00033995882866,0.2823101738713379,0.469066379600821
502335.0,2606385.0,1.0,1.0399551336347244,0.8052262877203168,1.0118405566155853,0.6537459580982762,1.0002565808949655,1.186338422444426,1.0000394453204269,1.044665284822479,0.3333328979722623,0.0,0.7500965606764758,1.3529120537456203,0.8493735326902911,1.00033995882866,0.2823101738713379,0.469066379600821
503535.0,2606385.0,1.0,1.0399551336347244,1.41919570500929,1.0118405566155853,0.1811219408570024,1.0002565808949655,1.186338422444426,1.0000394453204269,1.044665284822479,0.0,1.0253001657841805,1.7444769311303143,1.3529120537456203,0.8493735326902911,1.00033995882866,0.2823101738713379,0.469066379600821
465135.0,2605185.0,2.6666666666666665,1.0399551336347244,0.9292850742314346,1.0118405566155853,0.6537459580982762,1.0002565808949655,0.8093391753830542,1.0000394453204269,1.044665284822479,0.0,0.9838591860296272,0.7500965606764758,1.3529120537456203,0.8493735326902911,1.00033995882866,0.2823101738713379,0.469066379600821
466335.0,2605185.0,2.6666666666666665,1.0399551336347244,0.8052262877203168,1.0118405566155853,0.1811219408570024,1.0002565808949655,1.186338422444426,1.0000394453204269,0.8359572766454578,0.0,0.9838591860296272,1.198102807372512,1.3529120537456203,0.0,1.00033995882866,0.2823101738713379,0.469066379600821
467535.0,2605185.0,2.6666666666666665,1.0399551336347244,0.8052262877203168,1.0118405566155853,0.1811219408570024,1.0002565808949655,0.8093391753830542,1.0000394453204269,0.8359572766454578,0.0,0.9838591860296272,1.198102807372512,1.3529120537456203,3.643673812226212,1.00033995882866,0.2823101738713379,0.469066379600821
468735.0,2605185.0,2.6666666666666665,1.0399551336347244,1.41919570500929,1.0118405566155853,0.1811219408570024,1.0002565808949655,1.186338422444426,1.0000394453204269,0.8359572766454578,0.0,0.9838591860296272,0.7500965606764758,0.7503490707331599,0.8493735326902911,1.00033995882866,0.2823101738713379,0.469066379600821
469935.0,2605185.0,2.6666666666666665,1.0399551336347244,0.8052262877203168,1.0118405566155853,3.1494459396812817,1.0002565808949655,1.186338422444426,1.0000394453204269,1.044665284822479,0.0,0.9838591860296272,0.7500965606764758,1.3529120537456203,0.8493735326902911,1.00033995882866,40.7927349061228,0.469066379600821
471135.0,2605185.0,2.6666666666666665,1.0399551336347244,0.9292850742314346,1.0118405566155853,0.1811219408570024,1.0002565808949655,1.186338422444426,1.0000394453204269,1.044665284822479,0.0,0.9838591860296272,1.7444769311303143,1.3529120537456203,0.8493735326902911,1.00033995882866,0.2823101738713379,0.469066379600821
472335.0,2605185.0,2.6666666666666665,1.0399551336347244,0.9292850742314346,1.0118405566155853,0.1811219408570024,1.0002565808949655,1.186338422444426,1.0000394453204269,1.044665284822479,0.0,0.9838591860296272,1.198102807372512,0.7503490707331599,0.8493735326902911,1.00033995882866,0.2823101738713379,0.469066379600821
473535.0,2605185.0,2.6666666666666665,1.0399551336347244,0.8052262877203168,1.0118405566155853,3.1494459396812817,1.0002565808949655,1.186338422444426,1.0000394453204269,1.044665284822479,0.0,3.173995232666598,1.198102807372512,1.3529120537456203,0.8493735326902911,1.00033995882866,0.2823101738713379,0.469066379600821
474735.0,2605185.0,2.6666666666666665,1.0399551336347244,0.8052262877203168,1.0118405566155853,0.1811219408570024,1.0002565808949655,0.8093391753830542,1.0000394453204269,1.044665284822479,0.0,0.0,0.7500965606764758,1.3529120537456203,0.8493735326902911,1.00033995882866,0.2823101738713379,0.469066379600821
475935.0,2605185.0,2.6666666666666665,1.0399551336347244,0.9292850742314346,1.0118405566155853,0.1811219408570024,1.0002565808949655,1.186338422444426,1.0000394453204269,1.044665284822479,0.0,0.0,0.7500965606764758,1.3529120537456203,0.8493735326902911,1.00033995882866,0.2823101738713379,0.469066379600821
477135.0,2605185.0,1.0,1.0399551336347244,0.8052262877203168,1.0118405566155853,0.1811219408570024,1.0002565808949655,0.8093391753830542,1.0000394453204269,1.044665284822479,0.0,1.0253001657841805,0.7500965606764758,0.0,0.8493735326902911,1.00033995882866,0.2823101738713379,0.469066379600821
481935.0,2605185.0,1.0,1.0399551336347244,0.9292850742314346,1.0118405566155853,0.6537459580982762,1.0002565808949655,0.8093391753830542,1.0000394453204269,1.044665284822479,0.0,0.9838591860296272,1.198102807372512,0.7503490707331599,0.8493735326902911,1.00033995882866,0.2823101738713379,0.469066379600821
483135.0,2605185.0,1.0,1.0399551336347244,0.9292850742314346,1.0118405566155853,0.6537459580982762,1.0002565808949655,1.186338422444426,1.0000394453204269,1.044665284822479,0.3333328979722623,0.9838591860296272,1.7444769311303143,1.3529120537456203,0.8493735326902911,1.00033995882866,1.8953159656210397,0.469066379600821
484335.0,2605185.0,1.0,1.0399551336347244,1.41919570500929,1.0118405566155853,0.1811219408570024,1.0002565808949655,1.186338422444426,1.0000394453204269,1.044665284822479,0.0,0.9838591860296272,0.7500965606764758,1.3529120537456203,0.8493735326902911,1.00033995882866,0.2823101738713379,0.469066379600821
485535.0,2605185.0,1.0,1.0399551336347244,1.41919570500929,1.0118405566155853,0.6537459580982762,1.0002565808949655,0.8093391753830542,1.0000394453204269,1.044665284822479,0.0,0.9838591860296272,0.7500965606764758,0.7503490707331599,0.8493735326902911,1.00033995882866,0.2823101738713379,0.469066379600821
486735.0,2605185.0,1.0,1.0399551336347244,0.9292850742314346,1.0118405566155853,0.1811219408570024,1.0002565808949655,1.186338422444426,1.0000394453204269,1.044665284822479,0.0,0.9838591860296272,1.198102807372512,0.7503490707331599,0.8493735326902911,1.00033995882866,0.2823101738713379,0.469066379600821
487935.0,2605185.0,1.0,1.0399551336347244,0.8052262877203168,1.0118405566155853,0.1811219408570024,1.0002565808949655,0.8093391753830542,1.0000394453204269,1.044665284822479,0.0,0.9838591860296272,0.0,0.0,0.8493735326902911,1.00033995882866,0.2823101738713379,0.469066379600821
489135.0,2605185.0,1.0,1.0399551336347244,0.9292850742314346,1.0118405566155853,0.6537459580982762,1.0002565808949655,1.186338422444426,1.0000394453204269,1.044665284822479,0.0,0.9838591860296272,0.7500965606764758,1.3529120537456203,0.8493735326902911,1.00033995882866,0.2823101738713379,0.469066379600821
490335.0,2605185.0,1.0,1.0399551336347244,0.9292850742314346,1.0118405566155853,3.1494459396812817,1.0002565808949655,0.8093391753830542,1.0000394453204269,1.044665284822479,0.0,0.9838591860296272,1.198102807372512,0.7503490707331599,0.8493735326902911,1.00033995882866,0.2823101738713379,0.469066379600821
491535.0,2605185.0,1.0,1.0399551336347244,1.41919570500929,1.0118405566155853,0.1811219408570024,1.0002565808949655,1.186338422444426,1.0000394453204269,1.044665284822479,0.3333328979722623,0.9838591860296272,1.7444769311303143,1.3529120537456203,0.8493735326902911,1.00033995882866,0.2823101738713379,0.469066379600821
492735.0,2605185.0,1.0,1.0399551336347244,1.41919570500929,1.0118405566155853,0.1811219408570024,1.0002565808949655,1.186338422444426,1.0000394453204269,1.044665284822479,0.3333328979722623,0.9838591860296272,0.7500965606764758,0.7503490707331599,0.8493735326902911,1.00033995882866,0.2823101738713379,0.469066379600821
493935.0,2605185.0,1.0,1.0399551336347244,0.0,0.0,3.1494459396812817,1.0002565808949655,1.186338422444426,1.0000394453204269,1.044665284822479,2.666670149564333,0.9838591860296272,0.0,1.3529120537456203,0.8493735326902911,1.00033995882866,0.2823101738713379,0.469066379600821
495135.0,2605185.0,1.0,1.0399551336347244,0.9292850742314346,0.0,3.1494459396812817,1.0002565808949655,1.186338422444426,1.0000394453204269,1.044665284822479,1.9999973878335735,0.9838591860296272,1.198102807372512,0.7503490707331599,0.8493735326902911,1.00033995882866,0.2823101738713379,0.469066379600821
496335.0,2605185.0,1.0,1.0399551336347244,0.9292850742314346,1.0118405566155853,0.1811219408570024,1.0002565808949655,0.8093391753830542,1.0000394453204269,1.044665284822479,1.9999973878335735,0.9838591860296272,0.7500965606764758,1.3529120537456203,0.8493735326902911,1.00033995882866,0.2823101738713379,0.469066379600821
497535.0,2605185.0,1.0,1.0399551336347244,0.9292850742314346,1.0118405566155853,0.1811219408570024,1.0002565808949655,0.8093391753830542,1.0000394453204269,1.044665284822479,0.3333328979722623,0.9838591860296272,1.198102807372512,0.7503490707331599,3.643673812226212,1.00033995882866,0.2823101738713379,0.469066379600821
498735.0,2605185.0,1.0,1.0399551336347244,0.9292850742314346,1.0118405566155853,0.1811219408570024,1.0002565808949655,1.186338422444426,1.0000394453204269,1.044665284822479,0.3333328979722623,0.9838591860296272,0.7500965606764758,0.7503490707331599,0.8493735326902911,1.00033995882866,0.2823101738713379,0.469066379600821
499935.0,2605185.0,1.0,1.0399551336347244,0.0,1.0118405566155853,0.1811219408570024,1.0002565808949655,1.186338422444426,1.0000394453204269,1.044665284822479,0.0,3.173995232666598,0.7500965606764758,0.7503490707331599,0.8493735326902911,1.00033995882866,0.2823101738713379,0.469066379600821
501135.0,2605185.0,1.0,1.0399551336347244,1.41919570500929,1.0118405566155853,0.1811219408570024,1.0002565808949655,0.8093391753830542,1.0000394453204269,1.044665284822479,0.0,0.0,0.0,1.3529120537456203,0.8493735326902911,1.00033995882866,0.2823101738713379,0.469066379600821
502335.0,2605185.0,1.0,1.0399551336347244,0.9292850742314346,1.0118405566155853,0.6537459580982762,1.0002565808949655,1.186338422444426,1.0000394453204269,1.044665284822479,0.0,0.0,0.7500965606764758,1.3529120537456203,0.8493735326902911,1.00033995882866,0.2823101738713379,0.469066379600821
503535.0,2605185.0,1.0,1.0399551336347244,1.41919570500929,1.0118405566155853,0.6537459580982762,1.0002565808949655,1.186338422444426,1.0000394453204269,1.044665284822479,0.0,1.0253001657841805,0.7500965606764758,0.7503490707331599,0.8493735326902911,1.00033995882866,0.2823101738713379,0.469066379600821
465135.0,2603985.0,2.6666666666666665,1.0399551336347244,1.41919570500929,1.0118405566155853,3.1494459396812817,1.0002565808949655,0.8093391753830542,1.0000394453204269,0.8359572766454578,0.0,0.9838591860296272,0.7500965606764758,0.7503490707331599,0.8493735326902911,1.00033995882866,0.2823101738713379,0.469066379600821
466335.0,2603985.0,2.6666666666666665,1.0399551336347244,0.9292850742314346,1.0118405566155853,0.6537459580982762,1.0002565808949655,0.8093391753830542,1.0000394453204269,0.8359572766454578,0.0,0.9838591860296272,1.198102807372512,0.7503490707331599,0.8493735326902911,1.00033995882866,0.2823101738713379,0.469066379600821
467535.0,2603985.0,2.6666666666666665,1.0399551336347244,0.9292850742314346,1.0118405566155853,0.7386828595768657,1.0002565808949655,0.8093391753830542,1.0000394453204269,0.8359572766454578,0.0,0.9838591860296272,1.198102807372512,0.7503490707331599,0.8493735326902911,1.00033995882866,0.2823101738713379,0.469066379600821
468735.0,2603985.0,2.6666666666666665,1.0399551336347244,1.41919570500929,1.0118405566155853,0.1811219408570024,1.0002565808949655,0.8093391753830542,1.0000394453204269,0.8359572766454578,0.0,0.9838591860296272,0.7500965606764758,0.7503490707331599,0.8493735326902911,1.00033995882866,0.2823101738713379,0.469066379600821
469935.0,2603985.0,2.6666666666666665,1.0399551336347244,0.9292850742314346,1.0118405566155853,3.1494459396812817,1.0002565808949655,0.8093391753830542,1.0000394453204269,1.044665284822479,0.3333328979722623,0.9838591860296272,1.198102807372512,1.3529120537456203,0.8493735326902911,1.00033995882866,40.7927349061228,0.469066379600821
471135.0,2603985.0,2.6666666666666665,1.0399551336347244,0.9292850742314346,1.0118405566155853,3.1494459396812817,1.0002565808949655,0.8093391753830542,1.0000394453204269,1.044665284822479,0.0,0.9838591860296272,0.7500965606764758,1.3529120537456203,0.8493735326902911,1.00033995882866,0.2823101738713379,0.469066379600821
472335.0,2603985.0,2.6666666666666665,1.0399551336347244,0.9292850742314346,1.0118405566155853,0.1811219408570024,1.0002565808949655,1.186338422444426,1.0000394453204269,1.044665284822479,0.0,0.9838591860296272,0.7500965606764758,0.7503490707331599,0.8493735326902911,1.00033995882866,0.2823101738713379,0.469066379600821
473535.0,2603985.0,2.6666666666666665,1.0399551336347244,0.9292850742314346,1.0118405566155853,0.1811219408570024,1.0002565808949655,1.186338422444426,1.0000394453204269,1.044665284822479,0.0,3.173995232666598,1.7444769311303143,1.3529120537456203,0.8493735326902911,1.00033995882866,0.2823101738713379,0.469066379600821
474735.0,2603985.0,2.6666666666666665,1.0399551336347244,0.8052262877203168,1.0118405566155853,0.6537459580982762,1.0002565808949655,1.186338422444426,1.0000394453204269,1.044665284822479,0.0,0.0,1.198102807372512,1.3529120537456203,0.8493735326902911,1.00033995882866,0.2823101738713379,0.469066379600821
475935.0,2603985.0,2.6666666666666665,1.0399551336347244,0.8052262877203168,1.0118405566155853,0.6537459580982762,1.0002565808949655,1.186338422444426,1.0000394453204269,1.044665284822479,0.0,0.0,1.198102807372512,0.0,0.8493735326902911,1.00033995882866,0.2823101738713379,0.469066379600821
477135.0,2603985.0,2.6666666666666665,1.0399551336347244,0.9292850742314346,1.0118405566155853,0.6537459580982762,1.0002565808949655,1.186338422444426,1.0000394453204269,1.044665284822479,0.0,1.0253001657841805,1.198102807372512,1.3529120537456203,0.8493735326902911,1.00033995882866,0.2823101738713379,0.469066379600821
481935.0,2603985.0,1.0,1.0399551336347244,0.9292850742314346,1.0118405566155853,0.6537459580982762,1.0002565808949655,0.8093391753830542,1.0000394453204269,1.044665284822479,0.0,0.9838591860296272,1.198102807372512,0.7503490707331599,0.8493735326902911,1.00033995882866,0.2823101738713379,0.469066379600821
483135.0,2603985.0,1.0,1.0399551336347244,0.9292850742314346,1.0118405566155853,0.6537459580982762,1.0002565808949655,0.8093391753830542,1.0000394453204269,1.044665284822479,0.0,0.9838591860296272,1.198102807372512,0.7503490707331599,0.8493735326902911,1.00033995882866,0.2823101738713379,0.469066379600821
484335.0,2603985.0,1.0,1.0399551336347244,0.9292850742314346,1.0118405566155853,0.7386828595768657,1.0002565808949655,1.186338422444426,1.0000394453204269,1.044665284822479,0.3333328979722623,0.9838591860296272,1.198102807372512,0.7503490707331599,0.8493735326902911,1.00033995882866,0.2823101738713379,0.469066379600821
485535.0,2603985.0,1.0,1.0399551336347244,0.8052262877203168,1.0118405566155853,0.1811219408570024,1.0002565808949655,0.8093391753830542,1.0000394453204269,1.044665284822479,0.0,0.9838591860296272,1.198102807372512,1.3529120537456203,3.643673812226212,1.00033995882866,0.2823101738713379,0.469066379600821
486735.0,2603985.0,1.0,1.0399551336347244,0.9292850742314346,1.0118405566155853,0.6537459580982762,1.0002565808949655,1.186338422444426,1.0000394453204269,1.044665284822479,0.0,0.9838591860296272,1.198102807372512,0.7503490707331599,0.8493735326902911,1.00033995882866,0.2823101738713379,0.469066379600821
487935.0,2603985.0,1.0,1.0399551336347244,0.8052262877203168,1.0118405566155853,0.1811219408570024,1.0002565808949655,1.186338422444426,1.0000394453204269,1.044665284822479,0.0,0.9838591860296272,1.198102807372512,1.3529120537456203,0.0,1.00033995882866,0.2823101738713379,0.469066379600821
489135.0,2603985.0,1.0,1.0399551336347244,0.8052262877203168,1.0118405566155853,0.6537459580982762,1.0002565808949655,1.186338422444426,1.0000394453204269,1.044665284822479,0.0,0.9838591860296272,1.198102807372512,1.3529120537456203,0.0,1.00033995882866,0.2823101738713379,0.469066379600821
490335.0,2603985.0,1.0,1.0399551336347244,0.8052262877203168,1.0118405566155853,0.6537459580982762,1.0002565808949655,0.8093391753830542,1.0000394453204269,1.044665284822479,0.0,0.9838591860296272,0.7500965606764758,1.3529120537456203,0.8493735326902911,1.00033995882866,0.2823101738713379,0.469066379600821
491535.0,2603985.0,1.0,1.0399551336347244,0.0,1.0118405566155853,3.1494459396812817,1.0002565808949655,1.186338422444426,1.0000394453204269,1.044665284822479,0.3333328979722623,0.9838591860296272,0.7500965606764758,0.7503490707331599,0.8493735326902911,1.00033995882866,0.2823101738713379,0.469066379600821
492735.0,2603985.0,1.0,1.0399551336347244,0.9292850742314346,1.0118405566155853,0.7386828595768657,1.0002565808949655,1.186338422444426,1.0000394453204269,1.044665284822479,0.3333328979722623,0.9838591860296272,1.198102807372512,1.3529120537456203,0.8493735326902911,1.00033995882866,0.2823101738713379,0.469066379600821
493935.0,2603985.0,1.0,1.0399551336347244,0.9292850742314346,0.0,0.6537459580982762,1.0002565808949655,0.8093391753830542,1.0000394453204269,1.044665284822479,2.666670149564333,0.9838591860296272,1.198102807372512,0.7503490707331599,0.8493735326902911,1.00033995882866,0.2823101738713379,0.469066379600821
495135.0,2603985.0,1.0,1.0399551336347244,0.9292850742314346,0.0,3.1494459396812817,1.0002565808949655,1.186338422444426,1.0000394453204269,1.044665284822479,1.9999973878335735,0.9838591860296272,0.7500965606764758,1.3529120537456203,0.8493735326902911,1.00033995882866,0.2823101738713379,0.469066379600821
496335.0,2603985.0,1.0,1.0399551336347244,0.9292850742314346,1.0118405566155853,0.1811219408570024,1.0002565808949655,1.186338422444426,1.0000394453204269,1.044665284822479,2.666670149564333,0.9838591860296272,0.7500965606764758,1.3529120537456203,0.8493735326902911,1.00033995882866,0.2823101738713379,0.469066379600821
497535.0,2603985.0,1.0,1.0399551336347244,0.8052262877203168,1.0118405566155853,0.1811219408570024,1.0002565808949655,0.8093391753830542,1.0000394453204269,1.044665284822479,0.3333328979722623,0.9838591860296272,1.2466998513365868,1.3529120537456203,0.0,1.00033995882866,0.2823101738713379,0.469066379600821
498735.0,2603985.0,1.0,1.0399551336347244,0.8052262877203168,1.0118405566155853,0.1811219408570024,1.0002565808949655,0.8093391753830542,1.0000394453204269,1.044665284822479,0.3333328979722623,0.9838591860296272,1.2466998513365868,1.3529120537456203,0.0,1.00033995882866,0.2823101738713379,0.469066379600821
499935.0,2603985.0,1.0,1.0399551336347244,1.41919570500929,1.0118405566155853,0.1811219408570024,1.0002565808949655,1.186338422444426,1.0000394453204269,1.044665284822479,0.0,3.173995232666598,1.7444769311303143,1.3529120537456203,0.8493735326902911,1.00033995882866,0.2823101738713379,0.469066379600821
501135.0,2603985.0,1.0,1.0399551336347244,0.8052262877203168,1.0118405566155853,0.6537459580982762,1.0002565808949655,1.186338422444426,1.0000394453204269,1.044665284822479,0.0,0.0,1.198102807372512,1.3529120537456203,3.643673812226212,1.00033995882866,0.2823101738713379,0.469066379600821
502335.0,2603985.0,1.0,1.0399551336347244,0.8052262877203168,1.0118405566155853,0.6537459580982762,1.0002565808949655,1.186338422444426,1.0000394453204269,1.044665284822479,0.0,0.0,1.198102807372512,1.3529120537456203,0.8493735326902911,1.00033995882866,0.2823101738713379,0.469066379600821
503535.0,2603985.0,1.0,1.0399551336347244,0.8052262877203168,1.0118405566155853,0.1811219408570024,1.0002565808949655,1.186338422444426,1.0000394453204269,1.044665284822479,0.0,1.0253001657841805,0.7500965606764758,1.3529120537456203,0.8493735326902911,1.00033995882866,0.2823101738713379,0.469066379600821
463935.0,2602785.0,0.3333324626123284,1.0399551336347244,0.9292850742314346,1.0118405566155853,0.7386828595768657,1.0002565808949655,1.186338422444426,1.0000394453204269,1.044665284822479,0.0,0.9838591860296272,1.198102807372512,1.3529120537456203,0.8493735326902911,1.00033995882866,0.2823101738713379,0.469066379600821
465135.0,2602785.0,0.3333324626123284,1.0399551336347244,0.9292850742314346,1.0118405566155853,0.1811219408570024,1.0002565808949655,0.8093391753830542,1.0000394453204269,0.8359572766454578,0.0,0.9838591860296272,0.0,1.3529120537456203,0.8493735326902911,1.00033995882866,0.2823101738713379,0.469066379600821
466335.0,2602785.0,2.6666666666666665,1.0399551336347244,0.9292850742314346,1.0118405566155853,0.1811219408570024,1.0002565808949655,1.186338422444426,1.0000394453204269,0.8359572766454578,0.0,0.9838591860296272,0.7500965606764758,1.3529120537456203,0.8493735326902911,1.00033995882866,0.2823101738713379,0.469066379600821
467535.0,2602785.0,2.6666666666666665,1.0399551336347244,0.9292850742314346,1.0118405566155853,0.1811219408570024,1.0002565808949655,0.8093391753830542,1.0000394453204269,0.8359572766454578,0.0,0.9838591860296272,1.198102807372512,1.3529120537456203,0.8493735326902911,1.00033995882866,0.2823101738713379,0.469066379600821
468735.0,2602785.0,2.6666666666666665,1.0399551336347244,1.41919570500929,1.0118405566155853,3.1494459396812817,1.0002565808949655,1.186338422444426,1.0000394453204269,0.8359572766454578,0.0,0.9838591860296272,0.7500965606764758,1.3529120537456203,0.8493735326902911,1.00033995882866,0.2823101738713379,0.469066379600821
469935.0,2602785.0,2.6666666666666665,1.0399551336347244,1.41919570500929,1.0118405566155853,0.6537459580982762,1.0002565808949655,1.186338422444426,1.0000394453204269,1.044665284822479,0.0,0.9838591860296272,0.7500965606764758,1.3529120537456203,0.8493735326902911,1.00033995882866,0.2823101738713379,0.469066379600821
471135.0,2602785.0,2.6666666666666665,1.0399551336347244,0.9292850742314346,1.0118405566155853,0.6537459580982762,1.0002565808949655,1.186338422444426,1.0000394453204269,1.044665284822479,0.3333328979722623,0.9838591860296272,0.7500965606764758,1.3529120537456203,0.8493735326902911,1.00033995882866,0.2823101738713379,0.469066379600821
472335.0,2602785.0,2.6666666666666665,1.0399551336347244,0.9292850742314346,1.0118405566155853,3.1494459396812817,1.0002565808949655,1.186338422444426,1.0000394453204269,1.044665284822479,0.3333328979722623,0.9838591860296272,0.7500965606764758,1.3529120537456203,0.8493735326902911,1.00033995882866,0.2823101738713379,0.469066379600821
473535.0,2602785.0,2.6666666666666665,1.0399551336347244,0.9292850742314346,1.0118405566155853,3.1494459396812817,1.0002565808949655,0.8093391753830542,1.0000394453204269,1.044665284822479,0.3333328979722623,3.173995232666598,0.7500965606764758,1.3529120537456203,0.8493735326902911,1.00033995882866,0.2823101738713379,0.469066379600821
474735.0,2602785.0,2.6666666666666665,1.0399551336347244,0.8052262877203168,1.0118405566155853,0.1811219408570024,1.0002565808949655,1.186338422444426,1.0000394453204269,1.044665284822479,0.0,0.0,0.7500965606764758,1.3529120537456203,0.8493735326902911,1.00033995882866,0.2823101738713379,0.469066379600821
475935.0,2602785.0,2.6666666666666665,1.0399551336347244,0.8052262877203168,1.0118405566155853,0.6537459580982762,1.0002565808949655,0.8093391753830542,1.0000394453204269,1.044665284822479,0.0,0.0,1.198102807372512,1.3529120537456203,0.8493735326902911,1.00033995882866,0.2823101738713379,0.469066379600821
477135.0,2602785.0,2.6666666666666665,1.0399551336347244,0.9292850742314346,1.0118405566155853,0.7386828595768657,1.0002565808949655,1.186338422444426,1.0000394453204269,1.044665284822479,0.0,1.0253001657841805,1.7444769311303143,0.0,0.8493735326902911,1.00033995882866,0.2823101738713379,0.469066379600821
478335.0,2602785.0,2.6666666666666665,1.0399551336347244,1.41919570500929,1.0118405566155853,0.0,1.0002565808949655,1.186338422444426,1.0000394453204269,1.044665284822479,0.0,0.0,0.7500965606764758,0.7503490707331599,0.8493735326902911,1.00033995882866,0.2823101738713379,0.469066379600821
484335.0,2602785.0,1.0,1.0399551336347244,0.8052262877203168,1.0118405566155853,0.0,1.0002565808949655,0.8093391753830542,1.0000394453204269,1.044665284822479,0.3333328979722623,0.9838591860296272,1.198102807372512,1.3529120537456203,3.643673812226212,1.00033995882866,40.7927349061228,75.02812402006899
485535.0,2602785.0,1.0,1.0399551336347244,0.9292850742314346,1.0118405566155853,0.1811219408570024,1.0002565808949655,0.8093391753830542,1.0000394453204269,1.044665284822479,0.0,0.9838591860296272,1.198102807372512,0.7503490707331599,0.8493735326902911,1.00033995882866,0.2823101738713379,0.469066379600821
486735.0,2602785.0,1.0,1.0399551336347244,0.9292850742314346,1.0118405566155853,0.6537459580982762,1.0002565808949655,0.8093391753830542,1.0000394453204269,1.044665284822479,0.0,0.9838591860296272,1.7444769311303143,1.3529120537456203,0.8493735326902911,1.00033995882866,0.2823101738713379,0.469066379600821
487935.0,2602785.0,1.0,1.0399551336347244,0.9292850742314346,1.0118405566155853,0.1811219408570024,1.0002565808949655,1.186338422444426,1.0000394453204269,1.044665284822479,0.0,0.9838591860296272,0.7500965606764758,0.7503490707331599,0.8493735326902911,1.00033995882866,0.2823101738713379,0.469066379600821
489135.0,2602785.0,1.0,1.0399551336347244,0.8052262877203168,1.0118405566155853,0.1811219408570024,1.0002565808949655,1.186338422444426,1.0000394453204269,1.044665284822479,0.0,0.9838591860296272,0.0,0.0,0.8493735326902911,1.00033995882866,0.2823101738713379,0.469066379600821
490335.0,2602785.0,1.0,1.0399551336347244,0.9292850742314346,1.0118405566155853,3.1494459396812817,1.0002565808949655,1.186338422444426,1.0000394453204269,1.044665284822479,0.3333328979722623,0.9838591860296272,1.198102807372512,0.7503490707331599,0.8493735326902911,1.00033995882866,0.2823101738713379,0.469066379600821
491535.0,2602785.0,1.0,1.0399551336347244,0.8052262877203168,1.0118405566155853,0.7386828595768657,1.0002565808949655,1.186338422444426,1.0000394453204269,1.044665284822479,0.0,0.9838591860296272,1.198102807372512,1.3529120537456203,3.643673812226212,1.00033995882866,0.2823101738713379,0.469066379600821
492735.0,2602785.0,1.0,1.0399551336347244,0.8052262877203168,1.0118405566155853,0.1811219408570024,1.0002565808949655,0.8093391753830542,1.0000394453204269,1.044665284822479,0.0,0.9838591860296272,0.0,0.0,0.8493735326902911,1.00033995882866,0.2823101738713379,0.469066379600821
493935.0,2602785.0,1.0,1.0399551336347244,0.8052262877203168,1.0118405566155853,0.1811219408570024,1.0002565808949655,0.8093391753830542,1.0000394453204269,1.044665284822479,0.3333328979722623,0.9838591860296272,0.0,0.0,0.8493735326902911,1.00033995882866,0.2823101738713379,0.469066379600821
495135.0,2602785.0,1.0,1.0399551336347244,0.9292850742314346,1.0118405566155853,0.6537459580982762,1.0002565808949655,1.186338422444426,1.0000394453204269,1.044665284822479,2.666670149564333,0.9838591860296272,1.198102807372512,1.3529120537456203,0.8493735326902911,1.00033995882866,0.2823101738713379,0.469066379600821
496335.0,2602785.0,1.0,1.0399551336347244,0.9292850742314346,1.0118405566155853,3.1494459396812817,1.0002565808949655,1.186338422444426,1.0000394453204269,1.044665284822479,1.9999973878335735,0.9838591860296272,1.198102807372512,0.7503490707331599,0.8493735326902911,1.00033995882866,0.2823101738713379,0.469066379600821
497535.0,2602785.0,1.0,1.0399551336347244,0.0,1.0118405566155853,0.6537459580982762,1.0002565808949655,1.186338422444426,1.0000394453204269,1.044665284822479,0.3333328979722623,0.9838591860296272,1.7444769311303143,0.7503490707331599,0.8493735326902911,1.00033995882866,0.2823101738713379,0.469066379600821
498735.0,2602785.0,1.0,1.0399551336347244,0.8052262877203168,1.0118405566155853,0.1811219408570024,1.0002565808949655,1.186338422444426,1.0000394453204269,1.044665284822479,0.0,0.9838591860296272,1.198102807372512,1.3529120537456203,0.8493735326902911,1.00033995882866,0.2823101738713379,0.469066379600821
499935.0,2602785.0,1.0,1.0399551336347244,0.9292850742314346,1.0118405566155853,0.6537459580982762,1.0002565808949655,0.8093391753830542,1.0000394453204269,1.044665284822479,0.0,3.173995232666598,1.198102807372512,0.7503490707331599,0.8493735326902911,1.00033995882866,0.2823101738713379,0.469066379600821
501135.0,2602785.0,1.0,1.0399551336347244,0.8052262877203168,1.0118405566155853,0.0,1.0002565808949655,0.8093391753830542,1.0000394453204269,1.044665284822479,0.0,0.0,1.198102807372512,1.3529120537456203,3.643673812226212,1.00033995882866,0.2823101738713379,0.469066379600821
502335.0,2602785.0,1.0,1.0399551336347244,0.9292850742314346,1.0118405566155853,0.6537459580982762,1.0002565808949655,1.186338422444426,1.0000394453204269,1.044665284822479,0.0,0.0,0.7500965606764758,0.7503490707331599,0.8493735326902911,1.00033995882866,0.2823101738713379,0.469066379600821
503535.0,2602785.0,1.0,1.0399551336347244,0.9292850742314346,1.0118405566155853,3.1494459396812817,1.0002565808949655,0.8093391753830542,1.0000394453204269,1.044665284822479,0.0,1.0253001657841805,1.198102807372512,0.7503490707331599,0.8493735326902911,1.00033995882866,0.2823101738713379,0.469066379600821
463935.0,2601585.0,0.3333324626123284,1.0399551336347244,0.9292850742314346,1.0118405566155853,3.1494459396812817,1.0002565808949655,0.8093391753830542,1.0000394453204269,1.044665284822479,0.0,0.9838591860296272,1.198102807372512,0.7503490707331599,0.8493735326902911,1.00033995882866,0.2823101738713379,0.469066379600821
465135.0,2601585.0,0.3333324626123284,1.0399551336347244,1.41919570500929,1.0118405566155853,0.1811219408570024,1.0002565808949655,0.8093391753830542,1.0000394453204269,0.8359572766454578,0.0,0.9838591860296272,0.0,1.3529120537456203,0.8493735326902911,1.00033995882866,0.2823101738713379,0.469066379600821
466335.0,2601585.0,2.6666666666666665,1.0399551336347244,0.8052262877203168,1.0118405566155853,0.6537459580982762,1.0002565808949655,0.8093391753830542,1.0000394453204269,0.8359572766454578,0.0,0.9838591860296272,0.7500965606764758,0.0,0.8493735326902911,1.00033995882866,0.2823101738713379,0.469066379600821
467535.0,2601585.0,2.6666666666666665,1.0399551336347244,0.9292850742314346,1.0118405566155853,0.6537459580982762,1.0002565808949655,0.8093391753830542,1.0000394453204269,1.044665284822479,0.0,0.9838591860296272,1.198102807372512,0.7503490707331599,3.643673812226212,1.00033995882866,0.2823101738713379,0.469066379600821
468735.0,2601585.0,2.6666666666666665,1.0399551336347244,0.9292850742314346,1.0118405566155853,0.6537459580982762,1.0002565808949655,0.8093391753830542,1.0000394453204269,1.044665284822479,0.0,0.9838591860296272,1.198102807372512,0.7503490707331599,0.8493735326902911,1.00033995882866,0.2823101738713379,0.469066379600821
469935.0,2601585.0,2.6666666666666665,1.0399551336347244,0.9292850742314346,1.0118405566155853,3.1494459396812817,1.0002565808949655,0.8093391753830542,1.0000394453204269,1.044665284822479,0.0,0.9838591860296272,1.198102807372512,1.3529120537456203,0.8493735326902911,1.00033995882866,0.2823101738713379,0.469066379600821
471135.0,2601585.0,2.6666666666666665,1.0399551336347244,0.9292850742314346,1.0118405566155853,0.6537459580982762,1.0002565808949655,1.186338422444426,1.0000394453204269,1.044665284822479,0.0,0.9838591860296272,1.7444769311303143,1.3529120537456203,0.8493735326902911,1.00033995882866,0.2823101738713379,0.469066379600821
472335.0,2601585.0,2.6666666666666665,1.0399551336347244,0.9292850742314346,1.0118405566155853,3.1494459396812817,1.0002565808949655,0.8093391753830542,1.0000394453204269,1.044665284822479,0.3333328979722623,0.9838591860296272,1.198102807372512,0.7503490707331599,3.643673812226212,1.00033995882866,1.8953159656210397,0.469066379600821
473535.0,2601585.0,2.6666666666666665,1.0399551336347244,0.9292850742314346,1.0118405566155853,3.1494459396812817,1.0002565808949655,0.8093391753830542,1.0000394453204269,1.044665284822479,0.3333328979722623,3.173995232666598,1.198102807372512,0.7503490707331599,3.643673812226212,1.00033995882866,0.2823101738713379,0.469066379600821
474735.0,2601585.0,2.6666666666666665,1.0399551336347244,0.8052262877203168,1.0118405566155853,3.1494459396812817,1.0002565808949655,1.186338422444426,1.0000394453204269,1.044665284822479,0.0,0.0,1.2466998513365868,1.3529120537456203,0.0,1.00033995882866,0.2823101738713379,0.469066379600821
475935.0,2601585.0,2.6666666666666665,1.0399551336347244,0.8052262877203168,1.0118405566155853,0.6537459580982762,1.0002565808949655,0.8093391753830542,1.0000394453204269,1.044665284822479,0.0,0.0,0.7500965606764758,1.3529120537456203,0.8493735326902911,1.00033995882866,1.8953159656210397,0.469066379600821
477135.0,2601585.0,2.6666666666666665,1.0399551336347244,0.9292850742314346,1.0118405566155853,0.0,1.0002565808949655,1.186338422444426,1.0000394453204269,1.044665284822479,0.0,1.0253001657841805,1.198102807372512,0.7503490707331599,0.8493735326902911,1.00033995882866,0.2823101738713379,0.469066379600821
485535.0,2601585.0,1.0,1.0399551336347244,1.41919570500929,1.0118405566155853,0.6537459580982762,1.0002565808949655,0.8093391753830542,1.0000394453204269,1.044665284822479,0.0,0.9838591860296272,0.7500965606764758,0.7503490707331599,0.8493735326902911,1.00033995882866,0.2823101738713379,0.469066379600821
486735.0,2601585.0,1.0,1.0399551336347244,0.9292850742314346,1.0118405566155853,0.1811219408570024,1.0002565808949655,1.186338422444426,1.0000394453204269,1.044665284822479,0.0,0.9838591860296272,1.198102807372512,0.7503490707331599,0.8493735326902911,1.00033995882866,0.2823101738713379,0.469066379600821
487935.0,2601585.0,1.0,1.0399551336347244,0.9292850742314346,1.0118405566155853,0.6537459580982762,1.0002565808949655,0.8093391753830542,1.0000394453204269,1.044665284822479,0.0,0.9838591860296272,1.198102807372512,0.7503490707331599,0.8493735326902911,1.00033995882866,0.2823101738713379,0.469066379600821
489135.0,2601585.0,1.0,1.0399551336347244,0.8052262877203168,1.0118405566155853,3.1494459396812817,1.0002565808949655,1.186338422444426,1.0000394453204269,1.044665284822479,0.0,0.9838591860296272,1.2466998513365868,1.3529120537456203,0.0,1.00033995882866,0.2823101738713379,0.469066379600821
490335.0,2601585.0,1.0,1.0399551336347244,0.8052262877203168,1.0118405566155853,0.1811219408570024,1.0002565808949655,0.8093391753830542,1.0000394453204269,1.044665284822479,0.3333328979722623,0.9838591860296272,1.198102807372512,1.3529120537456203,0.8493735326902911,1.00033995882866,0.2823101738713379,0.469066379600821
491535.0,2601585.0,1.0,1.0399551336347244,0.8052262877203168,1.0118405566155853,0.7386828595768657,1.0002565808949655,0.8093391753830542,1.0000394453204269,1.044665284822479,0.3333328979722623,0.9838591860296272,1.198102807372512,1.3529120537456203,0.0,1.00033995882866,0.2823101738713379,0.469066379600821
492735.0,2601585.0,1.0,1.0399551336347244,0.9292850742314346,1.0118405566155853,0.1811219408570024,1.0002565808949655,0.8093391753830542,1.0000394453204269,1.044665284822479,0.0,0.9838591860296272,1.198102807372512,1.3529120537456203,0.8493735326902911,1.00033995882866,1.8953159656210397,0.469066379600821
493935.0,2601585.0,1.0,1.0399551336347244,0.9292850742314346,1.0118405566155853,0.6537459580982762,1.0002565808949655,0.8093391753830542,1.0000394453204269,1.044665284822479,0.3333328979722623,0.9838591860296272,1.198102807372512,0.7503490707331599,3.643673812226212,1.00033995882866,0.2823101738713379,0.469066379600821
495135.0,2601585.0,1.0,1.0399551336347244,1.41919570500929,0.0,0.7386828595768657,1.0002565808949655,0.8093391753830542,1.0000394453204269,1.044665284822479,2.666670149564333,0.9838591860296272,1.7444769311303143,1.3529120537456203,0.8493735326902911,1.00033995882866,0.2823101738713379,0.469066379600821
496335.0,2601585.0,1.0,1.0399551336347244,0.8052262877203168,0.0,0.0,1.0002565808949655,0.8093391753830542,1.0000394453204269,1.044665284822479,2.666670149564333,0.9838591860296272,1.2466998513365868,1.3529120537456203,3.643673812226212,1.00033995882866,0.2823101738713379,0.469066379600821
497535.0,2601585.0,1.0,1.0399551336347244,0.9292850742314346,0.0,0.0,1.0002565808949655,1.186338422444426,1.0000394453204269,1.044665284822479,1.9999973878335735,0.9838591860296272,1.7444769311303143,1.3529120537456203,0.8493735326902911,1.00033995882866,0.2823101738713379,0.469066379600821
498735.0,2601585.0,1.0,1.0399551336347244,0.9292850742314346,1.0118405566155853,0.7386828595768657,1.0002565808949655,1.186338422444426,1.0000394453204269,1.044665284822479,0.3333328979722623,0.9838591860296272,0.0,0.0,0.8493735326902911,1.00033995882866,0.2823101738713379,0.469066379600821
499935.0,2601585.0,1.0,1.0399551336347244,0.9292850742314346,1.0118405566155853,3.1494459396812817,1.0002565808949655,1.186338422444426,1.0000394453204269,1.044665284822479,0.3333328979722623,3.173995232666598,0.7500965606764758,1.3529120537456203,0.8493735326902911,1.00033995882866,0.2823101738713379,0.469066379600821
501135.0,2601585.0,1.0,1.0399551336347244,0.8052262877203168,1.0118405566155853,0.6537459580982762,1.0002565808949655,0.8093391753830542,1.0000394453204269,1.044665284822479,0.0,0.0,1.7444769311303143,0.0,0.8493735326902911,1.00033995882866,0.2823101738713379,0.469066379600821
502335.0,2601585.0,1.0,1.0399551336347244,0.9292850742314346,1.0118405566155853,0.6537459580982762,1.0002565808949655,1.186338422444426,1.0000394453204269,1.044665284822479,0.3333328979722623,0.0,0.7500965606764758,1.3529120537456203,0.8493735326902911,1.00033995882866,0.2823101738713379,0.469066379600821
503535.0,2601585.0,1.0,1.0399551336347244,0.8052262877203168,1.0118405566155853,0.6537459580982762,1.0002565808949655,1.186338422444426,1.0000394453204269,1.044665284822479,0.0,1.0253001657841805,0.7500965606764758,1.3529120537456203,0.8493735326902911,1.00033995882866,0.2823101738713379,0.469066379600821
465135.0,2600385.0,0.3333324626123284,1.0399551336347244,0.9292850742314346,1.0118405566155853,0.6537459580982762,1.0002565808949655,1.186338422444426,1.0000394453204269,0.8359572766454578,0.0,0.9838591860296272,1.198102807372512,0.7503490707331599,0.8493735326902911,1.00033995882866,0.2823101738713379,0.469066379600821
466335.0,2600385.0,0.3333324626123284,1.0399551336347244,0.8052262877203168,1.0118405566155853,3.1494459396812817,1.0002565808949655,0.8093391753830542,1.0000394453204269,0.8359572766454578,0.0,0.9838591860296272,0.0,0.0,0.8493735326902911,1.00033995882866,0.2823101738713379,0.469066379600821
467535.0,2600385.0,2.6666666666666665,1.0399551336347244,0.8052262877203168,1.0118405566155853,0.6537459580982762,1.0002565808949655,1.186338422444426,1.0000394453204269,0.8359572766454578,0.0,0.9838591860296272,1.198102807372512,1.3529120537456203,0.8493735326902911,1.00033995882866,0.2823101738713379,0.469066379600821
468735.0,2600385.0,2.6666666666666665,1.0399551336347244,1.41919570500929,1.0118405566155853,3.1494459396812817,1.0002565808949655,0.8093391753830542,1.0000394453204269,1.044665284822479,0.0,0.9838591860296272,0.7500965606764758,0.7503490707331599,0.8493735326902911,1.00033995882866,0.2823101738713379,0.469066379600821
469935.0,2600385.0,2.6666666666666665,1.0399551336347244,0.9292850742314346,1.0118405566155853,0.1811219408570024,1.0002565808949655,1.186338422444426,1.0000394453204269,1.044665284822479,0.0,0.9838591860296272,1.7444769311303143,1.3529120537456203,0.8493735326902911,1.00033995882866,0.2823101738713379,0.469066379600821
471135.0,2600385.0,2.6666666666666665,1.0399551336347244,0.8052262877203168,1.0118405566155853,0.1811219408570024,1.0002565808949655,0.8093391753830542,1.0000394453204269,1.044665284822479,0.0,0.9838591860296272,1.198102807372512,1.3529120537456203,3.643673812226212,1.00033995882866,0.2823101738713379,0.469066379600821
472335.0,2600385.0,2.6666666666666665,1.0399551336347244,0.8052262877203168,1.0118405566155853,0.1811219408570024,1.0002565808949655,0.8093391753830542,1.0000394453204269,1.044665284822479,0.0,0.9838591860296272,1.198102807372512,1.3529120537456203,0.8493735326902911,1.00033995882866,0.2823101738713379,0.469066379600821
473535.0,2600385.0,2.6666666666666665,1.0399551336347244,0.8052262877203168,1.0118405566155853,0.6537459580982762,1.0002565808949655,1.186338422444426,1.0000394453204269,1.044665284822479,0.0,3.173995232666598,1.7444769311303143,0.0,0.8493735326902911,1.00033995882866,0.2823101738713379,0.469066379600821
474735.0,2600385.0,2.6666666666666665,1.0399551336347244,0.8052262877203168,1.0118405566155853,0.1811219408570024,1.0002565808949655,1.186338422444426,1.0000394453204269,1.044665284822479,0.0,0.0,0.7500965606764758,0.0,0.8493735326902911,1.00033995882866,0.2823101738713379,0.469066379600821
475935.0,2600385.0,2.6666666666666665,1.0399551336347244,0.9292850742314346,1.0118405566155853,0.6537459580982762,1.0002565808949655,1.186338422444426,1.0000394453204269,1.044665284822479,0.0,0.0,0.7500965606764758,1.3529120537456203,0.8493735326902911,1.00033995882866,0.2823101738713379,0.469066379600821
477135.0,2600385.0,2.6666666666666665,1.0399551336347244,1.41919570500929,1.0118405566155853,0.6537459580982762,1.0002565808949655,1.186338422444426,1.0000394453204269,1.044665284822479,0.0,1.0253001657841805,0.0,1.3529120537456203,0.8493735326902911,1.00033995882866,0.2823101738713379,0.469066379600821
486735.0,2600385.0,1.0,1.0399551336347244,1.41919570500929,1.0118405566155853,0.1811219408570024,1.0002565808949655,0.8093391753830542,1.0000394453204269,1.044665284822479,0.0,0.9838591860296272,0.7500965606764758,0.7503490707331599,0.8493735326902911,1.00033995882866,0.2823101738713379,0.469066379600821
487935.0,2600385.0,1.0,1.0399551336347244,0.8052262877203168,1.0118405566155853,0.6537459580982762,1.0002565808949655,0.8093391753830542,1.0000394453204269,1.044665284822479,0.0,0.9838591860296272,1.198102807372512,1.3529120537456203,3.643673812226212,1.00033995882866,0.2823101738713379,0.469066379600821
489135.0,2600385.0,1.0,1.0399551336347244,0.9292850742314346,1.0118405566155853,0.1811219408570024,1.0002565808949655,1.186338422444426,1.0000394453204269,1.044665284822479,0.0,0.9838591860296272,0.7500965606764758,1.3529120537456203,0.8493735326902911,1.00033995882866,0.2823101738713379,0.469066379600821
490335.0,2600385.0,1.0,1.0399551336347244,0.9292850742314346,1.0118405566155853,3.1494459396812817,1.0002565808949655,1.186338422444426,1.0000394453204269,1.044665284822479,0.3333328979722623,0.9838591860296272,0.7500965606764758,1.3529120537456203,0.8493735326902911,1.00033995882866,0.2823101738713379,0.469066379600821
491535.0,2600385.0,1.0,1.0399551336347244,0.9292850742314346,1.0118405566155853,3.1494459396812817,1.0002565808949655,1.186338422444426,1.0000394453204269,1.044665284822479,0.3333328979722623,0.9838591860296272,1.198102807372512,0.7503490707331599,0.8493735326902911,1.00033995882866,0.2823101738713379,0.469066379600821
492735.0,2600385.0,1.0,1.0399551336347244,0.9292850742314346,1.0118405566155853,0.1811219408570024,1.0002565808949655,1.186338422444426,1.0000394453204269,1.044665284822479,0.0,0.9838591860296272,0.7500965606764758,1.3529120537456203,0.8493735326902911,1.00033995882866,0.2823101738713379,0.469066379600821
493935.0,2600385.0,1.0,1.0399551336347244,0.9292850742314346,1.0118405566155853,0.6537459580982762,1.0002565808949655,0.8093391753830542,1.0000394453204269,1.044665284822479,0.0,0.9838591860296272,1.198102807372512,0.7503490707331599,0.8493735326902911,1.00033995882866,0.2823101738713379,0.469066379600821
498735.0,2600385.0,1.0,1.0399551336347244,0.8052262877203168,0.0,3.1494459396812817,1.0002565808949655,0.8093391753830542,1.0000394453204269,1.044665284822479,0.3333328979722623,0.9838591860296272,1.7444769311303143,0.0,0.8493735326902911,1.00033995882866,0.2823101738713379,0.469066379600821
499935.0,2600385.0,1.0,1.0399551336347244,0.9292850742314346,1.0118405566155853,0.1811219408570024,1.0002565808949655,1.186338422444426,1.0000394453204269,1.044665284822479,0.0,3.173995232666598,0.7500965606764758,1.3529120537456203,0.8493735326902911,1.00033995882866,1.8953159656210397,0.469066379600821
501135.0,2600385.0,1.0,1.0399551336347244,0.8052262877203168,1.0118405566155853,0.1811219408570024,1.0002565808949655,1.186338422444426,1.0000394453204269,1.044665284822479,0.0,0.0,1.198102807372512,1.3529120537456203,3.643673812226212,1.00033995882866,0.2823101738713379,0.469066379600821
502335.0,2600385.0,1.0,1.0399551336347244,0.8052262877203168,1.0118405566155853,0.1811219408570024,1.0002565808949655,0.8093391753830542,1.0000394453204269,1.044665284822479,0.3333328979722623,1.0253001657841805,0.0,0.0,0.8493735326902911,1.00033995882866,0.2823101738713379,0.469066379600821
466335.0,2599185.0,0.3333324626123284,1.0399551336347244,0.9292850742314346,1.0118405566155853,0.6537459580982762,1.0002565808949655,1.186338422444426,1.0000394453204269,0.8359572766454578,0.0,0.9838591860296272,1.7444769311303143,1.3529120537456203,0.8493735326902911,1.00033995882866,0.2823101738713379,0.469066379600821
467535.0,2599185.0,0.3333324626123284,1.0399551336347244,0.8052262877203168,1.0118405566155853,0.6537459580982762,1.0002565808949655,0.8093391753830542,1.0000394453204269,1.044665284822479,0.0,0.9838591860296272,1.198102807372512,1.3529120537456203,3.643673812226212,1.00033995882866,0.2823101738713379,0.469066379600821
468735.0,2599185.0,2.6666666666666665,1.0399551336347244,1.41919570500929,1.0118405566155853,0.6537459580982762,1.0002565808949655,1.186338422444426,1.0000394453204269,1.044665284822479,0.0,0.9838591860296272,1.7444769311303143,1.3529120537456203,0.8493735326902911,1.00033995882866,0.2823101738713379,0.469066379600821
469935.0,2599185.0,2.6666666666666665,1.0399551336347244,0.9292850742314346,1.0118405566155853,3.1494459396812817,1.0002565808949655,0.8093391753830542,1.0000394453204269,1.044665284822479,0.0,0.9838591860296272,1.198102807372512,0.7503490707331599,0.8493735326902911,1.00033995882866,0.2823101738713379,0.469066379600821
471135.0,2599185.0,2.6666666666666665,1.0399551336347244,0.9292850742314346,1.0118405566155853,0.6537459580982762,1.0002565808949655,1.186338422444426,1.0000394453204269,1.044665284822479,0.0,0.9838591860296272,0.7500965606764758,1.3529120537456203,0.8493735326902911,1.00033995882866,0.2823101738713379,0.469066379600821
472335.0,2599185.0,2.6666666666666665,1.0399551336347244,0.8052262877203168,1.0118405566155853,0.1811219408570024,1.0002565808949655,0.8093391753830542,1.0000394453204269,1.044665284822479,0.0,0.9838591860296272,0.7500965606764758,0.0,0.8493735326902911,1.00033995882866,0.2823101738713379,0.469066379600821
473535.0,2599185.0,2.6666666666666665,1.0399551336347244,0.8052262877203168,1.0118405566155853,0.7386828595768657,1.0002565808949655,0.8093391753830542,1.0000394453204269,1.044665284822479,0.0,3.173995232666598,1.198102807372512,1.3529120537456203,0.8493735326902911,1.00033995882866,0.2823101738713379,0.469066379600821
474735.0,2599185.0,2.6666666666666665,1.0399551336347244,0.8052262877203168,1.0118405566155853,0.7386828595768657,1.0002565808949655,1.186338422444426,1.0000394453204269,1.044665284822479,0.0,0.0,1.2466998513365868,1.3529120537456203,0.0,1.00033995882866,0.2823101738713379,0.469066379600821
475935.0,2599185.0,2.6666666666666665,1.0399551336347244,0.9292850742314346,1.0118405566155853,0.6537459580982762,1.0002565808949655,1.186338422444426,1.0000394453204269,1.044665284822479,0.0,0.0,1.7444769311303143,1.3529120537456203,0.8493735326902911,1.00033995882866,0.2823101738713379,0.469066379600821
477135.0,2599185.0,2.6666666666666665,1.0399551336347244,0.9292850742314346,1.0118405566155853,0.1811219408570024,1.0002565808949655,0.8093391753830542,1.0000394453204269,1.044665284822479,0.0,1.0253001657841805,1.198102807372512,0.7503490707331599,0.8493735326902911,1.00033995882866,0.2823101738713379,0.469066379600821
487935.0,2599185.0,1.0,1.0399551336347244,0.8052262877203168,1.0118405566155853,0.1811219408570024,1.0002565808949655,0.8093391753830542,1.0000394453204269,1.044665284822479,0.0,0.9838591860296272,0.0,0.0,0.8493735326902911,1.00033995882866,0.2823101738713379,0.469066379600821
489135.0,2599185.0,1.0,1.0399551336347244,0.8052262877203168,1.0118405566155853,0.6537459580982762,1.0002565808949655,1.186338422444426,1.0000394453204269,1.044665284822479,0.3333328979722623,0.9838591860296272,1.198102807372512,0.0,0.8493735326902911,1.00033995882866,0.2823101738713379,0.469066379600821
490335.0,2599185.0,1.0,1.0399551336347244,0.9292850742314346,1.0118405566155853,0.7386828595768657,1.0002565808949655,0.8093391753830542,1.0000394453204269,1.044665284822479,0.0,0.9838591860296272,0.7500965606764758,1.3529120537456203,0.8493735326902911,1.00033995882866,0.2823101738713379,0.469066379600821
491535.0,2599185.0,1.0,1.0399551336347244,0.9292850742314346,1.0118405566155853,0.1811219408570024,1.0002565808949655,0.8093391753830542,1.0000394453204269,1.044665284822479,0.0,0.9838591860296272,0.7500965606764758,1.3529120537456203,0.8493735326902911,1.00033995882866,0.2823101738713379,0.469066379600821
492735.0,2599185.0,1.0,1.0399551336347244,0.8052262877203168,1.0118405566155853,0.6537459580982762,1.0002565808949655,0.8093391753830542,1.0000394453204269,1.044665284822479,0.0,0.9838591860296272,1.198102807372512,1.3529120537456203,0.8493735326902911,1.00033995882866,0.2823101738713379,0.469066379600821
498735.0,2599185.0,1.0,1.0399551336347244,0.9292850742314346,1.0118405566155853,3.1494459396812817,1.0002565808949655,1.186338422444426,1.0000394453204269,1.044665284822479,0.3333328979722623,0.9838591860296272,1.7444769311303143,1.3529120537456203,0.8493735326902911,1.00033995882866,0.2823101738713379,0.469066379600821
499935.0,2599185.0,1.0,1.0399551336347244,0.8052262877203168,1.0118405566155853,0.1811219408570024,1.0002565808949655,1.186338422444426,1.0000394453204269,1.044665284822479,0.0,3.173995232666598,1.198102807372512,1.3529120537456203,0.8493735326902911,1.00033995882866,0.2823101738713379,0.469066379600821
501135.0,2599185.0,1.0,1.0399551336347244,0.8052262877203168,1.0118405566155853,0.6537459580982762,1.0002565808949655,0.8093391753830542,1.0000394453204269,1.044665284822479,0.0,0.0,1.198102807372512,1.3529120537456203,0.8493735326902911,1.00033995882866,1.8953159656210397,0.469066379600821
466335.0,2597985.0,0.3333324626123284,1.0399551336347244,0.9292850742314346,1.0118405566155853,0.6537459580982762,1.0002565808949655,0.8093391753830542,1.0000394453204269,0.8359572766454578,0.0,0.9838591860296272,1.7444769311303143,1.3529120537456203,0.8493735326902911,1.00033995882866,0.2823101738713379,0.469066379600821
467535.0,2597985.0,0.3333324626123284,1.0399551336347244,1.41919570500929,1.0118405566155853,0.1811219408570024,1.0002565808949655,0.8093391753830542,1.0000394453204269,1.044665284822479,0.0,0.9838591860296272,0.7500965606764758,0.7503490707331599,0.8493735326902911,1.00033995882866,0.2823101738713379,0.469066379600821
468735.0,2597985.0,0.3333324626123284,1.0399551336347244,1.41919570500929,1.0118405566155853,0.6537459580982762,1.0002565808949655,0.8093391753830542,1.0000394453204269,1.044665284822479,0.0,0.9838591860296272,0.7500965606764758,0.7503490707331599,0.8493735326902911,1.00033995882866,0.2823101738713379,0.469066379600821
469935.0,2597985.0,2.6666666666666665,1.0399551336347244,0.0,1.0118405566155853,0.7386828595768657,1.0002565808949655,1.186338422444426,1.0000394453204269,1.044665284822479,0.3333328979722623,0.9838591860296272,0.7500965606764758,0.7503490707331599,0.8493735326902911,1.00033995882866,0.2823101738713379,0.469066379600821
471135.0,2597985.0,2.6666666666666665,1.0399551336347244,0.9292850742314346,1.0118405566155853,0.1811219408570024,1.0002565808949655,1.186338422444426,1.0000394453204269,1.044665284822479,0.0,0.9838591860296272,0.7500965606764758,1.3529120537456203,0.8493735326902911,1.00033995882866,0.2823101738713379,0.469066379600821
472335.0,2597985.0,2.6666666666666665,1.0399551336347244,1.41919570500929,1.0118405566155853,0.1811219408570024,1.0002565808949655,0.8093391753830542,1.0000394453204269,1.044665284822479,0.0,0.9838591860296272,0.7500965606764758,0.7503490707331599,0.8493735326902911,1.00033995882866,0.2823101738713379,0.469066379600821
473535.0,2597985.0,2.6666666666666665,1.0399551336347244,1.41919570500929,1.0118405566155853,0.1811219408570024,1.0002565808949655,0.8093391753830542,1.0000394453204269,1.044665284822479,0.0,3.173995232666598,1.7444769311303143,1.3529120537456203,0.8493735326902911,1.00033995882866,0.2823101738713379,0.469066379600821
474735.0,2597985.0,2.6666666666666665,1.0399551336347244,0.9292850742314346,1.0118405566155853,0.7386828595768657,1.0002565808949655,1.186338422444426,1.0000394453204269,1.044665284822479,0.0,0.0,1.198102807372512,1.3529120537456203,0.8493735326902911,1.00033995882866,0.2823101738713379,0.469066379600821
475935.0,2597985.0,2.6666666666666665,1.0399551336347244,0.9292850742314346,1.0118405566155853,0.1811219408570024,1.0002565808949655,1.186338422444426,1.0000394453204269,1.044665284822479,0.0,0.0,1.198102807372512,1.3529120537456203,0.8493735326902911,1.00033995882866,0.2823101738713379,0.469066379600821
477135.0,2597985.0,2.6666666666666665,1.0399551336347244,1.41919570500929,1.0118405566155853,0.7386828595768657,1.0002565808949655,1.186338422444426,1.0000394453204269,1.044665284822479,0.0,1.0253001657841805,1.7444769311303143,1.3529120537456203,0.8493735326902911,1.00033995882866,0.2823101738713379,0.469066379600821
487935.0,2597985.0,1.0,1.0399551336347244,0.8052262877203168,1.0118405566155853,0.6537459580982762,1.0002565808949655,0.8093391753830542,1.0000394453204269,1.044665284822479,0.0,0.9838591860296272,1.198102807372512,1.3529120537456203,3.643673812226212,1.00033995882866,0.2823101738713379,0.469066379600821
489135.0,2597985.0,1.0,1.0399551336347244,0.8052262877203168,1.0118405566155853,0.6537459580982762,1.0002565808949655,1.186338422444426,1.0000394453204269,1.044665284822479,0.3333328979722623,0.9838591860296272,1.198102807372512,0.7503490707331599,3.643673812226212,1.00033995882866,0.2823101738713379,0.469066379600821
490335.0,2597985.0,1.0,1.0399551336347244,0.0,1.0118405566155853,0.1811219408570024,1.0002565808949655,1.186338422444426,1.0000394453204269,1.044665284822479,0.0,0.9838591860296272,1.7444769311303143,0.7503490707331599,0.8493735326902911,1.00033995882866,0.2823101738713379,0.469066379600821
466335.0,2596785.0,0.3333324626123284,1.0399551336347244,0.9292850742314346,1.0118405566155853,0.1811219408570024,1.0002565808949655,0.8093391753830542,1.0000394453204269,1.044665284822479,0.0,0.9838591860296272,1.7444769311303143,1.3529120537456203,0.8493735326902911,1.00033995882866,0.2823101738713379,0.469066379600821
467535.0,2596785.0,0.3333324626123284,1.0399551336347244,0.9292850742314346,1.0118405566155853,0.6537459580982762,1.0002565808949655,0.8093391753830542,1.0000394453204269,1.044665284822479,0.0,0.9838591860296272,1.7444769311303143,1.3529120537456203,0.8493735326902911,1.00033995882866,0.2823101738713379,0.469066379600821
468735.0,2596785.0,0.3333324626123284,1.0399551336347244,0.9292850742314346,1.0118405566155853,3.1494459396812817,1.0002565808949655,0.8093391753830542,1.0000394453204269,1.044665284822479,0.0,0.9838591860296272,1.198102807372512,0.7503490707331599,0.8493735326902911,1.00033995882866,0.2823101738713379,0.469066379600821
469935.0,2596785.0,0.3333324626123284,1.0399551336347244,0.9292850742314346,1.0118405566155853,3.1494459396812817,1.0002565808949655,0.8093391753830542,1.0000394453204269,1.044665284822479,0.0,0.9838591860296272,1.198102807372512,0.7503490707331599,0.8493735326902911,1.00033995882866,0.2823101738713379,0.469066379600821
471135.0,2596785.0,0.3333324626123284,1.0399551336347244,0.8052262877203168,1.0118405566155853,0.1811219408570024,1.0002565808949655,0.8093391753830542,1.0000394453204269,1.044665284822479,0.0,0.9838591860296272,1.198102807372512,1.3529120537456203,0.8493735326902911,1.00033995882866,0.2823101738713379,0.469066379600821
472335.0,2596785.0,2.6666666666666665,1.0399551336347244,0.9292850742314346,1.0118405566155853,0.1811219408570024,1.0002565808949655,0.8093391753830542,1.0000394453204269,1.044665284822479,0.0,0.9838591860296272,1.198102807372512,1.3529120537456203,0.8493735326902911,1.00033995882866,0.2823101738713379,0.469066379600821
473535.0,2596785.0,2.6666666666666665,1.0399551336347244,0.9292850742314346,1.0118405566155853,0.6537459580982762,1.0002565808949655,1.186338422444426,1.0000394453204269,1.044665284822479,0.3333328979722623,3.173995232666598,1.198102807372512,0.7503490707331599,0.8493735326902911,1.00033995882866,0.2823101738713379,0.469066379600821
474735.0,2596785.0,2.6666666666666665,1.0399551336347244,0.9292850742314346,1.0118405566155853,3.1494459396812817,1.0002565808949655,1.186338422444426,1.0000394453204269,1.044665284822479,0.3333328979722623,0.0,0.7500965606764758,1.3529120537456203,0.8493735326902911,1.00033995882866,0.2823101738713379,0.469066379600821
475935.0,2596785.0,2.6666666666666665,1.0399551336347244,0.9292850742314346,1.0118405566155853,0.6537459580982762,1.0002565808949655,0.8093391753830542,1.0000394453204269,1.044665284822479,0.3333328979722623,0.0,1.198102807372512,0.7503490707331599,3.643673812226212,1.00033995882866,0.2823101738713379,0.469066379600821
477135.0,2596785.0,2.6666666666666665,1.0399551336347244,0.8052262877203168,1.0118405566155853,0.1811219408570024,1.0002565808949655,0.8093391753830542,1.0000394453204269,1.044665284822479,0.0,1.0253001657841805,0.0,0.0,0.8493735326902911,1.00033995882866,0.2823101738713379,0.469066379600821
487935.0,2596785.0,1.0,1.0399551336347244,0.9292850742314346,1.0118405566155853,0.1811219408570024,1.0002565808949655,1.186338422444426,1.0000394453204269,1.044665284822479,0.0,0.9838591860296272,1.198102807372512,0.7503490707331599,0.8493735326902911,1.00033995882866,0.2823101738713379,0.469066379600821
489135.0,2596785.0,1.0,1.0399551336347244,0.9292850742314346,1.0118405566155853,3.1494459396812817,1.0002565808949655,1.186338422444426,1.0000394453204269,1.044665284822479,0.3333328979722623,0.9838591860296272,1.198102807372512,0.7503490707331599,0.8493735326902911,1.00033995882866,0.2823101738713379,0.469066379600821
466335.0,2595585.0,0.3333324626123284,1.0399551336347244,0.9292850742314346,1.0118405566155853,0.7386828595768657,1.0002565808949655,1.186338422444426,1.0000394453204269,1.044665284822479,0.0,0.9838591860296272,0.7500965606764758,1.3529120537456203,0.8493735326902911,1.00033995882866,0.2823101738713379,0.469066379600821
467535.0,2595585.0,0.3333324626123284,1.0399551336347244,1.41919570500929,1.0118405566155853,0.6537459580982762,1.0002565808949655,1.186338422444426,1.0000394453204269,1.044665284822479,0.0,0.9838591860296272,0.7500965606764758,0.7503490707331599,0.8493735326902911,1.00033995882866,0.2823101738713379,0.469066379600821
468735.0,2595585.0,0.3333324626123284,1.0399551336347244,0.9292850742314346,1.0118405566155853,0.6537459580982762,1.0002565808949655,0.8093391753830542,1.0000394453204269,1.044665284822479,0.0,0.9838591860296272,1.198102807372512,1.3529120537456203,0.8493735326902911,1.00033995882866,0.2823101738713379,0.469066379600821
469935.0,2595585.0,0.3333324626123284,1.0399551336347244,0.9292850742314346,1.0118405566155853,0.6537459580982762,1.0002565808949655,1.186338422444426,1.0000394453204269,1.044665284822479,0.0,0.9838591860296272,0.7500965606764758,1.3529120537456203,0.8493735326902911,1.00033995882866,0.2823101738713379,0.469066379600821
471135.0,2595585.0,0.3333324626123284,1.0399551336347244,0.9292850742314346,1.0118405566155853,3.1494459396812817,1.0002565808949655,0.8093391753830542,1.0000394453204269,1.044665284822479,0.3333328979722623,0.9838591860296272,1.7444769311303143,0.0,0.8493735326902911,1.00033995882866,0.2823101738713379,0.469066379600821
472335.0,2595585.0,0.3333324626123284,1.0399551336347244,0.9292850742314346,1.0118405566155853,0.6537459580982762,1.0002565808949655,1.186338422444426,1.0000394453204269,1.044665284822479,0.0,0.9838591860296272,0.7500965606764758,1.3529120537456203,0.8493735326902911,1.00033995882866,0.2823101738713379,0.469066379600821
473535.0,2595585.0,0.3333324626123284,1.0399551336347244,1.41919570500929,1.0118405566155853,3.1494459396812817,1.0002565808949655,0.8093391753830542,1.0000394453204269,1.044665284822479,2.666670149564333,3.173995232666598,0.7500965606764758,0.7503490707331599,0.8493735326902911,1.00033995882866,0.2823101738713379,0.469066379600821
474735.0,2595585.0,0.3333324626123284,1.0399551336347244,0.9292850742314346,1.0118405566155853,0.6537459580982762,1.0002565808949655,0.8093391753830542,1.0000394453204269,1.044665284822479,2.666670149564333,0.0,1.198102807372512,0.7503490707331599,0.8493735326902911,1.00033995882866,0.2823101738713379,0.469066379600821
475935.0,2595585.0,0.3333324626123284,1.0399551336347244,0.9292850742314346,1.0118405566155853,0.1811219408570024,1.0002565808949655,0.8093391753830542,1.0000394453204269,1.044665284822479,0.3333328979722623,0.0,1.198102807372512,0.7503490707331599,0.8493735326902911,1.00033995882866,0.2823101738713379,0.469066379600821
477135.0,2595585.0,0.3333324626123284,1.0399551336347244,0.8052262877203168,1.0118405566155853,0.1811219408570024,1.0002565808949655,1.186338422444426,1.0000394453204269,1.044665284822479,0.3333328979722623,1.0253001657841805,0.7500965606764758,1.3529120537456203,0.8493735326902911,1.00033995882866,0.2823101738713379,0.469066379600821
487935.0,2595585.0,1.0,1.0399551336347244,0.9292850742314346,1.0118405566155853,0.1811219408570024,1.0002565808949655,0.8093391753830542,1.0000394453204269,1.044665284822479,0.0,0.9838591860296272,0.7500965606764758,1.3529120537456203,0.8493735326902911,1.00033995882866,0.2823101738713379,0.469066379600821
489135.0,2595585.0,1.0,1.0399551336347244,0.8052262877203168,1.0118405566155853,0.6537459580982762,1.0002565808949655,0.8093391753830542,1.0000394453204269,1.044665284822479,0.3333328979722623,0.9838591860296272,1.2466998513365868,1.3529120537456203,0.0,1.00033995882866,1.8953159656210397,0.469066379600821
466335.0,2594385.0,0.3333324626123284,1.0399551336347244,0.9292850742314346,1.0118405566155853,0.7386828595768657,1.0002565808949655,0.8093391753830542,1.0000394453204269,1.044665284822479,0.0,0.9838591860296272,1.198102807372512,0.7503490707331599,0.8493735326902911,1.00033995882866,0.2823101738713379,0.469066379600821
467535.0,2594385.0,0.3333324626123284,1.0399551336347244,1.41919570500929,1.0118405566155853,0.1811219408570024,1.0002565808949655,0.8093391753830542,1.0000394453204269,1.044665284822479,0.0,0.9838591860296272,0.7500965606764758,1.3529120537456203,0.8493735326902911,1.00033995882866,0.2823101738713379,0.469066379600821
468735.0,2594385.0,0.3333324626123284,1.0399551336347244,0.8052262877203168,1.0118405566155853,0.1811219408570024,1.0002565808949655,0.8093391753830542,1.0000394453204269,1.044665284822479,0.0,0.9838591860296272,0.7500965606764758,0.0,0.8493735326902911,1.00033995882866,1.8953159656210397,0.469066379600821
469935.0,2594385.0,0.3333324626123284,1.0399551336347244,0.9292850742314346,1.0118405566155853,3.1494459396812817,1.0002565808949655,0.8093391753830542,1.0000394453204269,1.044665284822479,0.0,0.9838591860296272,0.7500965606764758,0.7503490707331599,0.8493735326902911,1.00033995882866,0.2823101738713379,0.469066379600821
471135.0,2594385.0,0.3333324626123284,1.0399551336347244,1.41919570500929,1.0118405566155853,0.6537459580982762,1.0002565808949655,1.186338422444426,1.0000394453204269,1.044665284822479,0.0,0.9838591860296272,0.0,1.3529120537456203,0.8493735326902911,1.00033995882866,0.2823101738713379,0.469066379600821
472335.0,2594385.0,0.3333324626123284,1.0399551336347244,1.41919570500929,1.0118405566155853,0.6537459580982762,1.0002565808949655,1.186338422444426,1.0000394453204269,1.044665284822479,0.3333328979722623,0.9838591860296272,0.7500965606764758,0.7503490707331599,0.8493735326902911,1.00033995882866,1.8953159656210397,0.469066379600821
473535.0,2594385.0,0.3333324626123284,1.0399551336347244,1.41919570500929,1.0118405566155853,3.1494459396812817,1.0002565808949655,1.186338422444426,1.0000394453204269,1.044665284822479,2.666670149564333,3.173995232666598,1.7444769311303143,1.3529120537456203,0.8493735326902911,1.00033995882866,1.8953159656210397,0.469066379600821
474735.0,2594385.0,0.3333324626123284,1.0399551336347244,0.8052262877203168,1.0118405566155853,0.0,1.0002565808949655,1.186338422444426,1.0000394453204269,1.044665284822479,2.666670149564333,0.0,1.7444769311303143,0.0,0.8493735326902911,1.00033995882866,0.2823101738713379,0.469066379600821
475935.0,2594385.0,0.3333324626123284,1.0399551336347244,0.8052262877203168,1.0118405566155853,3.1494459396812817,1.0002565808949655,1.186338422444426,1.0000394453204269,1.044665284822479,2.666670149564333,0.0,0.7500965606764758,1.3529120537456203,0.8493735326902911,1.00033995882866,0.2823101738713379,0.469066379600821
477135.0,2594385.0,0.3333324626123284,1.0399551336347244,0.8052262877203168,1.0118405566155853,0.1811219408570024,1.0002565808949655,1.186338422444426,1.0000394453204269,1.044665284822479,2.666670149564333,1.0253001657841805,0.7500965606764758,1.3529120537456203,0.8493735326902911,1.00033995882866,0.2823101738713379,0.469066379600821
466335.0,2593185.0,0.3333324626123284,1.0399551336347244,0.9292850742314346,1.0118405566155853,0.7386828595768657,1.0002565808949655,1.186338422444426,1.0000394453204269,1.044665284822479,0.0,0.9838591860296272,0.7500965606764758,1.3529120537456203,0.8493735326902911,1.00033995882866,0.2823101738713379,0.469066379600821
467535.0,2593185.0,0.3333324626123284,1.0399551336347244,0.8052262877203168,1.0118405566155853,3.1494459396812817,1.0002565808949655,1.186338422444426,1.0000394453204269,1.044665284822479,0.0,0.9838591860296272,0.7500965606764758,1.3529120537456203,0.8493735326902911,1.00033995882866,0.2823101738713379,0.469066379600821
468735.0,2593185.0,0.3333324626123284,1.0399551336347244,0.0,1.0118405566155853,0.1811219408570024,1.0002565808949655,1.186338422444426,1.0000394453204269,1.044665284822479,0.0,0.9838591860296272,1.7444769311303143,0.7503490707331599,0.8493735326902911,1.00033995882866,0.2823101738713379,0.469066379600821
469935.0,2593185.0,0.3333324626123284,1.0399551336347244,1.41919570500929,1.0118405566155853,0.1811219408570024,1.0002565808949655,1.186338422444426,1.0000394453204269,1.044665284822479,0.0,0.9838591860296272,1.7444769311303143,1.3529120537456203,0.8493735326902911,1.00033995882866,0.2823101738713379,0.469066379600821
471135.0,2593185.0,0.3333324626123284,1.0399551336347244,0.9292850742314346,1.0118405566155853,0.6537459580982762,1.0002565808949655,0.8093391753830542,1.0000394453204269,1.044665284822479,0.0,0.9838591860296272,1.7444769311303143,1.3529120537456203,0.8493735326902911,1.00033995882866,0.2823101738713379,0.469066379600821
472335.0,2593185.0,0.3333324626123284,1.0399551336347244,1.41919570500929,1.0118405566155853,0.6537459580982762,1.0002565808949655,1.186338422444426,1.0000394453204269,1.044665284822479,0.0,0.9838591860296272,1.7444769311303143,1.3529120537456203,0.8493735326902911,1.00033995882866,0.2823101738713379,0.469066379600821
473535.0,2593185.0,0.3333324626123284,1.0399551336347244,1.41919570500929,1.0118405566155853,0.6537459580982762,1.0002565808949655,0.8093391753830542,1.0000394453204269,1.044665284822479,2.666670149564333,3.173995232666598,0.7500965606764758,1.3529120537456203,0.8493735326902911,1.00033995882866,0.2823101738713379,0.469066379600821
474735.0,2593185.0,0.3333324626123284,1.0399551336347244,0.9292850742314346,1.0118405566155853,3.1494459396812817,1.0002565808949655,1.186338422444426,1.0000394453204269,1.044665284822479,2.666670149564333,0.0,0.7500965606764758,1.3529120537456203,0.8493735326902911,1.00033995882866,1.8953159656210397,0.469066379600821
475935.0,2593185.0,0.3333324626123284,1.0399551336347244,0.9292850742314346,1.0118405566155853,0.7386828595768657,1.0002565808949655,0.8093391753830542,1.0000394453204269,1.044665284822479,1.9999973878335735,0.0,0.7500965606764758,1.3529120537456203,0.8493735326902911,1.00033995882866,0.2823101738713379,0.469066379600821
477135.0,2593185.0,0.3333324626123284,1.0399551336347244,0.8052262877203168,1.0118405566155853,0.1811219408570024,1.0002565808949655,0.8093391753830542,1.0000394453204269,1.044665284822479,2.666670149564333,1.0253001657841805,0.7500965606764758,1.3529120537456203,0.8493735326902911,1.00033995882866,0.2823101738713379,0.469066379600821
478335.0,2593185.0,2.6666666666666665,1.0399551336347244,0.8052262877203168,1.0118405566155853,3.1494459396812817,1.0002565808949655,1.186338422444426,1.0000394453204269,1.044665284822479,1.9999973878335735,1.0253001657841805,0.7500965606764758,1.3529120537456203,0.8493735326902911,1.00033995882866,0.2823101738713379,0.469066379600821
466335.0,2591985.0,0.3333324626123284,1.0399551336347244,0.8052262877203168,1.0118405566155853,3.1494459396812817,1.0002565808949655,0.8093391753830542,1.0000394453204269,1.044665284822479,0.3333328979722623,0.9838591860296272,1.198102807372512,1.3529120537456203,3.643673812226212,1.00033995882866,0.2823101738713379,0.469066379600821
467535.0,2591985.0,0.3333324626123284,1.0399551336347244,0.8052262877203168,1.0118405566155853,0.1811219408570024,1.0002565808949655,1.186338422444426,1.0000394453204269,1.044665284822479,0.0,0.9838591860296272,1.2466998513365868,1.3529120537456203,0.0,1.00033995882866,0.2823101738713379,0.469066379600821
468735.0,2591985.0,0.3333324626123284,1.0399551336347244,0.9292850742314346,1.0118405566155853,3.1494459396812817,1.0002565808949655,0.8093391753830542,1.0000394453204269,1.044665284822479,0.3333328979722623,0.9838591860296272,1.198102807372512,0.7503490707331599,0.8493735326902911,1.00033995882866,0.2823101738713379,0.469066379600821
469935.0,2591985.0,0.3333324626123284,1.0399551336347244,1.41919570500929,1.0118405566155853,3.1494459396812817,1.0002565808949655,1.186338422444426,1.0000394453204269,1.044665284822479,0.3333328979722623,0.9838591860296272,0.7500965606764758,0.7503490707331599,0.8493735326902911,1.00033995882866,0.2823101738713379,0.469066379600821
471135.0,2591985.0,0.3333324626123284,1.0399551336347244,0.9292850742314346,1.0118405566155853,0.6537459580982762,1.0002565808949655,0.8093391753830542,1.0000394453204269,1.044665284822479,0.3333328979722623,0.9838591860296272,1.7444769311303143,1.3529120537456203,0.8493735326902911,1.00033995882866,0.2823101738713379,0.469066379600821
472335.0,2591985.0,0.3333324626123284,1.0399551336347244,0.9292850742314346,1.0118405566155853,0.1811219408570024,1.0002565808949655,1.186338422444426,1.0000394453204269,1.044665284822479,0.0,0.9838591860296272,0.7500965606764758,1.3529120537456203,0.8493735326902911,1.00033995882866,0.2823101738713379,0.469066379600821
473535.0,2591985.0,0.3333324626123284,1.0399551336347244,1.41919570500929,1.0118405566155853,0.1811219408570024,1.0002565808949655,1.186338422444426,1.0000394453204269,1.044665284822479,0.3333328979722623,3.173995232666598,0.0,1.3529120537456203,0.8493735326902911,1.00033995882866,0.2823101738713379,0.469066379600821
474735.0,2591985.0,0.3333324626123284,1.0399551336347244,0.9292850742314346,1.0118405566155853,3.1494459396812817,1.0002565808949655,0.8093391753830542,1.0000394453204269,1.044665284822479,2.666670149564333,0.0,1.198102807372512,1.3529120537456203,0.8493735326902911,1.00033995882866,0.2823101738713379,0.469066379600821
475935.0,2591985.0,0.3333324626123284,1.0399551336347244,0.8052262877203168,0.0,0.7386828595768657,1.0002565808949655,0.8093391753830542,1.0000394453204269,1.044665284822479,1.9999973878335735,0.0,1.198102807372512,1.3529120537456203,3.643673812226212,1.00033995882866,0.2823101738713379,0.469066379600821
477135.0,2591985.0,0.3333324626123284,1.0399551336347244,0.9292850742314346,1.0118405566155853,3.1494459396812817,1.0002565808949655,0.8093391753830542,1.0000394453204269,1.044665284822479,2.666670149564333,1.0253001657841805,0.7500965606764758,1.3529120537456203,0.8493735326902911,1.00033995882866,0.2823101738713379,0.469066379600821
478335.0,2591985.0,2.6666666666666665,1.0399551336347244,0.8052262877203168,1.0118405566155853,0.6537459580982762,1.0002565808949655,1.186338422444426,1.0000394453204269,1.044665284822479,2.666670149564333,1.0253001657841805,1.198102807372512,1.3529120537456203,3.643673812226212,1.00033995882866,0.2823101738713379,0.469066379600821
479535.0,2591985.0,2.6666666666666665,1.0399551336347244,0.9292850742314346,1.0118405566155853,0.1811219408570024,1.0002565808949655,1.186338422444426,1.0000394453204269,1.044665284822479,2.666670149564333,0.0,1.198102807372512,0.7503490707331599,0.8493735326902911,1.00033995882866,0.2823101738713379,0.469066379600821
480735.0,2591985.0,2.6666666666666665,1.0399551336347244,0.8052262877203168,1.0118405566155853,0.7386828595768657,1.0002565808949655,1.186338422444426,1.0000394453204269,1.044665284822479,2.666670149564333,3.173995232666598,1.198102807372512,1.3529120537456203,0.0,1.00033995882866,0.2823101738713379,0.469066379600821
466335.0,2590785.0,0.3333324626123284,1.0399551336347244,0.9292850742314346,1.0118405566155853,0.1811219408570024,1.0002565808949655,1.186338422444426,1.0000394453204269,1.044665284822479,0.0,0.9838591860296272,1.7444769311303143,1.3529120537456203,0.8493735326902911,1.00033995882866,0.2823101738713379,0.469066379600821
467535.0,2590785.0,0.3333324626123284,1.0399551336347244,0.8052262877203168,1.0118405566155853,3.1494459396812817,1.0002565808949655,1.186338422444426,1.0000394453204269,1.044665284822479,0.3333328979722623,0.9838591860296272,1.198102807372512,1.3529120537456203,3.643673812226212,1.00033995882866,0.2823101738713379,0.469066379600821
468735.0,2590785.0,0.3333324626123284,1.0399551336347244,0.9292850742314346,1.0118405566155853,0.1811219408570024,1.0002565808949655,0.8093391753830542,1.0000394453204269,1.044665284822479,0.0,0.9838591860296272,1.198102807372512,0.7503490707331599,3.643673812226212,1.00033995882866,0.2823101738713379,0.469066379600821
469935.0,2590785.0,0.3333324626123284,1.0399551336347244,0.9292850742314346,1.0118405566155853,0.1811219408570024,1.0002565808949655,0.8093391753830542,1.0000394453204269,1.044665284822479,0.3333328979722623,0.9838591860296272,0.7500965606764758,1.3529120537456203,0.8493735326902911,1.00033995882866,0.2823101738713379,0.469066379600821
471135.0,2590785.0,0.3333324626123284,1.0399551336347244,0.9292850742314346,1.0118405566155853,3.1494459396812817,1.0002565808949655,0.8093391753830542,1.0000394453204269,1.044665284822479,2.666670149564333,0.9838591860296272,1.198102807372512,0.7503490707331599,0.8493735326902911,1.00033995882866,0.2823101738713379,0.469066379600821
472335.0,2590785.0,0.3333324626123284,1.0399551336347244,0.9292850742314346,1.0118405566155853,0.1811219408570024,1.0002565808949655,0.8093391753830542,1.0000394453204269,1.044665284822479,0.3333328979722623,0.9838591860296272,1.198102807372512,0.7503490707331599,3.643673812226212,1.00033995882866,0.2823101738713379,0.469066379600821
473535.0,2590785.0,0.3333324626123284,1.0399551336347244,0.8052262877203168,1.0118405566155853,0.6537459580982762,1.0002565808949655,0.8093391753830542,1.0000394453204269,1.044665284822479,0.3333328979722623,3.173995232666598,1.198102807372512,1.3529120537456203,3.643673812226212,1.00033995882866,0.2823101738713379,0.469066379600821
474735.0,2590785.0,0.3333324626123284,1.0399551336347244,0.9292850742314346,1.0118405566155853,0.6537459580982762,1.0002565808949655,1.186338422444426,1.0000394453204269,1.044665284822479,0.3333328979722623,0.0,1.198102807372512,0.7503490707331599,0.8493735326902911,1.00033995882866,0.2823101738713379,0.469066379600821
475935.0,2590785.0,0.3333324626123284,1.0399551336347244,0.8052262877203168,1.0118405566155853,0.7386828595768657,1.0002565808949655,1.186338422444426,1.0000394453204269,1.044665284822479,1.9999973878335735,0.0,0.7500965606764758,0.0,0.8493735326902911,1.00033995882866,0.2823101738713379,0.469066379600821
477135.0,2590785.0,0.3333324626123284,1.0399551336347244,0.9292850742314346,1.0118405566155853,0.6537459580982762,1.0002565808949655,1.186338422444426,1.0000394453204269,1.044665284822479,2.666670149564333,1.0253001657841805,1.198102807372512,0.7503490707331599,0.8493735326902911,1.00033995882866,0.2823101738713379,0.469066379600821
478335.0,2590785.0,2.6666666666666665,1.0399551336347244,0.9292850742314346,1.0118405566155853,0.1811219408570024,1.0002565808949655,1.186338422444426,1.0000394453204269,1.044665284822479,2.666670149564333,1.0253001657841805,1.198102807372512,0.7503490707331599,0.8493735326902911,1.00033995882866,0.2823101738713379,0.469066379600821
479535.0,2590785.0,2.6666666666666665,1.0399551336347244,0.8052262877203168,1.0118405566155853,0.6537459580982762,1.0002565808949655,0.8093391753830542,1.0000394453204269,1.044665284822479,2.666670149564333,0.0,1.198102807372512,0.7503490707331599,3.643673812226212,1.00033995882866,0.2823101738713379,0.469066379600821
480735.0,2590785.0,2.6666666666666665,1.0399551336347244,0.8052262877203168,1.0118405566155853,3.1494459396812817,1.0002565808949655,1.186338422444426,1.0000394453204269,1.044665284822479,2.666670149564333,3.173995232666598,1.198102807372512,1.3529120537456203,0.8493735326902911,1.00033995882866,0.2823101738713379,0.469066379600821
481935.0,2590785.0,1.0,1.0399551336347244,0.9292850742314346,1.0118405566155853,0.1811219408570024,1.0002565808949655,0.8093391753830542,1.0000394453204269,1.044665284822479,2.666670149564333,0.9838591860296272,0.7500965606764758,1.3529120537456203,0.8493735326902911,1.00033995882866,0.2823101738713379,0.469066379600821
466335.0,2589585.0,0.3333324626123284,1.0399551336347244,0.9292850742314346,1.0118405566155853,0.6537459580982762,1.0002565808949655,0.8093391753830542,1.0000394453204269,1.044665284822479,0.0,0.9838591860296272,1.198102807372512,1.3529120537456203,0.8493735326902911,1.00033995882866,0.2823101738713379,0.469066379600821
467535.0,2589585.0,0.3333324626123284,1.0399551336347244,0.9292850742314346,1.0118405566155853,0.1811219408570024,1.0002565808949655,1.186338422444426,1.0000394453204269,1.044665284822479,0.0,0.9838591860296272,1.7444769311303143,1.3529120537456203,0.8493735326902911,1.00033995882866,0.2823101738713379,0.469066379600821
468735.0,2589585.0,0.3333324626123284,1.0399551336347244,0.9292850742314346,1.0118405566155853,0.7386828595768657,1.0002565808949655,0.8093391753830542,1.0000394453204269,1.044665284822479,0.3333328979722623,0.9838591860296272,0.7500965606764758,1.3529120537456203,0.8493735326902911,1.00033995882866,0.2823101738713379,0.469066379600821
469935.0,2589585.0,0.3333324626123284,1.0399551336347244,0.8052262877203168,1.0118405566155853,0.6537459580982762,1.0002565808949655,0.8093391753830542,1.0000394453204269,1.044665284822479,2.666670149564333,0.9838591860296272,1.2466998513365868,1.3529120537456203,0.0,1.00033995882866,0.2823101738713379,0.469066379600821
471135.0,2589585.0,0.3333324626123284,1.0399551336347244,0.8052262877203168,1.0118405566155853,0.7386828595768657,1.0002565808949655,0.8093391753830542,1.0000394453204269,1.044665284822479,1.9999973878335735,0.9838591860296272,1.2466998513365868,1.3529120537456203,0.0,1.00033995882866,0.2823101738713379,0.469066379600821
472335.0,2589585.0,0.3333324626123284,1.0399551336347244,0.8052262877203168,1.0118405566155853,3.1494459396812817,1.0002565808949655,1.186338422444426,1.0000394453204269,1.044665284822479,2.666670149564333,0.9838591860296272,0.7500965606764758,1.3529120537456203,0.8493735326902911,1.00033995882866,0.2823101738713379,0.469066379600821
473535.0,2589585.0,0.3333324626123284,1.0399551336347244,1.41919570500929,1.0118405566155853,3.1494459396812817,1.0002565808949655,1.186338422444426,1.0000394453204269,1.044665284822479,2.666670149564333,3.173995232666598,1.7444769311303143,1.3529120537456203,0.8493735326902911,1.00033995882866,0.2823101738713379,0.469066379600821
474735.0,2589585.0,0.3333324626123284,1.0399551336347244,0.9292850742314346,1.0118405566155853,0.6537459580982762,1.0002565808949655,1.186338422444426,1.0000394453204269,1.044665284822479,2.666670149564333,0.0,1.198102807372512,1.3529120537456203,0.8493735326902911,1.00033995882866,0.2823101738713379,0.469066379600821
475935.0,2589585.0,0.3333324626123284,1.0399551336347244,1.41919570500929,1.0118405566155853,0.6537459580982762,1.0002565808949655,1.186338422444426,1.0000394453204269,1.044665284822479,2.666670149564333,0.0,0.0,1.3529120537456203,0.8493735326902911,1.00033995882866,0.2823101738713379,0.469066379600821
477135.0,2589585.0,0.3333324626123284,1.0399551336347244,0.9292850742314346,1.0118405566155853,3.1494459396812817,1.0002565808949655,1.186338422444426,1.0000394453204269,1.044665284822479,2.666670149564333,1.0253001657841805,0.7500965606764758,1.3529120537456203,0.8493735326902911,1.00033995882866,0.2823101738713379,0.469066379600821
478335.0,2589585.0,0.3333324626123284,1.0399551336347244,0.9292850742314346,1.0118405566155853,0.6537459580982762,1.0002565808949655,1.186338422444426,1.0000394453204269,1.044665284822479,2.666670149564333,1.0253001657841805,0.7500965606764758,1.3529120537456203,0.8493735326902911,1.00033995882866,0.2823101738713379,0.469066379600821
479535.0,2589585.0,2.6666666666666665,1.0399551336347244,0.8052262877203168,1.0118405566155853,0.1811219408570024,1.0002565808949655,0.8093391753830542,1.0000394453204269,1.044665284822479,0.3333328979722623,0.0,0.0,0.0,0.8493735326902911,1.00033995882866,0.2823101738713379,0.469066379600821
480735.0,2589585.0,2.6666666666666665,1.0399551336347244,0.9292850742314346,1.0118405566155853,0.6537459580982762,1.0002565808949655,1.186338422444426,1.0000394453204269,1.044665284822479,2.666670149564333,3.173995232666598,1.198102807372512,0.7503490707331599,0.8493735326902911,1.00033995882866,0.2823101738713379,0.469066379600821
481935.0,2589585.0,1.0,1.0399551336347244,0.9292850742314346,1.0118405566155853,0.7386828595768657,1.0002565808949655,0.8093391753830542,1.0000394453204269,1.044665284822479,0.3333328979722623,0.9838591860296272,1.198102807372512,0.7503490707331599,0.8493735326902911,1.00033995882866,0.2823101738713379,0.469066379600821
466335.0,2588385.0,0.3333324626123284,1.0399551336347244,0.9292850742314346,1.0118405566155853,0.6537459580982762,1.0002565808949655,1.186338422444426,1.0000394453204269,0.8359572766454578,0.0,0.9838591860296272,1.198102807372512,0.7503490707331599,0.8493735326902911,1.00033995882866,0.2823101738713379,0.469066379600821
467535.0,2588385.0,0.3333324626123284,1.0399551336347244,1.41919570500929,1.0118405566155853,0.6537459580982762,1.0002565808949655,1.186338422444426,1.0000394453204269,1.044665284822479,0.0,0.9838591860296272,0.7500965606764758,0.7503490707331599,0.8493735326902911,1.00033995882866,0.2823101738713379,0.469066379600821
468735.0,2588385.0,0.3333324626123284,1.0399551336347244,0.8052262877203168,1.0118405566155853,0.6537459580982762,1.0002565808949655,0.8093391753830542,1.0000394453204269,1.044665284822479,0.3333328979722623,0.9838591860296272,1.2466998513365868,1.3529120537456203,0.0,1.00033995882866,0.2823101738713379,0.469066379600821
469935.0,2588385.0,0.3333324626123284,1.0399551336347244,0.9292850742314346,1.0118405566155853,0.6537459580982762,1.0002565808949655,1.186338422444426,1.0000394453204269,1.044665284822479,0.3333328979722623,0.9838591860296272,0.7500965606764758,1.3529120537456203,0.8493735326902911,1.00033995882866,0.2823101738713379,0.469066379600821
471135.0,2588385.0,0.3333324626123284,1.0399551336347244,0.9292850742314346,1.0118405566155853,0.6537459580982762,1.0002565808949655,1.186338422444426,1.0000394453204269,1.044665284822479,0.3333328979722623,0.9838591860296272,0.7500965606764758,1.3529120537456203,0.8493735326902911,1.00033995882866,0.2823101738713379,0.469066379600821
472335.0,2588385.0,0.3333324626123284,1.0399551336347244,0.9292850742314346,1.0118405566155853,0.6537459580982762,1.0002565808949655,0.8093391753830542,1.0000394453204269,1.044665284822479,2.666670149564333,0.9838591860296272,0.7500965606764758,1.3529120537456203,0.8493735326902911,1.00033995882866,0.2823101738713379,0.469066379600821
473535.0,2588385.0,0.3333324626123284,1.0399551336347244,0.9292850742314346,1.0118405566155853,0.6537459580982762,1.0002565808949655,0.8093391753830542,1.0000394453204269,1.044665284822479,1.9999973878335735,3.173995232666598,1.198102807372512,1.3529120537456203,0.8493735326902911,1.00033995882866,0.2823101738713379,0.469066379600821
474735.0,2588385.0,0.3333324626123284,1.0399551336347244,0.9292850742314346,1.0118405566155853,0.6537459580982762,1.0002565808949655,0.8093391753830542,1.0000394453204269,1.044665284822479,1.9999973878335735,0.0,1.198102807372512,1.3529120537456203,0.8493735326902911,1.00033995882866,0.2823101738713379,0.469066379600821
475935.0,2588385.0,0.3333324626123284,1.0399551336347244,0.8052262877203168,1.0118405566155853,0.6537459580982762,1.0002565808949655,0.8093391753830542,1.0000394453204269,1.044665284822479,1.9999973878335735,0.0,0.7500965606764758,1.3529120537456203,0.8493735326902911,1.00033995882866,0.2823101738713379,0.469066379600821
477135.0,2588385.0,0.3333324626123284,1.0399551336347244,0.9292850742314346,1.0118405566155853,0.1811219408570024,1.0002565808949655,0.8093391753830542,1.0000394453204269,1.044665284822479,2.666670149564333,1.0253001657841805,1.198102807372512,0.7503490707331599,3.643673812226212,1.00033995882866,0.2823101738713379,0.469066379600821
478335.0,2588385.0,0.3333324626123284,1.0399551336347244,1.41919570500929,1.0118405566155853,0.7386828595768657,1.0002565808949655,1.186338422444426,1.0000394453204269,1.044665284822479,1.9999973878335735,1.0253001657841805,0.7500965606764758,0.7503490707331599,0.8493735326902911,1.00033995882866,0.2823101738713379,0.469066379600821
479535.0,2588385.0,2.6666666666666665,1.0399551336347244,0.8052262877203168,1.0118405566155853,3.1494459396812817,1.0002565808949655,1.186338422444426,1.0000394453204269,1.044665284822479,2.666670149564333,0.0,0.0,0.0,0.8493735326902911,1.00033995882866,0.2823101738713379,0.469066379600821
480735.0,2588385.0,2.6666666666666665,1.0399551336347244,0.9292850742314346,1.0118405566155853,0.6537459580982762,1.0002565808949655,1.186338422444426,1.0000394453204269,1.044665284822479,2.666670149564333,3.173995232666598,1.198102807372512,1.3529120537456203,0.8493735326902911,1.00033995882866,0.2823101738713379,0.469066379600821
466335.0,2587185.0,0.3333324626123284,1.0399551336347244,0.8052262877203168,1.0118405566155853,0.6537459580982762,1.0002565808949655,0.8093391753830542,1.0000394453204269,0.8359572766454578,0.0,0.9838591860296272,0.7500965606764758,1.3529120537456203,0.8493735326902911,1.00033995882866,0.2823101738713379,0.469066379600821
467535.0,2587185.0,0.3333324626123284,1.0399551336347244,1.41919570500929,1.0118405566155853,3.1494459396812817,1.0002565808949655,1.186338422444426,1.0000394453204269,1.044665284822479,0.0,0.9838591860296272,0.7500965606764758,0.7503490707331599,0.8493735326902911,1.00033995882866,0.2823101738713379,0.469066379600821
468735.0,2587185.0,0.3333324626123284,1.0399551336347244,0.8052262877203168,1.0118405566155853,3.1494459396812817,1.0002565808949655,0.8093391753830542,1.0000394453204269,1.044665284822479,0.3333328979722623,0.9838591860296272,1.198102807372512,1.3529120537456203,3.643673812226212,1.00033995882866,0.2823101738713379,0.469066379600821
469935.0,2587185.0,0.3333324626123284,1.0399551336347244,0.9292850742314346,1.0118405566155853,0.1811219408570024,1.0002565808949655,1.186338422444426,1.0000394453204269,1.044665284822479,0.0,0.9838591860296272,0.7500965606764758,1.3529120537456203,0.8493735326902911,1.00033995882866,0.2823101738713379,0.469066379600821
471135.0,2587185.0,0.3333324626123284,1.0399551336347244,0.9292850742314346,1.0118405566155853,0.1811219408570024,1.0002565808949655,0.8093391753830542,1.0000394453204269,1.044665284822479,0.0,0.9838591860296272,1.198102807372512,0.7503490707331599,3.643673812226212,1.00033995882866,0.2823101738713379,0.469066379600821
472335.0,2587185.0,0.3333324626123284,1.0399551336347244,0.9292850742314346,1.0118405566155853,0.1811219408570024,1.0002565808949655,1.186338422444426,1.0000394453204269,1.044665284822479,0.0,0.9838591860296272,0.7500965606764758,1.3529120537456203,0.8493735326902911,1.00033995882866,0.2823101738713379,0.469066379600821
473535.0,2587185.0,0.3333324626123284,1.0399551336347244,1.41919570500929,1.0118405566155853,0.6537459580982762,1.0002565808949655,0.8093391753830542,1.0000394453204269,1.044665284822479,2.666670149564333,3.173995232666598,1.7444769311303143,1.3529120537456203,0.8493735326902911,1.00033995882866,0.2823101738713379,0.469066379600821
474735.0,2587185.0,0.3333324626123284,1.0399551336347244,0.9292850742314346,1.0118405566155853,0.7386828595768657,1.0002565808949655,0.8093391753830542,1.0000394453204269,1.044665284822479,2.666670149564333,0.0,0.7500965606764758,1.3529120537456203,0.8493735326902911,1.00033995882866,0.2823101738713379,0.469066379600821
475935.0,2587185.0,0.3333324626123284,1.0399551336347244,0.9292850742314346,1.0118405566155853,3.1494459396812817,1.0002565808949655,1.186338422444426,1.0000394453204269,1.044665284822479,2.666670149564333,0.0,0.7500965606764758,1.3529120537456203,0.8493735326902911,1.00033995882866,0.2823101738713379,0.469066379600821
477135.0,2587185.0,0.3333324626123284,1.0399551336347244,1.41919570500929,1.0118405566155853,0.1811219408570024,1.0002565808949655,0.8093391753830542,1.0000394453204269,1.044665284822479,2.666670149564333,1.0253001657841805,0.0,1.3529120537456203,0.8493735326902911,1.00033995882866,0.2823101738713379,0.469066379600821
478335.0,2587185.0,0.3333324626123284,1.0399551336347244,0.8052262877203168,1.0118405566155853,0.1811219408570024,1.0002565808949655,0.8093391753830542,1.0000394453204269,1.044665284822479,2.666670149564333,1.0253001657841805,1.2466998513365868,1.3529120537456203,3.643673812226212,1.00033995882866,0.2823101738713379,0.469066379600821
479535.0,2587185.0,2.6666666666666665,1.0399551336347244,0.9292850742314346,1.0118405566155853,0.6537459580982762,1.0002565808949655,0.8093391753830542,1.0000394453204269,1.044665284822479,1.9999973878335735,0.0,1.198102807372512,0.7503490707331599,3.643673812226212,1.00033995882866,0.2823101738713379,0.469066379600821
480735.0,2587185.0,2.6666666666666665,1.0399551336347244,0.9292850742314346,1.0118405566155853,3.1494459396812817,1.0002565808949655,1.186338422444426,1.0000394453204269,1.044665284822479,2.666670149564333,3.173995232666598,0.7500965606764758,1.3529120537456203,0.8493735326902911,1.00033995882866,0.2823101738713379,0.469066379600821
467535.0,2585985.0,0.3333324626123284,1.0399551336347244,0.9292850742314346,1.0118405566155853,3.1494459396812817,1.0002565808949655,1.186338422444426,1.0000394453204269,0.8359572766454578,0.0,0.9838591860296272,0.7500965606764758,1.3529120537456203,0.8493735326902911,1.00033995882866,0.2823101738713379,0.469066379600821
468735.0,2585985.0,0.3333324626123284,1.0399551336347244,0.9292850742314346,1.0118405566155853,3.1494459396812817,1.0002565808949655,0.8093391753830542,1.0000394453204269,1.044665284822479,0.3333328979722623,0.9838591860296272,0.7500965606764758,1.3529120537456203,0.8493735326902911,1.00033995882866,0.2823101738713379,0.469066379600821
469935.0,2585985.0,0.3333324626123284,1.0399551336347244,0.9292850742314346,1.0118405566155853,0.6537459580982762,1.0002565808949655,1.186338422444426,1.0000394453204269,1.044665284822479,0.0,0.9838591860296272,1.198102807372512,0.7503490707331599,0.8493735326902911,1.00033995882866,0.2823101738713379,0.469066379600821
471135.0,2585985.0,0.3333324626123284,1.0399551336347244,1.41919570500929,1.0118405566155853,0.1811219408570024,1.0002565808949655,1.186338422444426,1.0000394453204269,1.044665284822479,0.0,0.9838591860296272,0.7500965606764758,0.7503490707331599,0.8493735326902911,1.00033995882866,0.2823101738713379,0.469066379600821
472335.0,2585985.0,0.3333324626123284,1.0399551336347244,0.9292850742314346,1.0118405566155853,0.6537459580982762,1.0002565808949655,1.186338422444426,1.0000394453204269,1.044665284822479,0.3333328979722623,0.9838591860296272,1.198102807372512,0.7503490707331599,0.8493735326902911,1.00033995882866,0.2823101738713379,0.469066379600821
473535.0,2585985.0,0.3333324626123284,1.0399551336347244,0.9292850742314346,1.0118405566155853,3.1494459396812817,1.0002565808949655,0.8093391753830542,1.0000394453204269,1.044665284822479,2.666670149564333,3.173995232666598,1.7444769311303143,1.3529120537456203,0.8493735326902911,1.00033995882866,0.2823101738713379,0.469066379600821
474735.0,2585985.0,0.3333324626123284,1.0399551336347244,0.8052262877203168,1.0118405566155853,0.7386828595768657,1.0002565808949655,0.8093391753830542,1.0000394453204269,1.044665284822479,2.666670149564333,0.0,1.2466998513365868,1.3529120537456203,0.0,1.00033995882866,0.2823101738713379,0.469066379600821
475935.0,2585985.0,0.3333324626123284,1.0399551336347244,1.41919570500929,1.0118405566155853,0.1811219408570024,1.0002565808949655,1.186338422444426,1.0000394453204269,1.044665284822479,0.3333328979722623,0.0,0.7500965606764758,1.3529120537456203,0.8493735326902911,1.00033995882866,0.2823101738713379,0.469066379600821
477135.0,2585985.0,0.3333324626123284,1.0399551336347244,0.8052262877203168,1.0118405566155853,0.1811219408570024,1.0002565808949655,0.8093391753830542,1.0000394453204269,1.044665284822479,2.666670149564333,1.0253001657841805,1.198102807372512,1.3529120537456203,0.0,1.00033995882866,0.2823101738713379,0.469066379600821
478335.0,2585985.0,0.3333324626123284,1.0399551336347244,0.8052262877203168,1.0118405566155853,0.6537459580982762,1.0002565808949655,0.8093391753830542,1.0000394453204269,1.044665284822479,2.666670149564333,1.0253001657841805,1.2466998513365868,0.0,0.8493735326902911,1.00033995882866,1.8953159656210397,0.469066379600821
479535.0,2585985.0,0.3333324626123284,1.0399551336347244,0.8052262877203168,1.0118405566155853,0.1811219408570024,1.0002565808949655,0.8093391753830542,1.0000394453204269,1.044665284822479,2.666670149564333,0.0,0.7500965606764758,1.3529120537456203,0.8493735326902911,1.00033995882866,0.2823101738713379,0.469066379600821
480735.0,2585985.0,2.6666666666666665,1.0399551336347244,0.8052262877203168,1.0118405566155853,0.1811219408570024,1.0002565808949655,1.186338422444426,1.0000394453204269,1.044665284822479,2.666670149564333,3.173995232666598,1.198102807372512,0.7503490707331599,3.643673812226212,1.00033995882866,0.2823101738713379,0.469066379600821
467535.0,2584785.0,0.3333324626123284,1.0399551336347244,0.8052262877203168,1.0118405566155853,0.6537459580982762,1.0002565808949655,0.8093391753830542,1.0000394453204269,0.8359572766454578,0.0,0.9838591860296272,1.2466998513365868,1.3529120537456203,0.0,1.00033995882866,0.2823101738713379,0.469066379600821
468735.0,2584785.0,0.3333324626123284,1.0399551336347244,0.9292850742314346,1.0118405566155853,0.1811219408570024,1.0002565808949655,0.8093391753830542,1.0000394453204269,1.044665284822479,0.0,0.9838591860296272,0.7500965606764758,1.3529120537456203,0.8493735326902911,1.00033995882866,0.2823101738713379,0.469066379600821
469935.0,2584785.0,0.3333324626123284,1.0399551336347244,0.8052262877203168,1.0118405566155853,3.1494459396812817,1.0002565808949655,0.8093391753830542,1.0000394453204269,1.044665284822479,0.0,0.9838591860296272,1.2466998513365868,1.3529120537456203,0.0,1.00033995882866,0.2823101738713379,0.469066379600821
471135.0,2584785.0,0.3333324626123284,1.0399551336347244,0.9292850742314346,1.0118405566155853,0.1811219408570024,1.0002565808949655,0.8093391753830542,1.0000394453204269,1.044665284822479,0.0,0.9838591860296272,1.198102807372512,0.7503490707331599,0.8493735326902911,1.00033995882866,0.2823101738713379,0.469066379600821
472335.0,2584785.0,0.3333324626123284,1.0399551336347244,1.41919570500929,1.0118405566155853,0.1811219408570024,1.0002565808949655,1.186338422444426,1.0000394453204269,1.044665284822479,0.3333328979722623,0.9838591860296272,1.7444769311303143,1.3529120537456203,0.8493735326902911,1.00033995882866,0.2823101738713379,0.469066379600821
473535.0,2584785.0,0.3333324626123284,1.0399551336347244,0.8052262877203168,1.0118405566155853,0.1811219408570024,1.0002565808949655,1.186338422444426,1.0000394453204269,1.044665284822479,0.3333328979722623,0.9838591860296272,0.0,0.0,0.8493735326902911,1.00033995882866,0.2823101738713379,0.469066379600821
474735.0,2584785.0,0.3333324626123284,1.0399551336347244,0.8052262877203168,1.0118405566155853,3.1494459396812817,1.0002565808949655,1.186338422444426,1.0000394453204269,1.044665284822479,2.666670149564333,0.0,1.2466998513365868,1.3529120537456203,0.0,1.00033995882866,0.2823101738713379,0.469066379600821
475935.0,2584785.0,0.3333324626123284,1.0399551336347244,1.41919570500929,1.0118405566155853,3.1494459396812817,1.0002565808949655,0.8093391753830542,1.0000394453204269,1.044665284822479,1.9999973878335735,0.0,0.7500965606764758,1.3529120537456203,0.8493735326902911,1.00033995882866,0.2823101738713379,0.469066379600821
477135.0,2584785.0,0.3333324626123284,1.0399551336347244,0.9292850742314346,1.0118405566155853,0.7386828595768657,1.0002565808949655,0.8093391753830542,1.0000394453204269,1.044665284822479,1.9999973878335735,1.0253001657841805,1.198102807372512,0.7503490707331599,0.8493735326902911,1.00033995882866,0.2823101738713379,0.469066379600821
478335.0,2584785.0,0.3333324626123284,1.0399551336347244,0.8052262877203168,1.0118405566155853,0.6537459580982762,1.0002565808949655,1.186338422444426,1.0000394453204269,1.044665284822479,2.666670149564333,1.0253001657841805,1.198102807372512,1.3529120537456203,0.8493735326902911,1.00033995882866,0.2823101738713379,0.469066379600821
479535.0,2584785.0,0.3333324626123284,1.0399551336347244,0.9292850742314346,1.0118405566155853,0.6537459580982762,1.0002565808949655,1.186338422444426,1.0000394453204269,1.044665284822479,2.666670149564333,0.0,1.198102807372512,0.7503490707331599,0.8493735326902911,1.00033995882866,0.2823101738713379,0.469066379600821
480735.0,2584785.0,2.6666666666666665,1.0399551336347244,0.8052262877203168,1.0118405566155853,0.7386828595768657,1.0002565808949655,0.8093391753830542,1.0000394453204269,1.044665284822479,2.666670149564333,3.173995232666598,1.198102807372512,0.7503490707331599,3.643673812226212,1.00033995882866,0.2823101738713379,0.469066379600821
481935.0,2584785.0,2.6666666666666665,1.0399551336347244,0.9292850742314346,1.0118405566155853,0.6537459580982762,1.0002565808949655,0.8093391753830542,1.0000394453204269,1.044665284822479,0.3333328979722623,0.9838591860296272,0.7500965606764758,1.3529120537456203,0.8493735326902911,1.00033995882866,0.2823101738713379,0.469066379600821
468735.0,2583585.0,0.3333324626123284,1.0399551336347244,0.8052262877203168,1.0118405566155853,0.1811219408570024,1.0002565808949655,1.186338422444426,1.0000394453204269,1.044665284822479,0.3333328979722623,0.9838591860296272,0.7500965606764758,1.3529120537456203,0.8493735326902911,1.00033995882866,0.2823101738713379,0.469066379600821
469935.0,2583585.0,0.3333324626123284,1.0399551336347244,0.8052262877203168,1.0118405566155853,3.1494459396812817,1.0002565808949655,0.8093391753830542,1.0000394453204269,1.044665284822479,0.3333328979722623,0.9838591860296272,1.198102807372512,1.3529120537456203,3.643673812226212,1.00033995882866,0.2823101738713379,0.469066379600821
471135.0,2583585.0,0.3333324626123284,1.0399551336347244,0.9292850742314346,1.0118405566155853,0.1811219408570024,1.0002565808949655,1.186338422444426,1.0000394453204269,1.044665284822479,0.0,0.9838591860296272,0.7500965606764758,1.3529120537456203,0.8493735326902911,1.00033995882866,0.2823101738713379,0.469066379600821
472335.0,2583585.0,0.3333324626123284,1.0399551336347244,0.8052262877203168,1.0118405566155853,0.6537459580982762,1.0002565808949655,1.186338422444426,1.0000394453204269,1.044665284822479,0.0,0.9838591860296272,0.7500965606764758,0.0,0.8493735326902911,1.00033995882866,0.2823101738713379,0.469066379600821
473535.0,2583585.0,0.3333324626123284,1.0399551336347244,0.8052262877203168,1.0118405566155853,3.1494459396812817,1.0002565808949655,1.186338422444426,1.0000394453204269,1.044665284822479,0.3333328979722623,0.9838591860296272,0.7500965606764758,1.3529120537456203,0.8493735326902911,1.00033995882866,0.2823101738713379,0.469066379600821
474735.0,2583585.0,0.3333324626123284,1.0399551336347244,0.9292850742314346,1.0118405566155853,0.1811219408570024,1.0002565808949655,1.186338422444426,1.0000394453204269,1.044665284822479,0.3333328979722623,0.0,0.7500965606764758,1.3529120537456203,0.8493735326902911,1.00033995882866,0.2823101738713379,0.469066379600821
475935.0,2583585.0,0.3333324626123284,1.0399551336347244,1.41919570500929,1.0118405566155853,0.6537459580982762,1.0002565808949655,0.8093391753830542,1.0000394453204269,1.044665284822479,0.3333328979722623,0.0,0.7500965606764758,0.7503490707331599,0.8493735326902911,1.00033995882866,0.2823101738713379,0.469066379600821
477135.0,2583585.0,0.3333324626123284,1.0399551336347244,0.9292850742314346,1.0118405566155853,0.6537459580982762,1.0002565808949655,1.186338422444426,1.0000394453204269,1.044665284822479,1.9999973878335735,1.0253001657841805,0.0,0.0,0.8493735326902911,1.00033995882866,0.2823101738713379,0.469066379600821
478335.0,2583585.0,0.3333324626123284,1.0399551336347244,0.8052262877203168,1.0118405566155853,3.1494459396812817,1.0002565808949655,1.186338422444426,1.0000394453204269,1.044665284822479,1.9999973878335735,1.0253001657841805,1.198102807372512,1.3529120537456203,3.643673812226212,1.00033995882866,0.2823101738713379,0.469066379600821
479535.0,2583585.0,0.3333324626123284,1.0399551336347244,1.41919570500929,1.0118405566155853,0.1811219408570024,1.0002565808949655,1.186338422444426,1.0000394453204269,1.044665284822479,2.666670149564333,0.0,1.7444769311303143,1.3529120537456203,0.8493735326902911,1.00033995882866,0.2823101738713379,0.469066379600821
480735.0,2583585.0,2.6666666666666665,1.0399551336347244,0.9292850742314346,1.0118405566155853,0.1811219408570024,1.0002565808949655,1.186338422444426,1.0000394453204269,1.044665284822479,0.3333328979722623,3.173995232666598,0.7500965606764758,1.3529120537456203,0.8493735326902911,1.00033995882866,0.2823101738713379,0.469066379600821
481935.0,2583585.0,2.6666666666666665,1.0399551336347244,0.8052262877203168,1.0118405566155853,0.6537459580982762,1.0002565808949655,1.186338422444426,1.0000394453204269,1.044665284822479,0.3333328979722623,0.9838591860296272,1.198102807372512,1.3529120537456203,0.8493735326902911,1.00033995882866,0.2823101738713379,0.469066379600821
468735.0,2582385.0,0.3333324626123284,1.0399551336347244,0.9292850742314346,1.0118405566155853,0.1811219408570024,1.0002565808949655,1.186338422444426,1.0000394453204269,1.044665284822479,0.0,0.9838591860296272,1.7444769311303143,1.3529120537456203,0.8493735326902911,1.00033995882866,0.2823101738713379,0.469066379600821
469935.0,2582385.0,0.3333324626123284,1.0399551336347244,0.9292850742314346,1.0118405566155853,0.7386828595768657,1.0002565808949655,0.8093391753830542,1.0000394453204269,1.044665284822479,0.0,0.9838591860296272,1.198102807372512,0.7503490707331599,0.8493735326902911,1.00033995882866,0.2823101738713379,0.469066379600821
473535.0,2582385.0,0.3333324626123284,1.0399551336347244,1.41919570500929,1.0118405566155853,0.6537459580982762,1.0002565808949655,0.8093391753830542,1.0000394453204269,1.044665284822479,0.0,0.9838591860296272,1.7444769311303143,1.3529120537456203,0.8493735326902911,1.00033995882866,0.2823101738713379,0.469066379600821
474735.0,2582385.0,0.3333324626123284,1.0399551336347244,0.9292850742314346,1.0118405566155853,0.6537459580982762,1.0002565808949655,0.8093391753830542,1.0000394453204269,1.044665284822479,0.0,0.0,0.7500965606764758,1.3529120537456203,0.8493735326902911,1.00033995882866,0.2823101738713379,0.469066379600821
475935.0,2582385.0,0.3333324626123284,1.0399551336347244,1.41919570500929,1.0118405566155853,0.6537459580982762,1.0002565808949655,1.186338422444426,1.0000394453204269,1.044665284822479,0.0,0.0,1.7444769311303143,1.3529120537456203,0.8493735326902911,1.00033995882866,0.2823101738713379,0.469066379600821
477135.0,2582385.0,0.3333324626123284,1.0399551336347244,1.41919570500929,1.0118405566155853,0.1811219408570024,1.0002565808949655,0.8093391753830542,1.0000394453204269,1.044665284822479,0.3333328979722623,1.0253001657841805,0.7500965606764758,1.3529120537456203,0.8493735326902911,1.00033995882866,0.2823101738713379,0.469066379600821
478335.0,2582385.0,0.3333324626123284,1.0399551336347244,1.41919570500929,1.0118405566155853,0.7386828595768657,1.0002565808949655,0.8093391753830542,1.0000394453204269,1.044665284822479,1.9999973878335735,1.0253001657841805,0.7500965606764758,0.7503490707331599,0.8493735326902911,1.00033995882866,0.2823101738713379,0.469066379600821
479535.0,2582385.0,0.3333324626123284,1.0399551336347244,0.9292850742314346,1.0118405566155853,0.7386828595768657,1.0002565808949655,1.186338422444426,1.0000394453204269,1.044665284822479,1.9999973878335735,0.0,1.7444769311303143,1.3529120537456203,0.8493735326902911,1.00033995882866,0.2823101738713379,0.469066379600821
480735.0,2582385.0,0.3333324626123284,1.0399551336347244,0.9292850742314346,1.0118405566155853,0.6537459580982762,1.0002565808949655,1.186338422444426,1.0000394453204269,1.044665284822479,2.666670149564333,3.173995232666598,1.7444769311303143,1.3529120537456203,0.8493735326902911,1.00033995882866,0.2823101738713379,0.469066379600821
481935.0,2582385.0,2.6666666666666665,1.0399551336347244,1.41919570500929,1.0118405566155853,0.6537459580982762,1.0002565808949655,0.8093391753830542,1.0000394453204269,1.044665284822479,2.666670149564333,0.9838591860296272,0.7500965606764758,0.7503490707331599,0.8493735326902911,1.00033995882866,0.2823101738713379,0.469066379600821
483135.0,2582385.0,2.6666666666666665,1.0399551336347244,0.8052262877203168,1.0118405566155853,0.1811219408570024,1.0002565808949655,0.8093391753830542,1.0000394453204269,1.044665284822479,0.3333328979722623,0.9838591860296272,0.7500965606764758,0.0,0.8493735326902911,1.00033995882866,0.2823101738713379,0.469066379600821
468735.0,2581185.0,0.3333324626123284,1.0399551336347244,1.41919570500929,1.0118405566155853,0.6537459580982762,1.0002565808949655,1.186338422444426,1.0000394453204269,1.044665284822479,0.0,0.9838591860296272,1.7444769311303143,0.7503490707331599,0.8493735326902911,1.00033995882866,0.2823101738713379,0.469066379600821
469935.0,2581185.0,0.3333324626123284,1.0399551336347244,1.41919570500929,1.0118405566155853,0.0,1.0002565808949655,1.186338422444426,1.0000394453204269,1.044665284822479,0.3333328979722623,0.9838591860296272,0.7500965606764758,0.7503490707331599,0.8493735326902911,1.00033995882866,0.2823101738713379,0.469066379600821
475935.0,2581185.0,0.3333324626123284,1.0399551336347244,1.41919570500929,1.0118405566155853,0.1811219408570024,1.0002565808949655,0.8093391753830542,1.0000394453204269,1.044665284822479,0.0,0.0,1.7444769311303143,1.3529120537456203,0.8493735326902911,1.00033995882866,0.2823101738713379,0.469066379600821
477135.0,2581185.0,0.3333324626123284,1.0399551336347244,1.41919570500929,1.0118405566155853,3.1494459396812817,1.0002565808949655,0.8093391753830542,1.0000394453204269,1.044665284822479,0.0,1.0253001657841805,0.7500965606764758,0.7503490707331599,0.8493735326902911,1.00033995882866,0.2823101738713379,0.469066379600821
478335.0,2581185.0,0.3333324626123284,1.0399551336347244,1.41919570500929,1.0118405566155853,0.1811219408570024,1.0002565808949655,0.8093391753830542,1.0000394453204269,1.044665284822479,0.3333328979722623,1.0253001657841805,0.7500965606764758,0.7503490707331599,0.8493735326902911,1.00033995882866,0.2823101738713379,0.469066379600821
479535.0,2581185.0,0.3333324626123284,1.0399551336347244,1.41919570500929,1.0118405566155853,0.7386828595768657,1.0002565808949655,1.186338422444426,1.0000394453204269,1.044665284822479,1.9999973878335735,0.0,0.7500965606764758,0.7503490707331599,0.8493735326902911,1.00033995882866,0.2823101738713379,0.469066379600821
480735.0,2581185.0,0.3333324626123284,1.0399551336347244,0.8052262877203168,1.0118405566155853,0.7386828595768657,1.0002565808949655,0.8093391753830542,1.0000394453204269,1.044665284822479,1.9999973878335735,3.173995232666598,1.2466998513365868,1.3529120537456203,0.0,1.00033995882866,0.2823101738713379,0.469066379600821
481935.0,2581185.0,2.6666666666666665,1.0399551336347244,0.8052262877203168,1.0118405566155853,3.1494459396812817,1.0002565808949655,0.8093391753830542,1.0000394453204269,1.044665284822479,2.666670149564333,0.9838591860296272,1.198102807372512,0.7503490707331599,3.643673812226212,1.00033995882866,0.2823101738713379,0.469066379600821
468735.0,2579985.0,0.3333324626123284,1.0399551336347244,0.9292850742314346,1.0118405566155853,0.1811219408570024,1.0002565808949655,1.186338422444426,1.0000394453204269,1.044665284822479,0.0,0.9838591860296272,0.7500965606764758,1.3529120537456203,0.8493735326902911,1.00033995882866,0.2823101738713379,0.469066379600821
469935.0,2579985.0,0.3333324626123284,1.0399551336347244,1.41919570500929,1.0118405566155853,0.7386828595768657,1.0002565808949655,1.186338422444426,1.0000394453204269,1.044665284822479,0.0,0.9838591860296272,0.7500965606764758,0.7503490707331599,0.8493735326902911,1.00033995882866,0.2823101738713379,0.469066379600821
477135.0,2579985.0,0.3333324626123284,1.0399551336347244,0.8052262877203168,1.0118405566155853,0.6537459580982762,1.0002565808949655,1.186338422444426,1.0000394453204269,1.044665284822479,0.0,1.0253001657841805,1.2466998513365868,1.3529120537456203,0.0,1.00033995882866,0.2823101738713379,0.469066379600821
478335.0,2579985.0,0.3333324626123284,1.0399551336347244,1.41919570500929,1.0118405566155853,0.6537459580982762,1.0002565808949655,1.186338422444426,1.0000394453204269,1.044665284822479,0.0,1.0253001657841805,0.7500965606764758,1.3529120537456203,0.8493735326902911,1.00033995882866,0.2823101738713379,0.469066379600821
479535.0,2579985.0,0.3333324626123284,1.0399551336347244,0.8052262877203168,1.0118405566155853,0.6537459580982762,1.0002565808949655,1.186338422444426,1.0000394453204269,1.044665284822479,0.3333328979722623,0.0,0.7500965606764758,1.3529120537456203,0.8493735326902911,1.00033995882866,0.2823101738713379,0.469066379600821
480735.0,2579985.0,0.3333324626123284,1.0399551336347244,1.41919570500929,1.0118405566155853,0.1811219408570024,1.0002565808949655,1.186338422444426,1.0000394453204269,1.044665284822479,0.3333328979722623,3.173995232666598,0.0,1.3529120537456203,0.8493735326902911,1.00033995882866,1.8953159656210397,0.469066379600821
481935.0,2579985.0,0.3333324626123284,1.0399551336347244,0.9292850742314346,1.0118405566155853,0.1811219408570024,1.0002565808949655,0.8093391753830542,1.0000394453204269,1.044665284822479,2.666670149564333,0.9838591860296272,0.7500965606764758,1.3529120537456203,0.8493735326902911,1.00033995882866,0.2823101738713379,0.469066379600821
468735.0,2578785.0,0.3333324626123284,1.0399551336347244,0.8052262877203168,1.0118405566155853,3.1494459396812817,1.0002565808949655,0.8093391753830542,1.0000394453204269,1.044665284822479,0.0,0.9838591860296272,1.2466998513365868,1.3529120537456203,0.0,1.00033995882866,0.2823101738713379,0.469066379600821
469935.0,2578785.0,0.3333324626123284,1.0399551336347244,0.9292850742314346,1.0118405566155853,0.1811219408570024,1.0002565808949655,1.186338422444426,1.0000394453204269,1.044665284822479,0.0,0.9838591860296272,1.198102807372512,0.7503490707331599,0.8493735326902911,1.00033995882866,0.2823101738713379,0.469066379600821
